striker,inn,runs,balls_faced,outs,avg,SR,Curr_Tm,50s/100s,HS
Urvil Patel,31,1600,965,25,64.0,165.8,MI,16/0,97 (52)
GJ Maxwell,35,1562,793,33,47.33,196.97,DC,13/1,143* (64)
Shubman Gill,34,1523,802,32,47.59,189.9,LSG,11/3,119* (58)
Tilak Varma,33,1443,851,31,46.55,169.57,CSK,9/3,113 (57)
S Dube,31,1397,859,24,58.21,162.63,RR,14/0,87* (56)
P Simran Singh,35,1396,872,31,45.03,160.09,SRH,12/1,100 (58)
KL Rahul,34,1365,800,27,50.56,170.62,SRH,10/2,104* (54)
N Sindhu,35,1356,698,24,56.5,194.27,DC,10/1,105* (49)
Ishan Kishan,35,1347,819,32,42.09,164.47,KKR,9/3,116 (61)
Naman Dhir,34,1313,749,30,43.77,175.3,GT,13/0,97* (43)
Kartik Sharma,36,1258,661,28,44.93,190.32,SRH,10/1,128* (50)
CH Gayle,32,1218,670,28,43.5,181.79,RCB,7/3,121* (61)
SV Samson,35,1211,726,34,35.62,166.8,GT,8/0,99* (58)
V Suryavanshi,31,1187,691,29,40.93,171.78,PBKS,7/1,109* (55)
Aniket Verma,30,1179,622,28,42.11,189.55,RR,7/1,110 (49)
JP Inglis,34,1133,649,33,34.33,174.58,GT,8/1,109* (52)
SA Yadav,30,1107,615,27,41.0,180.0,DC,8/2,114* (61)
Abishek Porel,33,1062,672,25,42.48,158.04,LSG,8/0,84* (45)
Abhishek Sharma,32,1053,616,29,36.31,170.94,MI,10/0,81 (49)
Priyansh Arya,25,932,523,24,38.83,178.2,RCB,6/0,96 (56)
Tarang Gohel,32,920,506,27,34.07,181.82,DC,3/2,117 (52)
C Green,33,902,604,28,32.21,149.34,KKR,7/0,66* (47)
VR Iyer,33,897,440,16,56.06,203.86,SRH,6/0,75* (32)
KK Nair,28,869,496,22,39.5,175.2,CSK,5/0,89* (44)
Abhishek Pathak,23,823,447,17,48.41,184.12,RCB,6/1,112* (53)
Tushar Raheja,24,737,372,24,30.71,198.12,KKR,3/0,72 (32)
TL Seifert,22,736,455,22,33.45,161.76,PBKS,7/0,89 (49)
RM Patidar,27,702,423,20,35.1,165.96,RCB,2/1,104* (39)
R Parag,26,689,402,21,32.81,171.39,GT,3/0,78 (46)
HH Pandya,29,687,347,15,45.8,197.98,LSG,3/0,62* (32)
V Nigam,30,684,355,15,45.6,192.68,GT,1/0,62* (30)
FH Allen,20,683,449,20,34.15,152.12,SRH,6/0,89 (58)
Atharva Taide,17,678,449,16,42.38,151.0,RCB,5/0,81 (49)
Vansh Bedi,29,671,358,23,29.17,187.43,PBKS,4/0,80 (34)
YBK Jaiswal,32,664,323,26,25.54,205.57,RR,3/0,68 (41)
Shashank Singh,29,655,408,16,40.94,160.54,PBKS,2/0,63* (32)
Sameer Rizvi,33,636,322,25,25.44,197.52,LSG,2/0,90* (40)
SU Parakh,21,635,416,21,30.24,152.64,SRH,5/0,67 (39)
PWH de Silva,28,633,310,20,31.65,204.19,RCB,4/0,80* (36)
WL Madsen,20,631,405,18,35.06,155.8,MI,4/0,63 (46)
MR Marsh,23,621,385,17,36.53,161.3,KKR,2/0,67* (42)
RD Gaikwad,29,620,383,27,22.96,161.88,CSK,2/0,76 (59)
GD Phillips,26,616,328,18,34.22,187.8,RR,2/0,59* (29)
D Brevis,20,606,378,12,50.5,160.32,GT,4/0,84* (38)
JM Sharma,31,585,339,22,26.59,172.57,RCB,0/0,48* (29)
PD Salt,22,581,397,21,27.67,146.35,PBKS,4/1,105* (63)
Tanush Kotian,28,530,262,19,27.89,202.29,CSK,1/0,54 (30)
WG Jacks,24,523,375,21,24.9,139.47,RR,2/0,95* (49)
T Stubbs,24,520,369,17,30.59,140.92,CSK,3/0,82* (52)
DR Mousley,19,518,344,16,32.38,150.58,LSG,2/0,98* (60)
TM Head,12,507,333,11,46.09,152.25,KKR,4/0,83 (62)
Ajay Rohera,16,501,293,15,33.4,170.99,LSG,4/0,72 (39)
KA Pollard,18,492,308,13,37.85,159.74,RR,5/0,71 (46)
S Arora,21,481,257,18,26.72,187.16,KKR,2/0,94 (49)
Jay Gohil,20,481,224,10,48.1,214.73,MI,2/0,75* (36)
PHKD Mendis,19,475,299,15,31.67,158.86,PBKS,2/0,73 (46)
R Smaran,17,437,291,16,27.31,150.17,RR,2/0,86 (43)
H Klaasen,15,435,287,15,29.0,151.57,,3/0,67 (46)
SS Iyer,21,416,270,18,23.11,154.07,KKR,3/0,59 (40)
JC Buttler,20,415,229,13,31.92,181.22,DC,1/1,107* (39)
V Kohli,24,398,302,23,17.3,131.79,LSG,1/0,76 (49)
Rohan Kunnummal,14,394,238,13,30.31,165.55,MI,3/0,85* (52)
RD Rickelton,19,393,280,19,20.68,140.36,RR,3/0,72 (47)
AD Russell,21,392,217,10,39.2,180.65,DC,0/0,49* (19)
B Sai Sudharsan,14,367,251,12,30.58,146.22,MI,3/0,81* (49)
RG Sharma,19,365,217,17,21.47,168.2,KKR,2/0,62 (43)
SP Narine,15,310,200,12,25.83,155.0,SRH,0/0,46 (23)
J Fraser-McGurk,15,308,150,15,20.53,205.33,DC,3/0,67 (23)
N Rana,11,282,201,9,31.33,140.3,GT,2/0,75* (36)
MJ Owen,12,277,203,10,27.7,136.45,MI,1/1,105* (65)
Akshat Raghuwanshi,8,265,158,6,44.17,167.72,MI,1/1,115* (62)
BM Duckett,8,245,156,8,30.62,157.05,SRH,2/0,91 (50)
Chirag Jani,17,233,136,11,21.18,171.32,RCB,1/0,57* (24)
Ritik Vats,11,233,136,9,25.89,171.32,DC,1/0,71* (39)
N Pooran,15,229,133,15,15.27,172.18,MI,0/0,40 (15)
TP Ura,12,220,130,11,20.0,169.23,PBKS,1/0,67 (32)
BJ McMullen,10,216,148,10,21.6,145.95,RCB,1/0,87 (61)
DP Conway,9,208,148,9,23.11,140.54,,1/0,73 (58)
Parth Chandan,7,203,131,4,50.75,154.96,DC,1/0,56 (45)
JM Vince,6,199,138,6,33.17,144.2,CSK,2/0,74 (41)
Anmolpreet Singh,12,193,134,11,17.55,144.03,KKR,0/0,48 (34)
MS Pepper,5,188,140,5,37.6,134.29,,2/0,64 (40)
Karan Shinde,13,180,129,9,20.0,139.53,SRH,0/0,36 (41)
D Wiese,14,178,93,10,17.8,191.4,KKR,0/0,47* (15)
Sonu Yadav,12,168,116,10,16.8,144.83,CSK,0/0,45 (24)
Akhil Singh Rawat,9,164,87,5,32.8,188.51,KKR,0/0,38 (24)
Kumar Kushagra,8,156,112,8,19.5,139.29,RR,1/0,72 (44)
Suryansh Shedge,12,155,111,7,22.14,139.64,KKR,0/0,31 (16)
Nithish Kumar Reddy,8,154,102,6,25.67,150.98,GT,1/0,57 (30)
Ashutosh Sharma,13,152,105,11,13.82,144.76,GT,0/0,46 (22)
Siddhesh Veer,9,151,86,4,37.75,175.58,MI,0/0,36* (24)
RR Rossouw,9,150,139,9,16.67,107.91,,1/0,57 (40)
AM Rahane,6,145,115,6,24.17,126.09,,1/0,57 (44)
Rishabh Chouhan,8,131,71,3,43.67,184.51,GT,0/0,44* (23)
Abhishek Tanwar,10,131,73,7,18.71,179.45,RCB,1/0,52 (28)
AK Markram,11,126,109,9,14.0,115.6,DC,0/0,32 (25)
Shahbaz Ahmed,15,125,103,12,10.42,121.36,KKR,0/0,37 (20)
Vishnu Vinod,9,125,104,7,17.86,120.19,GT,0/0,35 (28)
TH David,9,122,78,8,15.25,156.41,,0/0,44 (27)
Harnoor Singh,4,110,68,4,27.5,161.76,RCB,1/0,80 (42)
F du Plessis,6,109,98,6,18.17,111.22,,1/0,55 (34)
Shubhang Hegde,7,104,47,4,26.0,221.28,LSG,0/0,31 (9)
Ramandeep Singh,6,101,64,6,16.83,157.81,RCB,0/0,41 (21)
Adarsh Singh,4,99,60,4,24.75,165.0,DC,0/0,38 (24)
MW Short,5,97,67,5,19.4,144.78,MI,0/0,38 (24)
Sunny Sandhu,6,94,76,4,23.5,123.68,DC,0/0,42 (35)
J Overton,10,93,64,5,18.6,145.31,RR,0/0,19* (16)
AR Patel,5,92,52,2,46.0,176.92,PBKS,0/0,33* (24)
Utkarsh Singh,12,92,71,10,9.2,129.58,RR,0/0,28 (13)
T Dahiya,4,90,60,3,30.0,150.0,LSG,0/0,34 (14)
RA Jadeja,8,90,57,4,22.5,157.89,CSK,0/0,19* (7)
JJ Smit,14,89,68,14,6.36,130.88,PBKS,0/0,25 (17)
Rituraj Sharma,5,87,54,5,17.4,161.11,,0/0,49 (22)
RK Singh,8,87,60,7,12.43,145.0,PBKS,0/0,20 (12)
D Forrester,6,86,37,5,17.2,232.43,MI,0/0,27 (10)
Sakibul Gani,9,83,47,8,10.38,176.6,RR,0/0,27 (6)
C Connolly,3,82,64,3,27.33,128.12,GT,0/0,47 (39)
R Powell,5,80,62,4,20.0,129.03,,0/0,30 (29)
GF Linde,12,80,62,8,10.0,129.03,GT,0/0,23* (17)
RE van der Merwe,11,78,55,7,11.14,141.82,CSK,0/0,28 (16)
Virat Singh,5,76,54,5,15.2,140.74,,0/0,40 (25)
AB de Villiers,7,76,64,6,12.67,118.75,,0/0,29 (14)
MP Stoinis,5,75,60,4,18.75,125.0,,0/0,45 (33)
SR Watson,5,67,47,4,16.75,142.55,,0/0,36 (26)
D Padikkal,5,66,49,4,16.5,134.69,RR,0/0,42 (36)
Dhruv Jurel,6,63,44,5,12.6,143.18,CSK,0/0,18* (6)
LR Chethan,5,62,48,4,15.5,129.17,LSG,0/0,23* (14)
KA Maharaj,9,62,95,7,8.86,65.26,RCB,0/0,25* (32)
HC Brook,3,59,41,3,19.67,143.9,GT,0/0,42 (29)
T Banton,4,57,35,4,14.25,162.86,,0/0,28 (19)
Sanvir Singh,7,57,44,4,14.25,129.55,,0/0,33* (15)
MS Bhandage,3,57,34,3,19.0,167.65,PBKS,0/0,23 (13)
Salman Nizar,4,57,43,3,19.0,132.56,,0/0,36* (25)
Arshad Khan,7,56,38,5,11.2,147.37,CSK,0/0,26* (14)
JE Root,2,55,39,2,27.5,141.03,SRH,0/0,47 (31)
A Mhatre,3,55,40,3,18.33,137.5,,0/0,45 (36)
LS Livingstone,8,55,60,7,7.86,91.67,PBKS,0/0,22 (18)
AGS Gous,3,54,45,3,18.0,120.0,LSG,0/0,42 (34)
KH Pandya,3,51,26,2,25.5,196.15,SRH,0/0,42 (19)
A Manohar,4,46,33,3,15.33,139.39,RCB,0/0,24 (18)
J Suresh Kumar,4,46,34,4,11.5,135.29,PBKS,0/0,19 (15)
AJ Hosein,6,45,35,3,15.0,128.57,,0/0,30* (20)
Kunal Chandela,3,44,38,3,14.67,115.79,,0/0,41 (26)
BA Stokes,3,43,30,1,43.0,143.33,,0/0,23 (14)
AR Ramjani,11,43,48,7,6.14,89.58,PBKS,0/0,12 (8)
Saim Ayub,3,43,34,3,14.33,126.47,,0/0,21 (19)
Naveen-ul-Haq,2,40,30,1,40.0,133.33,,0/0,21 (16)
Sairaj Patil,2,40,28,2,20.0,142.86,KKR,0/0,26 (21)
Sikandar Raza,5,37,27,3,12.33,137.04,,0/0,14* (6)
JM Coles,4,37,31,3,12.33,119.35,,0/0,21* (12)
Sachin Baby,3,35,31,3,11.67,112.9,CSK,0/0,21 (18)
HJ Manenti,7,34,33,5,6.8,103.03,RCB,0/0,14 (12)
Karan Lal,10,33,55,7,4.71,60.0,RR,0/0,11 (21)
SM Curran,4,33,19,2,16.5,173.68,RR,0/0,17 (13)
Anmol Malhotra,2,33,28,2,16.5,117.86,,0/0,28 (25)
Mohammad Nabi,2,31,26,1,31.0,119.23,,0/0,30* (21)
JG Bethell,1,30,33,1,30.0,90.91,,0/0,30 (33)
Parvej Musaraf,5,30,22,4,7.5,136.36,,0/0,13 (5)
M Shahrukh Khan,3,30,21,2,15.0,142.86,,0/0,17 (14)
MS Dhoni,3,29,28,3,9.67,103.57,,0/0,24 (18)
Atharva Ankolekar,8,29,53,5,5.8,54.72,RR,0/0,8* (6)
Ehsan Khan,8,28,50,5,5.6,56.0,CSK,0/0,12 (17)
Mohammad Ghazanfar,8,28,39,7,4.0,71.79,RR,0/0,16 (9)
Yashvardhan Dalal,2,28,28,2,14.0,100.0,,0/0,21 (17)
AA Kulkarni,3,27,24,3,9.0,112.5,SRH,0/0,17 (14)
S Lamichhane,5,25,24,4,6.25,104.17,MI,0/0,16 (12)
Shivam Shukla,4,24,13,3,8.0,184.62,MI,0/0,16* (6)
Pulkit Narang,9,24,41,5,4.8,58.54,KKR,0/0,14* (13)
Sanskar Rawat,3,24,23,3,8.0,104.35,,0/0,17 (18)
MP Yadav,8,24,24,5,4.8,100.0,KKR,0/0,8 (6)
Tripuresh Singh,4,23,15,1,23.0,153.33,SRH,0/0,15* (9)
SE Rutherford,2,23,17,1,23.0,135.29,,0/0,20* (15)
Gurnoor Brar,6,23,18,3,7.67,127.78,DC,0/0,13* (5)
R Sai Kishore,3,23,18,2,11.5,127.78,GT,0/0,17* (10)
Akash Pawar,1,22,12,1,22.0,183.33,,0/0,22 (12)
DS Rathi,7,22,35,5,4.4,62.86,LSG,0/0,11 (17)
SS Ghosh,9,21,37,5,4.2,56.76,RCB,0/0,10 (15)
Jay Bista,2,21,21,1,21.0,100.0,,0/0,20* (16)
SR Dickson,2,18,17,2,9.0,105.88,,0/0,17 (15)
DS Airee,2,18,7,1,18.0,257.14,DC,0/0,12* (2)
Rasikh Salam,6,18,20,4,4.5,90.0,SRH,0/0,10 (5)
Tanay Thyagarajan,7,18,21,5,3.6,85.71,CSK,0/0,6 (1)
Prashant Veer,3,18,14,3,6.0,128.57,PBKS,0/0,10 (5)
AM Hardie,1,16,14,1,16.0,114.29,CSK,0/0,16 (14)
H Ssenyondo,4,16,19,1,16.0,84.21,LSG,0/0,10* (5)
TK Curran,1,16,9,0,,177.78,,0/0,16* (9)
Satyajeet Bachhav,3,16,13,3,5.33,123.08,MI,0/0,9 (6)
PN Mankad,1,16,18,1,16.0,88.89,,0/0,16 (18)
JC Archer,6,15,21,5,3.0,71.43,DC,0/0,7 (3)
JJ Bumrah,8,15,19,6,2.5,78.95,DC,0/0,9 (5)
AHT Donald,3,15,15,3,5.0,100.0,,0/0,14 (11)
JN Loftie-Eaton,3,15,10,2,7.5,150.0,,0/0,14* (5)
Fazalhaq Farooqi,6,15,23,4,3.75,65.22,GT,0/0,8* (5)
Sufiyan Muqeem,2,14,11,1,14.0,127.27,GT,0/0,13 (9)
S Gopal,5,14,15,4,3.5,93.33,,0/0,7 (5)
T Natarajan,3,14,10,2,7.0,140.0,RR,0/0,13* (5)
YS Chahal,4,14,16,3,4.67,87.5,KKR,0/0,10 (10)
Vidyadhar Patil,2,14,7,2,7.0,200.0,SRH,0/0,8 (4)
KD Karthik,2,14,8,1,14.0,175.0,,0/0,14* (6)
JR Hazlewood,7,13,34,4,3.25,38.24,MI,0/0,6 (11)
Abdul Samad,3,13,9,2,6.5,144.44,KKR,0/0,9* (6)
Washington Sundar,2,13,10,1,13.0,130.0,RCB,0/0,12 (9)
Ankit Kumar,2,13,8,2,6.5,162.5,,0/0,7 (5)
Anand Bais,2,13,12,2,6.5,108.33,DC,0/0,13 (11)
Kuldeep Yadav,6,13,22,4,3.25,59.09,LSG,0/0,13* (14)
R Shepherd,3,12,11,3,4.0,109.09,SRH,0/0,11 (7)
CV Varun,7,12,27,5,2.4,44.44,PBKS,0/0,5* (8)
HV Patel,3,12,10,1,12.0,120.0,PBKS,0/0,8 (8)
HS Desai,1,12,13,1,12.0,92.31,SRH,0/0,12 (13)
Akash Vasisht,3,11,25,1,11.0,44.0,DC,0/0,5 (7)
Gourav Choudhury,2,11,14,2,5.5,78.57,,0/0,10 (12)
Ragavan Ramamoorthy,2,11,7,2,5.5,157.14,PBKS,0/0,6 (3)
A Khan,1,10,5,1,10.0,200.0,GT,0/0,10 (5)
Geet Puri,4,10,17,4,2.5,58.82,CSK,0/0,6 (5)
KS Carlson,1,9,8,1,9.0,112.5,,0/0,9 (8)
Ashwin Shelke,3,9,12,2,4.5,75.0,DC,0/0,6 (6)
Kranthi Kumar,1,8,5,0,,160.0,CSK,0/0,8* (5)
J Kariko,1,8,6,0,,133.33,,0/0,8* (6)
Imran Tahir,1,8,3,0,,266.67,KKR,0/0,8* (3)
Mayank Rawat,2,7,20,2,3.5,35.0,,0/0,6 (16)
Yudhvir Singh,1,7,3,1,7.0,233.33,RR,0/0,7 (3)
Harsh Dubey,4,7,22,2,3.5,31.82,DC,0/0,5* (12)
Shaheen Shah Afridi,3,7,9,3,2.33,77.78,DC,0/0,7 (7)
Sayed Irfan Aftab,4,7,14,3,2.33,50.0,PBKS,0/0,6* (2)
Taskin Ahmed,2,7,4,1,7.0,175.0,,0/0,6 (2)
S Gill,1,7,15,1,7.0,46.67,RCB,0/0,7 (15)
Arshdeep Singh,6,7,20,3,2.33,35.0,LSG,0/0,4* (1)
Ashwin Das,4,7,11,2,3.5,63.64,LSG,0/0,5* (2)
Easwaran K,1,6,4,0,,150.0,DC,0/0,6* (4)
Darshan Misal,2,6,12,2,3.0,50.0,,0/0,6 (10)
C Sakariya,2,6,4,1,6.0,150.0,RR,0/0,6* (3)
JA Duffy,3,6,6,2,3.0,100.0,LSG,0/0,5* (3)
Naman Tiwari,3,6,6,1,6.0,100.0,CSK,0/0,6* (4)
JM Cox,1,6,7,1,6.0,85.71,,0/0,6 (7)
Krishna Prasad,1,6,3,0,,200.0,,0/0,6* (3)
M Markande,4,6,5,3,2.0,120.0,SRH,0/0,6* (1)
B Kumar,11,5,36,6,0.83,13.89,KKR,0/0,4 (3)
LI Meriwala,2,5,4,1,5.0,125.0,SRH,0/0,4* (2)
SR Hain,1,5,4,1,5.0,125.0,,0/0,5 (4)
RA Bawa,1,4,3,1,4.0,133.33,SRH,0/0,4 (3)
Vraj Patel,1,4,9,0,,44.44,,0/0,4* (9)
DJ Willey,2,4,4,1,4.0,100.0,,0/0,4* (3)
Prince Yadav,2,4,7,0,,57.14,GT,0/0,3* (4)
Praveen Dubey,1,4,1,0,,400.0,MI,0/0,4* (1)
Prashant Solanki,3,4,13,1,4.0,30.77,CSK,0/0,4* (5)
Noor Ahmad,7,4,18,5,0.8,22.22,KKR,0/0,4* (5)
Naseem Shah,1,4,5,1,4.0,80.0,,0/0,4 (5)
Usman Tariq,2,4,5,1,4.0,80.0,,0/0,4 (4)
M Prasidh Krishna,3,4,13,3,1.33,30.77,KKR,0/0,2 (5)
Shashwat Dangwal,2,3,4,2,1.5,75.0,,0/0,2 (2)
M Poiyamozhi,1,3,3,1,3.0,100.0,,0/0,3 (3)
Zeeshan Ansari,4,3,14,3,1.0,21.43,RR,0/0,2 (9)
M Siddharth,2,2,5,1,2.0,40.0,GT,0/0,2 (3)
DW Lawrence,2,2,12,2,1.0,16.67,,0/0,2 (10)
NT Ellis,5,2,6,2,1.0,33.33,SRH,0/0,1* (2)
L Ngidi,2,2,4,0,,50.0,RR,0/0,1* (2)
J Miyaji,2,2,10,0,,20.0,,0/0,2* (9)
Abhilash Shetty,2,2,5,0,,40.0,MI,0/0,1* (1)
Esakkimuthu A,2,2,5,1,2.0,40.0,,0/0,1* (3)
MS Chapman,1,2,3,1,2.0,66.67,,0/0,2 (3)
Manvanth Kumar L,3,2,4,3,0.67,50.0,,0/0,2 (2)
Harshit Rana,4,2,12,4,0.5,16.67,,0/0,2 (6)
Akhil Scaria,2,2,7,2,1.0,28.57,GT,0/0,1 (2)
Prithviraj Shekhawat,1,2,5,0,,40.0,,0/0,2* (5)
Ravi Teja,4,2,8,3,0.67,25.0,PBKS,0/0,1* (3)
Aman Bhadoriya,1,1,4,1,1.0,25.0,,0/0,1 (4)
OEG Baartman,1,1,1,0,,100.0,,0/0,1* (1)
TA Boult,3,1,12,2,0.5,8.33,,0/0,1 (2)
SH Johnson,1,1,2,1,1.0,50.0,KKR,0/0,1 (2)
JO Holder,2,1,3,2,0.5,33.33,,0/0,1 (2)
Mohammed Shami,2,1,17,2,0.5,5.88,MI,0/0,1 (12)
B Muzarabani,2,0,3,1,0.0,0.0,GT,0/0,0* (2)
Cheepurapalli Stephen,2,0,3,2,0.0,0.0,RR,0/0,0 (2)
Sunil Kumar,1,0,1,1,0.0,0.0,MI,0/0,0 (1)
Akshya Deka,1,0,1,1,0.0,0.0,MI,0/0,0 (1)
Abrar Ahmed,1,0,1,1,0.0,0.0,,0/0,0 (1)
Abhishek Prabhakar,1,0,1,1,0.0,0.0,,0/0,0 (1)
Yash Singh,1,0,1,0,,0.0,RCB,0/0,0* (1)
A Zampa,5,0,7,3,0.0,0.0,SRH,0/0,0 (2)
A Nagwaswalla,2,0,6,0,,0.0,RR,0/0,0* (3)
Yash Raj Punja,2,0,3,2,0.0,0.0,,0/0,0 (1)
Jagjit Singh,1,0,2,1,0.0,0.0,,0/0,0 (2)
G Sai Venkata Sumith,1,0,1,1,0.0,0.0,,0/0,0 (1)
HTRY Thornton,1,0,1,1,0.0,0.0,,0/0,0 (1)
V Puthur,6,0,8,3,0.0,0.0,RCB,0/0,0* (1)
Shadab Khan,5,0,8,4,0.0,0.0,,0/0,0 (1)
Junaid Siddique,3,0,3,3,0.0,0.0,RR,0/0,0 (1)
K Kartikeya,1,0,1,1,0.0,0.0,MI,0/0,0 (1)
Khrievitso Kense,1,0,2,0,,0.0,,0/0,0* (2)
M Pathirana,3,0,3,3,0.0,0.0,CSK,0/0,0 (1)
A Johnson,1,0,2,1,0.0,0.0,,0/0,0 (2)
MA Starc,2,0,9,2,0.0,0.0,MI,0/0,0 (3)
Mohammad Amir,2,0,3,1,0.0,0.0,LSG,0/0,0* (1)
Ravi Bishnoi,1,0,6,1,0.0,0.0,SRH,0/0,0 (6)
SO Ngoche,1,0,4,1,0.0,0.0,KKR,0/0,0 (4)
A Badoni,2,0,4,2,0.0,0.0,SRH,0/0,0 (3)
