bowler,inn,wkts,runs_conceded,balls,Eco,SR,Curr_Tm,3ws/5ws,BBI
NT Ellis,31,61,1238,710,10.46,11.64,SRH,10/0,4-27 (24)
Sufiyan Muqeem,26,51,934,575,9.75,11.27,GT,6/1,5-37 (24)
JJ Bumrah,28,50,917,591,9.31,11.82,DC,7/1,6-29 (23)
GF Linde,25,49,816,521,9.4,10.63,GT,10/0,4-19 (24)
Rasikh Salam,25,48,918,547,10.07,11.4,SRH,7/0,4-2 (12)
HJ Manenti,21,47,812,441,11.05,9.38,RCB,8/1,6-24 (24)
B Kumar,27,47,848,536,9.49,11.4,KKR,5/1,5-21 (23)
A Zampa,30,44,923,702,7.89,15.95,SRH,5/0,4-31 (24)
JJ Smit,26,42,841,597,8.45,14.21,PBKS,7/0,4-13 (24)
Arshdeep Singh,24,40,963,541,10.68,13.52,LSG,8/0,4-38 (24)
Harsh Dubey,21,40,745,456,9.8,11.4,DC,7/0,4-25 (24)
H Ssenyondo,21,38,705,483,8.76,12.71,LSG,7/0,4-21 (24)
Mohammad Ghazanfar,19,38,574,400,8.61,10.53,RR,5/0,4-8 (12)
AK Markram,19,36,713,371,11.53,10.31,DC,5/1,6-40 (22)
Geet Puri,17,35,661,381,10.41,10.89,CSK,4/1,5-35 (24)
Shivam Shukla,16,35,583,375,9.33,10.71,MI,3/1,6-24 (21)
SS Ghosh,20,35,744,421,10.6,12.03,RCB,3/0,4-20 (18)
Mohammad Amir,18,34,694,429,9.71,12.62,LSG,4/1,5-29 (24)
Karan Lal,22,34,659,451,8.77,13.26,RR,2/0,3-0 (8)
Shahbaz Ahmed,21,34,737,462,9.57,13.59,KKR,7/0,4-26 (18)
Tanush Kotian,34,31,1231,688,10.74,22.19,CSK,0/1,5-38 (24)
Shashank Singh,33,30,1080,603,10.75,20.1,PBKS,2/0,3-27 (24)
RE van der Merwe,19,30,720,417,10.36,13.9,CSK,5/0,4-37 (24)
KA Maharaj,19,30,600,433,8.31,14.43,RCB,4/1,5-19 (24)
JR Hazlewood,22,29,789,516,9.17,17.79,MI,2/0,3-26 (18)
C Green,28,28,1030,615,10.05,21.96,KKR,1/0,3-36 (24)
Pulkit Narang,22,28,652,455,8.6,16.25,KKR,2/0,4-11 (18)
PWH de Silva,30,26,1143,669,10.25,25.73,RCB,3/0,3-23 (24)
J Overton,18,26,720,426,10.14,16.38,RR,5/0,4-35 (24)
Atharva Ankolekar,18,25,573,383,8.98,15.32,RR,3/0,4-32 (23)
CV Varun,19,25,610,420,8.71,16.8,PBKS,4/0,3-12 (18)
Chirag Jani,26,23,1035,594,10.45,25.83,RCB,1/0,3-55 (24)
Ravi Teja,19,23,715,444,9.66,19.3,PBKS,2/0,3-31 (24)
Ashutosh Sharma,23,22,803,540,8.92,24.55,GT,2/0,3-29 (24)
AR Ramjani,21,22,650,476,8.19,21.64,PBKS,4/0,3-14 (24)
Fazalhaq Farooqi,24,22,789,552,8.58,25.09,GT,1/0,3-33 (24)
Suryansh Shedge,14,21,371,282,7.89,13.43,KKR,3/1,5-19 (24)
Kuldeep Yadav,14,19,463,328,8.47,17.26,LSG,1/0,4-36 (24)
M Pathirana,14,19,507,288,10.56,15.16,CSK,1/1,5-34 (24)
Abrar Ahmed,12,19,519,268,11.62,14.11,,2/0,4-18 (24)
Utkarsh Singh,18,18,386,336,6.89,18.67,RR,1/0,3-24 (24)
Sonu Yadav,17,18,638,359,10.66,19.94,CSK,1/0,3-38 (24)
SH Johnson,13,17,544,288,11.33,16.94,KKR,2/0,4-45 (24)
Harshit Rana,11,17,441,258,10.26,15.18,,1/1,5-18 (24)
MP Yadav,18,17,683,366,11.2,21.53,KKR,1/0,3-45 (24)
Ashwin Das,12,17,422,273,9.27,16.06,LSG,2/0,4-8 (15)
Tripuresh Singh,9,17,324,204,9.53,12.0,SRH,0/1,7-30 (24)
Ehsan Khan,16,16,630,368,10.27,23.0,CSK,2/0,3-33 (24)
JC Archer,12,16,456,256,10.69,16.0,DC,2/0,4-21 (24)
Gurnoor Brar,16,16,648,366,10.62,22.88,DC,0/0,2-34 (18)
R Sai Kishore,10,16,416,235,10.62,14.69,GT,3/0,3-24 (24)
S Lamichhane,10,15,367,240,9.18,16.0,MI,2/0,3-22 (24)
JA Duffy,12,15,478,266,10.78,17.73,LSG,0/0,2-22 (24)
Shaheen Shah Afridi,10,15,392,192,12.25,12.8,DC,2/0,4-37 (24)
Prashant Solanki,9,15,273,204,8.03,13.6,CSK,2/1,5-21 (24)
Tanay Thyagarajan,13,15,547,312,10.52,20.8,CSK,1/0,3-17 (24)
MR Marsh,18,14,559,342,9.81,24.43,KKR,2/0,3-35 (24)
C Sakariya,11,14,410,264,9.32,18.86,RR,2/0,4-38 (24)
SP Narine,15,14,449,252,10.69,18.0,SRH,0/0,2-6 (6)
M Markande,9,14,269,192,8.41,13.71,SRH,3/0,3-20 (24)
B Muzarabani,10,14,385,218,10.6,15.57,GT,2/0,4-40 (24)
HH Pandya,31,14,886,558,9.53,39.86,LSG,0/0,2-3 (12)
S Dube,23,13,717,378,11.38,29.08,RR,0/0,2-34 (18)
V Nigam,29,13,858,485,10.61,37.31,GT,0/0,2-13 (18)
MA Starc,12,13,355,233,9.14,17.92,MI,1/1,5-24 (24)
SM Curran,7,13,256,163,9.42,12.54,RR,1/0,4-33 (24)
DS Rathi,13,13,452,297,9.13,22.85,LSG,1/0,3-49 (24)
AD Russell,26,12,835,422,11.87,35.17,DC,0/0,2-6 (12)
Abhishek Tanwar,11,12,388,185,12.58,15.42,RCB,1/0,3-55 (24)
T Natarajan,10,12,369,224,9.88,18.67,RR,3/0,3-22 (18)
Washington Sundar,8,11,352,192,11.0,17.45,RCB,1/0,3-50 (24)
L Ngidi,9,11,362,198,10.97,18.0,RR,2/0,4-47 (24)
KA Pollard,16,11,442,229,11.58,20.82,RR,0/0,2-29 (12)
Sikandar Raza,8,11,331,186,10.68,16.91,,0/0,2-33 (24)
Arshad Khan,9,11,291,162,10.78,14.73,CSK,2/0,3-41 (24)
WG Jacks,27,11,816,462,10.6,42.0,RR,1/0,3-37 (24)
GD Phillips,16,11,473,264,10.75,24.0,RR,0/0,2-15 (12)
LS Livingstone,10,10,388,192,12.12,19.2,PBKS,0/0,2-16 (12)
Satyajeet Bachhav,5,10,188,114,9.89,11.4,MI,1/0,3-52 (24)
Mangesh Yadav,8,10,280,165,10.18,16.5,GT,1/0,3-19 (21)
V Puthur,11,10,413,247,10.03,24.7,RCB,2/0,3-22 (18)
Naman Tiwari,9,10,341,210,9.74,21.0,CSK,0/0,2-16 (18)
Junaid Siddique,8,10,344,186,11.1,18.6,RR,0/0,2-25 (24)
MJ Owen,9,9,257,132,11.68,14.67,MI,0/0,2-9 (12)
A Nagwaswalla,6,9,247,144,10.29,16.0,RR,2/0,4-36 (24)
DS Airee,7,9,253,156,9.73,17.33,DC,1/0,3-50 (24)
Shubhang Hegde,15,9,470,288,9.79,32.0,LSG,0/0,2-21 (24)
Ashwin Shelke,8,9,321,174,11.07,19.33,DC,1/0,3-48 (24)
YS Chahal,10,9,339,177,11.49,19.67,KKR,1/0,3-31 (18)
Parth Chandan,13,9,458,276,9.96,30.67,DC,0/0,2-31 (24)
KH Pandya,8,9,297,180,9.9,20.0,SRH,1/0,4-36 (24)
M Siddharth,9,8,375,216,10.42,27.0,GT,0/0,2-43 (24)
Prince Yadav,5,8,183,102,10.76,12.75,GT,2/0,3-17 (18)
Mohammed Shami,6,8,299,133,13.49,16.62,MI,1/0,3-35 (18)
Zeeshan Ansari,8,8,284,160,10.65,20.0,RR,0/0,2-39 (24)
Sunil Kumar,6,8,170,117,8.72,14.62,MI,1/0,3-19 (18)
Shadab Khan,11,8,366,200,10.98,25.0,,1/0,3-60 (24)
GJ Maxwell,23,7,732,396,11.09,56.57,DC,0/0,2-32 (24)
AJ Hosein,8,7,261,186,8.42,26.57,,1/0,3-32 (24)
Sanvir Singh,10,7,310,180,10.33,25.71,,0/0,2-23 (18)
Cheepurapalli Stephen,6,7,203,132,9.23,18.86,RR,0/0,2-28 (18)
SO Ngoche,4,6,142,87,9.79,14.5,KKR,0/0,2-28 (24)
DR Briggs,4,6,135,90,9.0,15.0,RCB,0/0,2-29 (24)
Esakkimuthu A,4,6,131,96,8.19,16.0,,0/0,2-27 (24)
CH Gayle,7,6,175,114,9.21,19.0,RCB,0/0,2-36 (24)
Noor Ahmad,12,6,432,276,9.39,46.0,KKR,0/0,2-22 (24)
Sayed Irfan Aftab,6,6,211,132,9.59,22.0,PBKS,0/0,2-50 (24)
Easwaran K,4,5,170,96,10.62,19.2,DC,1/0,4-33 (24)
HV Patel,5,5,151,116,7.81,23.2,PBKS,1/0,3-21 (20)
D Wiese,11,5,297,174,10.24,34.8,KKR,1/0,3-36 (18)
D Forrester,9,5,294,183,9.64,36.6,MI,0/0,2-42 (24)
Naseem Shah,4,5,183,89,12.34,17.8,,1/0,3-55 (24)
Yash Singh,3,5,143,66,13.0,13.2,RCB,1/0,3-41 (24)
R Ngarava,3,5,127,72,10.58,14.4,PBKS,0/0,2-43 (24)
AR Patel,7,5,250,150,10.0,30.0,PBKS,0/0,2-42 (24)
Parvej Musaraf,6,5,187,120,9.35,24.0,,1/0,3-37 (24)
Akash Vasisht,7,4,275,168,9.82,42.0,DC,0/0,2-47 (24)
JM Coles,4,4,150,96,9.38,24.0,,0/0,2-39 (24)
Abhilash Shetty,5,4,188,108,10.44,27.0,MI,1/0,3-42 (24)
Abhishek Sharma,7,4,217,150,8.68,37.5,MI,0/0,1-22 (18)
PHKD Mendis,11,4,198,120,9.9,30.0,PBKS,0/0,1-11 (6)
Saim Ayub,3,4,112,66,10.18,16.5,,0/0,2-49 (24)
Imran Tahir,7,4,233,168,8.32,42.0,KKR,0/0,2-28 (24)
VR Iyer,15,3,178,102,10.47,34.0,SRH,0/0,1-5 (6)
Prashant Veer,4,3,86,72,7.17,24.0,PBKS,0/0,1-8 (12)
TA Boult,3,3,123,62,11.9,20.67,,0/0,1-26 (18)
Yash Raj Punja,5,3,224,120,11.2,40.0,,0/0,2-35 (24)
R Ashwin,1,3,20,18,6.67,6.0,PBKS,1/0,3-20 (18)
S Gill,2,3,52,42,7.43,14.0,RCB,0/0,2-41 (24)
Taskin Ahmed,5,3,201,120,10.05,40.0,,0/0,1-33 (24)
M Prasidh Krishna,3,3,22,30,4.4,10.0,KKR,0/0,2-16 (18)
DR Mousley,18,3,444,276,9.65,92.0,LSG,0/0,2-41 (24)
DJ Willey,3,3,106,66,9.64,22.0,,0/0,2-27 (24)
Abdul Samad,4,3,127,60,12.7,20.0,KKR,0/0,2-46 (24)
M Poiyamozhi,4,3,170,90,11.33,30.0,,0/0,1-30 (18)
MW Short,8,3,173,114,9.11,38.0,MI,0/0,1-18 (18)
Akshya Deka,3,3,112,72,9.33,24.0,MI,0/0,1-37 (24)
J Miyaji,3,2,77,72,6.42,36.0,,0/0,1-24 (24)
R Shepherd,6,2,149,102,8.76,51.0,SRH,0/0,1-16 (18)
K Kartikeya,2,2,104,48,13.0,24.0,MI,0/0,1-43 (24)
S Gopal,5,2,142,96,8.88,48.0,,0/0,2-56 (24)
Kranthi Kumar,3,2,86,48,10.75,24.0,CSK,0/0,1-23 (12)
Ravi Bishnoi,2,2,48,42,6.86,21.0,SRH,0/0,2-29 (24)
Rashid Khan,2,2,52,36,8.67,18.0,RCB,0/0,2-22 (18)
Ramandeep Singh,7,2,144,84,10.29,42.0,RCB,0/0,1-9 (6)
MA Wood,1,2,41,24,10.25,12.0,KKR,0/0,2-41 (24)
RA Bawa,3,2,66,36,11.0,18.0,SRH,0/0,2-19 (12)
Akash Pawar,4,2,170,96,10.62,48.0,,0/0,1-32 (24)
Naveen-ul-Haq,5,2,222,120,11.1,60.0,,0/0,1-30 (24)
R Parag,9,2,138,72,11.5,36.0,GT,0/0,1-0 (6)
Manvanth Kumar L,5,2,164,96,10.25,48.0,,0/0,2-11 (18)
Mukhtar Hussain,1,2,55,24,13.75,12.0,RCB,0/0,2-55 (24)
R Powell,3,2,27,24,6.75,12.0,,0/0,1-7 (6)
Abhishek Prabhakar,2,2,60,44,8.18,22.0,,0/0,1-29 (24)
Anas Khan,1,1,39,24,9.75,24.0,LSG,0/0,1-39 (24)
Yudhvir Singh,1,1,18,24,4.5,24.0,RR,0/0,1-18 (24)
C Connolly,3,1,63,42,9.0,42.0,GT,0/0,1-7 (6)
Sunny Sandhu,8,1,218,132,9.91,132.0,DC,0/0,1-22 (12)
BA Raine,1,1,50,24,12.5,24.0,PBKS,0/0,1-50 (24)
Avesh Khan,1,1,39,24,9.75,24.0,LSG,0/0,1-39 (24)
B Sai Sudharsan,3,1,80,42,11.43,42.0,MI,0/0,1-11 (6)
Vraj Patel,2,1,76,48,9.5,48.0,,0/0,1-37 (24)
Vidyadhar Patil,5,1,179,102,10.53,102.0,SRH,0/0,1-32 (24)
Athisayaraj Davidson,1,1,45,24,11.25,24.0,CSK,0/0,1-45 (24)
Akhil Scaria,3,1,97,42,13.86,42.0,GT,0/0,1-37 (12)
Usman Tariq,3,1,88,44,12.0,44.0,,0/0,1-31 (18)
J Kariko,2,1,116,48,14.5,48.0,,0/0,1-52 (24)
DW Lawrence,3,1,77,36,12.83,36.0,,0/0,1-9 (6)
Nithish Kumar Reddy,7,1,209,90,13.93,90.0,GT,0/0,1-62 (24)
A Khan,1,1,41,24,10.25,24.0,GT,0/0,1-41 (24)
SR Watson,4,1,141,78,10.85,78.0,,0/0,1-37 (24)
M Shahrukh Khan,3,1,126,50,15.12,50.0,,0/0,1-61 (19)
LI Meriwala,5,1,189,114,9.95,114.0,SRH,0/0,1-31 (24)
RA Jadeja,6,1,199,96,12.44,96.0,CSK,0/0,1-11 (6)
MP Stoinis,7,1,173,96,10.81,96.0,,0/0,1-31 (24)
JN Loftie-Eaton,4,1,143,84,10.21,84.0,,0/0,1-38 (24)
Mayank Dagar,3,1,115,63,10.95,63.0,DC,0/0,1-35 (21)
Prithviraj Shekhawat,2,1,82,48,10.25,48.0,,0/0,1-29 (24)
Praveen Dubey,2,1,93,48,11.62,48.0,MI,0/0,1-51 (24)
Mohammad Nabi,2,1,119,48,14.88,48.0,,0/0,1-65 (24)
Rishabh Chouhan,1,1,12,6,12.0,6.0,GT,0/0,1-12 (6)
Mayank Rawat,2,0,60,36,10.0,inf,,0/0,0-19 (12)
Auqib Nabi,1,0,41,24,10.25,inf,,0/0,0-41 (24)
MS Chapman,2,0,49,24,12.25,inf,,0/0,0-23 (12)
Aman Bhadoriya,1,0,21,12,10.5,inf,,0/0,0-21 (12)
V Kohli,1,0,26,12,13.0,inf,LSG,0/0,0-26 (12)
N Sindhu,2,0,26,12,13.0,inf,DC,0/0,0-11 (6)
AM Hardie,1,0,1,6,1.0,inf,CSK,0/0,0-1 (6)
Ashik Muhammad,1,0,61,24,15.25,inf,CSK,0/0,0-61 (24)
AA Kulkarni,3,0,71,42,10.14,inf,SRH,0/0,0-3 (6)
Naman Dhir,2,0,35,12,17.5,inf,GT,0/0,0-11 (6)
Sairaj Patil,2,0,45,30,9.0,inf,KKR,0/0,0-4 (6)
OEG Baartman,2,0,78,37,12.65,inf,,0/0,0-35 (13)
Shashwat Dangwal,2,0,35,18,11.67,inf,,0/0,0-9 (6)
JE Root,2,0,79,36,13.17,inf,SRH,0/0,0-34 (18)
HTRY Thornton,1,0,44,24,11.0,inf,,0/0,0-44 (24)
HB Shipley,1,0,54,24,13.5,inf,LSG,0/0,0-54 (24)
G Sai Venkata Sumith,1,0,11,6,11.0,inf,,0/0,0-11 (6)
Darshan Misal,2,0,31,24,7.75,inf,,0/0,0-12 (12)
JG Bethell,1,0,11,6,11.0,inf,,0/0,0-11 (6)
DM Gondaria,1,0,62,24,15.5,inf,,0/0,0-62 (24)
Khrievitso Kense,2,0,75,42,10.71,inf,,0/0,0-37 (24)
Siddhesh Veer,3,0,117,72,9.75,inf,MI,0/0,0-36 (24)
D Brevis,1,0,31,12,15.5,inf,GT,0/0,0-31 (12)
JO Holder,3,0,128,72,10.67,inf,,0/0,0-38 (24)
BJ McMullen,5,0,90,42,12.86,inf,RCB,0/0,0-11 (6)
Jagjit Singh,1,0,50,24,12.5,inf,,0/0,0-50 (24)
BA Stokes,4,0,134,78,10.31,inf,,0/0,0-13 (12)
TK Curran,1,0,43,24,10.75,inf,,0/0,0-43 (24)
