striker,bowl_type,phase,innings,num_inn,runs,balls_faced,outs,avg,SR,Curr_Tm
GJ Maxwell,Pace,PP,1,18,371,161,5,74.2,230.43,DC
SV Samson,Pace,PP,1,15,333,191,6,55.5,174.35,GT
KL Rahul,Spin,Middle,2,16,327,210,5,65.4,155.71,SRH
Shubman Gill,Pace,PP,2,15,310,135,7,44.29,229.63,LSG
P Simran Singh,Pace,PP,2,19,300,174,5,60.0,172.41,SRH
GJ Maxwell,Pace,PP,2,16,289,140,4,72.25,206.43,DC
Urvil Patel,Pace,PP,2,18,283,165,5,56.6,171.52,MI
V Suryavanshi,Spin,PP,2,13,279,127,7,39.86,219.69,PBKS
Tushar Raheja,Spin,PP,2,13,267,135,3,89.0,197.78,KKR
Urvil Patel,Spin,Middle,2,11,265,151,1,265.0,175.5,MI
Kartik Sharma,Spin,Middle,1,14,255,130,5,51.0,196.15,SRH
Abhishek Sharma,Spin,Middle,2,14,245,151,2,122.5,162.25,MI
Aniket Verma,Spin,PP,1,10,245,91,5,49.0,269.23,RR
V Nigam,Pace,Death,1,16,244,113,5,48.8,215.93,GT
SA Yadav,Spin,Middle,1,10,243,129,2,121.5,188.37,DC
Ishan Kishan,Pace,PP,1,20,242,164,7,34.57,147.56,KKR
Tilak Varma,Spin,PP,2,15,241,131,2,120.5,183.97,CSK
Ishan Kishan,Spin,Middle,1,13,240,149,4,60.0,161.07,KKR
Tushar Raheja,Pace,PP,2,15,240,106,7,34.29,226.42,KKR
Abhishek Sharma,Pace,Middle,2,15,239,144,4,59.75,165.97,MI
GJ Maxwell,Spin,Middle,1,10,237,126,8,29.62,188.1,DC
Urvil Patel,Spin,PP,2,15,236,122,3,78.67,193.44,MI
S Dube,Pace,Middle,1,10,232,153,3,77.33,151.63,RR
N Sindhu,Pace,Middle,1,8,226,108,2,113.0,209.26,DC
GJ Maxwell,Spin,PP,1,14,224,121,2,112.0,185.12,DC
Shubman Gill,Pace,PP,1,12,212,113,5,42.4,187.61,LSG
JP Inglis,Pace,PP,1,17,209,106,4,52.25,197.17,GT
P Simran Singh,Pace,PP,1,13,208,119,3,69.33,174.79,SRH
CH Gayle,Pace,PP,1,15,207,104,6,34.5,199.04,RCB
C Green,Spin,Middle,2,9,206,138,4,51.5,149.28,KKR
KL Rahul,Spin,Middle,1,11,205,132,4,51.25,155.3,SRH
SV Samson,Spin,PP,1,15,204,126,5,40.8,161.9,GT
SU Parakh,Pace,PP,2,9,202,112,1,202.0,180.36,SRH
VR Iyer,Pace,Death,2,14,200,75,4,50.0,266.67,SRH
S Dube,Spin,Middle,2,14,197,144,7,28.14,136.81,RR
Atharva Taide,Pace,PP,2,12,197,122,3,65.67,161.48,RCB
P Simran Singh,Spin,Middle,2,12,194,149,5,38.8,130.2,SRH
Priyansh Arya,Pace,PP,1,12,193,101,6,32.17,191.09,RCB
Tilak Varma,Spin,Middle,2,11,193,133,3,64.33,145.11,CSK
Aniket Verma,Spin,Middle,2,11,193,117,3,64.33,164.96,RR
Naman Dhir,Spin,Middle,1,17,192,134,6,32.0,143.28,GT
RM Patidar,Pace,Middle,1,12,191,104,5,38.2,183.65,RCB
KK Nair,Spin,Middle,1,10,190,130,2,95.0,146.15,CSK
Shubman Gill,Spin,PP,2,12,189,94,2,94.5,201.06,LSG
N Sindhu,Spin,Death,1,8,189,71,2,94.5,266.2,DC
Tilak Varma,Spin,PP,1,14,188,100,4,47.0,188.0,CSK
Naman Dhir,Spin,Middle,2,11,187,124,3,62.33,150.81,GT
Ishan Kishan,Spin,PP,1,17,186,95,4,46.5,195.79,KKR
Kartik Sharma,Spin,Middle,2,15,185,106,2,92.5,174.53,SRH
SV Samson,Pace,PP,2,12,183,97,3,61.0,188.66,GT
Tilak Varma,Pace,PP,2,12,181,100,1,181.0,181.0,CSK
Abishek Porel,Spin,Middle,2,13,181,114,6,30.17,158.77,LSG
Kartik Sharma,Pace,Middle,2,13,178,101,3,59.33,176.24,SRH
N Sindhu,Spin,Middle,1,14,178,124,5,35.6,143.55,DC
SV Samson,Spin,PP,2,11,177,104,5,35.4,170.19,GT
C Green,Pace,Middle,1,18,176,127,8,22.0,138.58,KKR
Urvil Patel,Spin,PP,1,10,175,97,2,87.5,180.41,MI
CH Gayle,Spin,PP,1,12,173,89,4,43.25,194.38,RCB
Sameer Rizvi,Spin,Death,1,7,173,56,2,86.5,308.93,LSG
Shubman Gill,Spin,Middle,1,7,173,102,0,,169.61,LSG
Naman Dhir,Pace,Middle,1,14,172,115,6,28.67,149.57,GT
Atharva Taide,Pace,Middle,2,9,167,121,5,33.4,138.02,RCB
P Simran Singh,Spin,PP,2,15,166,103,4,41.5,161.17,SRH
Tarang Gohel,Pace,PP,2,9,166,75,4,41.5,221.33,DC
FH Allen,Pace,PP,2,9,165,108,4,41.25,152.78,SRH
RD Gaikwad,Spin,PP,1,10,165,91,2,82.5,181.32,CSK
S Dube,Pace,Middle,2,12,165,110,3,55.0,150.0,RR
SA Yadav,Spin,Death,1,7,164,58,4,41.0,282.76,DC
VR Iyer,Pace,Death,1,7,164,66,1,164.0,248.48,SRH
Kartik Sharma,Pace,Death,2,13,164,72,6,27.33,227.78,SRH
Urvil Patel,Spin,Middle,1,8,163,113,1,163.0,144.25,MI
C Green,Spin,Middle,1,18,160,113,8,20.0,141.59,KKR
Abhishek Pathak,Pace,Death,1,6,159,60,2,79.5,265.0,RCB
Shubman Gill,Pace,Middle,2,8,159,101,2,79.5,157.43,LSG
Urvil Patel,Pace,Middle,2,11,156,110,4,39.0,141.82,MI
Tilak Varma,Pace,PP,1,16,155,81,4,38.75,191.36,CSK
GJ Maxwell,Spin,PP,2,8,155,74,3,51.67,209.46,DC
S Dube,Spin,Middle,1,12,154,102,2,77.0,150.98,RR
Naman Dhir,Pace,Middle,2,10,154,94,3,51.33,163.83,GT
Tilak Varma,Pace,Middle,2,11,154,77,5,30.8,200.0,CSK
HH Pandya,Pace,Death,1,9,154,53,2,77.0,290.57,LSG
R Smaran,Spin,Middle,2,9,153,94,3,51.0,162.77,RR
N Sindhu,Spin,Middle,2,11,153,95,1,153.0,161.05,DC
V Suryavanshi,Spin,PP,1,10,153,86,2,76.5,177.91,PBKS
TL Seifert,Spin,Middle,2,7,152,91,3,50.67,167.03,PBKS
KL Rahul,Pace,Middle,2,12,152,87,4,38.0,174.71,SRH
JP Inglis,Spin,PP,2,8,151,74,1,151.0,204.05,GT
Shubman Gill,Spin,Middle,2,10,150,83,4,37.5,180.72,LSG
GD Phillips,Spin,Death,2,10,150,54,3,50.0,277.78,RR
V Suryavanshi,Pace,PP,2,14,150,103,5,30.0,145.63,PBKS
JP Inglis,Spin,PP,1,13,149,95,7,21.29,156.84,GT
CH Gayle,Pace,PP,2,10,149,69,4,37.25,215.94,RCB
Tilak Varma,Pace,Middle,1,9,148,89,3,49.33,166.29,CSK
Vansh Bedi,Spin,Middle,2,10,148,93,6,24.67,159.14,PBKS
Abhishek Sharma,Pace,PP,2,12,148,83,2,74.0,178.31,MI
Jay Gohil,Spin,Death,2,8,148,57,2,74.0,259.65,MI
Shubman Gill,Spin,PP,1,13,147,67,4,36.75,219.4,LSG
Kartik Sharma,Pace,Middle,1,12,147,86,6,24.5,170.93,SRH
P Simran Singh,Pace,Middle,1,6,146,81,1,146.0,180.25,SRH
Naman Dhir,Pace,PP,2,9,145,59,1,145.0,245.76,GT
HH Pandya,Pace,Death,2,9,145,54,3,48.33,268.52,LSG
P Simran Singh,Pace,Middle,2,10,144,86,1,144.0,167.44,SRH
Abishek Porel,Pace,Death,1,9,144,62,5,28.8,232.26,LSG
Abhishek Pathak,Pace,Middle,1,9,144,95,3,48.0,151.58,RCB
JP Inglis,Spin,Middle,1,9,143,76,4,35.75,188.16,GT
Tarang Gohel,Pace,Middle,2,8,143,69,1,143.0,207.25,DC
S Dube,Pace,PP,1,11,142,79,0,,179.75,RR
Abhishek Pathak,Spin,Middle,1,9,142,81,2,71.0,175.31,RCB
CH Gayle,Spin,Middle,1,6,142,93,1,142.0,152.69,RCB
Abishek Porel,Spin,Middle,1,12,142,104,3,47.33,136.54,LSG
Aniket Verma,Pace,PP,2,9,141,73,2,70.5,193.15,RR
Priyansh Arya,Pace,Middle,2,8,140,97,5,28.0,144.33,RCB
FH Allen,Pace,PP,1,9,140,86,2,70.0,162.79,SRH
TL Seifert,Pace,PP,2,10,139,86,3,46.33,161.63,PBKS
TM Head,Pace,PP,1,9,139,94,2,69.5,147.87,KKR
JP Inglis,Spin,Middle,2,10,138,94,5,27.6,146.81,GT
JM Sharma,Pace,Death,1,8,138,58,5,27.6,237.93,RCB
KK Nair,Spin,Middle,2,9,137,86,4,34.25,159.3,CSK
V Suryavanshi,Pace,PP,1,10,136,82,2,68.0,165.85,PBKS
KK Nair,Pace,Death,1,8,136,53,2,68.0,256.6,CSK
PD Salt,Spin,PP,2,10,136,85,3,45.33,160.0,PBKS
CH Gayle,Pace,Middle,1,7,135,76,2,67.5,177.63,RCB
Priyansh Arya,Pace,PP,2,9,135,81,1,135.0,166.67,RCB
Aniket Verma,Spin,PP,2,8,135,65,2,67.5,207.69,RR
JP Inglis,Pace,Middle,2,8,135,66,3,45.0,204.55,GT
GJ Maxwell,Spin,Middle,2,8,134,72,1,134.0,186.11,DC
Abishek Porel,Pace,Middle,2,11,133,98,2,66.5,135.71,LSG
D Brevis,Pace,Death,1,7,132,60,1,132.0,220.0,GT
N Sindhu,Pace,PP,1,6,132,54,1,132.0,244.44,DC
KL Rahul,Pace,Middle,1,9,129,88,2,64.5,146.59,SRH
Atharva Taide,Spin,PP,2,11,129,85,1,129.0,151.76,RCB
Rohan Kunnummal,Pace,PP,1,10,128,74,3,42.67,172.97,MI
V Nigam,Spin,Death,1,12,127,52,3,42.33,244.23,GT
Priyansh Arya,Spin,PP,1,9,126,57,2,63.0,221.05,RCB
Naman Dhir,Spin,PP,1,10,126,68,1,126.0,185.29,GT
Ishan Kishan,Spin,PP,2,10,126,71,3,42.0,177.46,KKR
SU Parakh,Pace,PP,1,8,125,83,5,25.0,150.6,SRH
CH Gayle,Spin,PP,2,10,125,66,2,62.5,189.39,RCB
TL Seifert,Spin,PP,2,10,124,76,2,62.0,163.16,PBKS
TP Ura,Spin,Middle,2,6,124,72,3,41.33,172.22,PBKS
Ishan Kishan,Spin,Middle,2,7,123,87,4,30.75,141.38,KKR
KA Pollard,Pace,Middle,2,7,123,75,0,,164.0,RR
HH Pandya,Pace,Middle,2,8,123,62,2,61.5,198.39,LSG
Tarang Gohel,Spin,Middle,2,9,123,71,3,41.0,173.24,DC
PD Salt,Pace,PP,2,10,122,87,4,30.5,140.23,PBKS
V Suryavanshi,Spin,Middle,1,9,122,77,5,24.4,158.44,PBKS
Ishan Kishan,Pace,Middle,1,11,122,93,4,30.5,131.18,KKR
WL Madsen,Spin,Middle,2,8,122,78,2,61.0,156.41,MI
KK Nair,Spin,Death,1,7,121,51,4,30.25,237.25,CSK
Aniket Verma,Pace,PP,1,9,120,71,2,60.0,169.01,RR
RG Sharma,Spin,Middle,1,8,119,67,2,59.5,177.61,KKR
D Brevis,Pace,Middle,1,9,119,63,2,59.5,188.89,GT
V Suryavanshi,Pace,Middle,2,6,119,77,3,39.67,154.55,PBKS
VR Iyer,Spin,Death,1,8,119,48,3,39.67,247.92,SRH
SA Yadav,Spin,Middle,2,8,119,81,5,23.8,146.91,DC
JP Inglis,Pace,PP,2,11,118,75,3,39.33,157.33,GT
Tanush Kotian,Pace,Death,1,8,118,43,4,29.5,274.42,CSK
R Parag,Pace,Middle,1,12,118,89,6,19.67,132.58,GT
S Arora,Spin,Middle,1,8,117,70,2,58.5,167.14,KKR
TL Seifert,Pace,PP,1,8,117,55,3,39.0,212.73,PBKS
D Wiese,Pace,Death,1,7,117,49,3,39.0,238.78,KKR
H Klaasen,Spin,Middle,1,6,116,80,1,116.0,145.0,
R Parag,Spin,Death,1,8,116,45,4,29.0,257.78,GT
Tilak Varma,Spin,Middle,1,9,114,86,2,57.0,132.56,CSK
YBK Jaiswal,Pace,Death,2,4,114,37,0,,308.11,RR
N Sindhu,Pace,Middle,2,11,114,73,3,38.0,156.16,DC
SA Yadav,Pace,PP,2,12,113,84,2,56.5,134.52,DC
Aniket Verma,Pace,Middle,1,6,113,66,3,37.67,171.21,RR
WG Jacks,Spin,Middle,2,9,112,68,2,56.0,164.71,RR
Aniket Verma,Pace,Middle,2,9,112,60,4,28.0,186.67,RR
Abhishek Sharma,Spin,PP,1,10,112,53,5,22.4,211.32,MI
Tarang Gohel,Pace,PP,1,9,112,65,3,37.33,172.31,DC
Shashank Singh,Pace,Death,1,6,112,49,1,112.0,228.57,PBKS
VR Iyer,Spin,Middle,1,10,111,72,2,55.5,154.17,SRH
JM Sharma,Pace,Middle,1,11,111,74,4,27.75,150.0,RCB
Tanush Kotian,Spin,Middle,2,7,109,76,5,21.8,143.42,CSK
MR Marsh,Pace,Middle,1,6,109,70,1,109.0,155.71,KKR
SA Yadav,Pace,Middle,2,8,109,59,3,36.33,184.75,DC
Abishek Porel,Pace,Middle,1,10,109,71,0,,153.52,LSG
Shubman Gill,Pace,Middle,1,6,109,55,4,27.25,198.18,LSG
R Parag,Spin,Middle,1,13,109,64,1,109.0,170.31,GT
N Sindhu,Pace,Death,2,6,109,41,3,36.33,265.85,DC
Sameer Rizvi,Pace,Middle,2,9,109,64,3,36.33,170.31,LSG
GJ Maxwell,Pace,Middle,2,9,108,65,5,21.6,166.15,DC
S Arora,Pace,Middle,1,9,108,61,4,27.0,177.05,KKR
S Dube,Spin,PP,2,9,108,62,0,,174.19,RR
S Dube,Spin,Death,1,3,108,40,0,,270.0,RR
P Simran Singh,Spin,PP,1,11,107,67,3,35.67,159.7,SRH
V Suryavanshi,Spin,Middle,2,6,107,60,1,107.0,178.33,PBKS
KL Rahul,Pace,PP,2,9,107,59,2,53.5,181.36,SRH
JM Sharma,Spin,Middle,1,13,107,71,2,53.5,150.7,RCB
Vansh Bedi,Spin,PP,2,4,107,31,1,107.0,345.16,PBKS
Tanush Kotian,Pace,Death,2,7,107,39,3,35.67,274.36,CSK
Abhishek Sharma,Pace,PP,1,8,107,59,3,35.67,181.36,MI
SA Yadav,Pace,Middle,1,10,106,66,3,35.33,160.61,DC
WL Madsen,Pace,Middle,1,9,106,69,3,35.33,153.62,MI
PD Salt,Pace,PP,1,5,105,70,1,105.0,150.0,PBKS
YBK Jaiswal,Pace,Death,1,9,105,43,8,13.12,244.19,RR
Vansh Bedi,Pace,Middle,2,9,104,71,2,52.0,146.48,PBKS
YBK Jaiswal,Spin,Death,2,6,103,35,2,51.5,294.29,RR
Urvil Patel,Pace,PP,1,10,103,65,2,51.5,158.46,MI
D Brevis,Spin,Middle,1,12,103,81,3,34.33,127.16,GT
R Parag,Spin,Middle,2,7,102,67,1,102.0,152.24,GT
Urvil Patel,Pace,Middle,1,6,101,73,0,,138.36,MI
KK Nair,Pace,Middle,1,8,101,60,0,,168.33,CSK
Aniket Verma,Spin,Middle,1,6,100,47,2,50.0,212.77,RR
DR Mousley,Pace,Middle,2,8,100,73,3,33.33,136.99,LSG
WG Jacks,Spin,Middle,1,11,100,82,6,16.67,121.95,RR
Atharva Taide,Spin,Middle,2,5,100,60,1,100.0,166.67,RCB
JM Sharma,Spin,Death,1,8,100,43,3,33.33,232.56,RCB
J Fraser-McGurk,Spin,PP,1,5,100,42,2,50.0,238.1,DC
RM Patidar,Spin,Middle,1,11,99,76,5,19.8,130.26,RCB
SV Samson,Spin,Middle,1,10,98,65,6,16.33,150.77,GT
D Brevis,Spin,Middle,2,7,98,73,1,98.0,134.25,GT
SA Yadav,Spin,PP,1,5,98,51,1,98.0,192.16,DC
KA Pollard,Spin,Middle,2,9,98,63,1,98.0,155.56,RR
Shashank Singh,Pace,Middle,1,10,98,70,3,32.67,140.0,PBKS
WG Jacks,Pace,Middle,2,9,97,69,5,19.4,140.58,RR
KL Rahul,Spin,PP,2,8,97,61,1,97.0,159.02,SRH
Ishan Kishan,Pace,PP,2,9,97,55,1,97.0,176.36,KKR
Sameer Rizvi,Spin,Middle,1,6,96,56,4,24.0,171.43,LSG
MR Marsh,Pace,Death,1,5,96,45,1,96.0,213.33,KKR
Vansh Bedi,Pace,Death,2,8,96,40,4,24.0,240.0,PBKS
Ishan Kishan,Pace,Middle,2,6,95,50,0,,190.0,KKR
D Brevis,Spin,Death,1,6,95,40,1,95.0,237.5,GT
AD Russell,Spin,Death,1,8,95,37,1,95.0,256.76,DC
Sameer Rizvi,Pace,Death,1,9,95,47,3,31.67,202.13,LSG
PHKD Mendis,Pace,Middle,1,6,95,61,2,47.5,155.74,PBKS
Jay Gohil,Spin,Death,1,4,95,35,0,,271.43,MI
T Stubbs,Spin,Middle,2,12,95,78,3,31.67,121.79,CSK
VR Iyer,Spin,Death,2,6,95,33,2,47.5,287.88,SRH
T Stubbs,Spin,Death,2,6,94,39,1,94.0,241.03,CSK
T Stubbs,Pace,Middle,1,6,94,76,3,31.33,123.68,CSK
MR Marsh,Spin,Middle,1,8,93,77,2,46.5,120.78,KKR
V Kohli,Pace,PP,1,7,93,69,1,93.0,134.78,LSG
CH Gayle,Pace,Death,2,3,93,32,0,,290.62,RCB
Tarang Gohel,Spin,Middle,1,9,93,63,6,15.5,147.62,DC
FH Allen,Spin,PP,1,9,93,66,3,31.0,140.91,SRH
Abhishek Pathak,Spin,Death,1,5,93,32,1,93.0,290.62,RCB
JC Buttler,Pace,Middle,1,6,93,50,1,93.0,186.0,DC
S Dube,Pace,Death,1,7,93,51,4,23.25,182.35,RR
Sameer Rizvi,Pace,Death,2,7,92,32,5,18.4,287.5,LSG
Shashank Singh,Spin,Death,2,8,92,42,2,46.0,219.05,PBKS
KL Rahul,Spin,PP,1,9,92,43,0,,213.95,SRH
WL Madsen,Spin,Middle,1,9,92,63,4,23.0,146.03,MI
RG Sharma,Pace,Middle,1,8,91,58,4,22.75,156.9,KKR
S Dube,Pace,PP,2,11,91,57,1,91.0,159.65,RR
Priyansh Arya,Spin,Middle,2,8,91,58,2,45.5,156.9,RCB
Tanush Kotian,Spin,Death,1,8,91,40,4,22.75,227.5,CSK
SV Samson,Pace,Middle,1,9,91,59,3,30.33,154.24,GT
SU Parakh,Spin,PP,2,8,91,48,2,45.5,189.58,SRH
RD Gaikwad,Pace,Middle,1,6,90,56,0,,160.71,CSK
Jay Gohil,Pace,Death,1,6,90,35,2,45.0,257.14,MI
Sameer Rizvi,Spin,Middle,2,10,90,51,3,30.0,176.47,LSG
Tushar Raheja,Spin,PP,1,7,90,48,4,22.5,187.5,KKR
Shashank Singh,Pace,Death,2,8,90,51,4,22.5,176.47,PBKS
Kartik Sharma,Spin,Death,2,10,89,44,2,44.5,202.27,SRH
PWH de Silva,Spin,Death,2,5,89,29,1,89.0,306.9,RCB
PHKD Mendis,Pace,Death,2,5,88,44,2,44.0,200.0,PBKS
RM Patidar,Pace,Middle,2,8,88,70,2,44.0,125.71,RCB
Tarang Gohel,Spin,PP,1,6,88,50,3,29.33,176.0,DC
RM Patidar,Pace,Death,2,5,88,37,2,44.0,237.84,RCB
Naman Dhir,Spin,PP,2,6,88,38,2,44.0,231.58,GT
WL Madsen,Spin,PP,1,6,88,49,1,88.0,179.59,MI
TL Seifert,Pace,Middle,2,5,88,61,0,,144.26,PBKS
Abhishek Sharma,Spin,Death,2,7,87,36,3,29.0,241.67,MI
Abhishek Sharma,Spin,PP,2,12,87,45,4,21.75,193.33,MI
C Green,Pace,PP,1,8,87,51,0,,170.59,KKR
Abishek Porel,Pace,PP,2,6,86,44,0,,195.45,LSG
KK Nair,Pace,Middle,2,8,86,54,1,86.0,159.26,CSK
V Kohli,Pace,PP,2,9,86,51,6,14.33,168.63,LSG
PWH de Silva,Spin,Death,1,3,86,33,0,,260.61,RCB
VR Iyer,Pace,Middle,1,10,86,60,2,43.0,143.33,SRH
GD Phillips,Pace,Middle,2,9,85,50,1,85.0,170.0,RR
Abhishek Pathak,Spin,PP,1,4,85,44,3,28.33,193.18,RCB
KL Rahul,Pace,PP,1,10,84,49,2,42.0,171.43,SRH
TL Seifert,Spin,PP,1,7,84,45,3,28.0,186.67,PBKS
KL Rahul,Pace,Death,1,5,84,34,3,28.0,247.06,SRH
Ajay Rohera,Pace,PP,1,5,84,41,2,42.0,204.88,LSG
CH Gayle,Pace,Middle,2,8,83,63,3,27.67,131.75,RCB
Akhil Singh Rawat,Pace,Death,1,6,83,33,1,83.0,251.52,KKR
HH Pandya,Spin,Middle,2,9,83,55,1,83.0,150.91,LSG
MR Marsh,Spin,Middle,2,7,83,42,1,83.0,197.62,KKR
JP Inglis,Pace,Middle,1,8,82,55,3,27.33,149.09,GT
R Parag,Spin,Death,2,5,82,29,2,41.0,282.76,GT
RM Patidar,Pace,Death,1,3,82,34,0,,241.18,RCB
PWH de Silva,Pace,Middle,2,3,82,26,1,82.0,315.38,RCB
TM Head,Spin,PP,1,6,81,51,1,81.0,158.82,KKR
MJ Owen,Spin,Middle,2,5,81,54,4,20.25,150.0,MI
WL Madsen,Pace,PP,1,7,81,53,0,,152.83,MI
DP Conway,Pace,PP,2,4,81,61,1,81.0,132.79,
FH Allen,Pace,Middle,2,5,81,48,0,,168.75,SRH
AD Russell,Pace,Death,1,6,80,38,3,26.67,210.53,DC
Priyansh Arya,Spin,Middle,1,5,80,39,3,26.67,205.13,RCB
V Nigam,Spin,Middle,1,7,80,50,0,,160.0,GT
VR Iyer,Spin,Middle,2,6,80,52,0,,153.85,SRH
CH Gayle,Spin,Middle,2,6,80,56,3,26.67,142.86,RCB
Naman Dhir,Pace,Death,1,4,79,33,1,79.0,239.39,GT
SA Yadav,Pace,PP,1,9,79,49,3,26.33,161.22,DC
SU Parakh,Spin,Middle,2,7,79,59,3,26.33,133.9,SRH
RD Gaikwad,Spin,Middle,1,9,79,61,6,13.17,129.51,CSK
PHKD Mendis,Pace,Middle,2,5,79,48,2,39.5,164.58,PBKS
GJ Maxwell,Pace,Middle,1,10,78,46,3,26.0,169.57,DC
GD Phillips,Spin,Middle,2,11,78,62,3,26.0,125.81,RR
YBK Jaiswal,Pace,PP,2,6,78,40,5,15.6,195.0,RR
KL Rahul,Spin,Death,2,6,78,32,1,78.0,243.75,SRH
Tarang Gohel,Spin,PP,2,5,78,39,0,,200.0,DC
J Fraser-McGurk,Spin,PP,2,4,77,27,2,38.5,285.19,DC
PWH de Silva,Pace,PP,1,8,77,47,4,19.25,163.83,RCB
Priyansh Arya,Spin,PP,2,8,77,41,0,,187.8,RCB
S Dube,Spin,PP,1,9,77,46,3,25.67,167.39,RR
N Sindhu,Spin,PP,1,6,77,31,0,,248.39,DC
SS Iyer,Pace,Middle,2,6,76,47,4,19.0,161.7,KKR
TM Head,Pace,Middle,1,5,76,51,1,76.0,149.02,KKR
Ajay Rohera,Pace,PP,2,8,76,52,1,76.0,146.15,LSG
Vansh Bedi,Spin,Middle,1,8,76,38,4,19.0,200.0,PBKS
H Klaasen,Spin,Middle,2,4,76,54,1,76.0,140.74,
SP Narine,Spin,Middle,1,4,75,54,4,18.75,138.89,SRH
Shashank Singh,Spin,Middle,1,9,75,69,3,25.0,108.7,PBKS
R Smaran,Pace,Middle,2,7,75,51,0,,147.06,RR
DR Mousley,Spin,Middle,1,5,75,52,0,,144.23,LSG
Ashutosh Sharma,Pace,Death,1,6,75,37,3,25.0,202.7,GT
S Arora,Spin,Death,1,4,74,34,3,24.67,217.65,KKR
RD Rickelton,Pace,PP,1,6,74,39,3,24.67,189.74,RR
Naman Dhir,Pace,PP,1,8,74,44,1,74.0,168.18,GT
Tushar Raheja,Pace,PP,1,5,74,30,3,24.67,246.67,KKR
Abhishek Pathak,Pace,PP,2,4,74,36,1,74.0,205.56,RCB
Rohan Kunnummal,Spin,PP,1,8,73,52,4,18.25,140.38,MI
DR Mousley,Pace,Death,2,4,73,30,2,36.5,243.33,LSG
Ajay Rohera,Spin,PP,2,6,72,36,3,24.0,200.0,LSG
Shashank Singh,Spin,Death,1,5,72,27,1,72.0,266.67,PBKS
Parth Chandan,Spin,Middle,1,4,72,50,0,,144.0,DC
KA Pollard,Pace,Death,1,4,72,32,2,36.0,225.0,RR
Rohan Kunnummal,Pace,Middle,1,3,72,39,2,36.0,184.62,MI
N Sindhu,Spin,Death,2,4,72,28,1,72.0,257.14,DC
SS Iyer,Spin,Middle,2,8,72,55,1,72.0,130.91,KKR
PHKD Mendis,Spin,Middle,1,8,72,55,2,36.0,130.91,PBKS
Abhishek Sharma,Pace,Death,2,6,71,38,2,35.5,186.84,MI
RD Gaikwad,Spin,Death,2,6,71,26,4,17.75,273.08,CSK
B Sai Sudharsan,Pace,PP,2,7,71,49,3,23.67,144.9,MI
Ajay Rohera,Spin,Middle,2,6,70,41,3,23.33,170.73,LSG
SS Iyer,Spin,Middle,1,7,70,40,2,35.0,175.0,KKR
V Nigam,Pace,Death,2,4,70,33,1,70.0,212.12,GT
Vansh Bedi,Pace,Middle,1,6,70,38,2,35.0,184.21,PBKS
DR Mousley,Spin,PP,2,5,69,43,1,69.0,160.47,LSG
TM Head,Spin,Middle,1,6,69,43,2,34.5,160.47,KKR
Akhil Singh Rawat,Spin,Death,1,4,69,26,3,23.0,265.38,KKR
Ishan Kishan,Spin,Death,2,2,69,26,1,69.0,265.38,KKR
YBK Jaiswal,Spin,Middle,2,5,68,34,2,34.0,200.0,RR
N Sindhu,Pace,Death,1,6,68,37,4,17.0,183.78,DC
JM Vince,Spin,Middle,2,2,68,44,0,,154.55,CSK
Abishek Porel,Spin,PP,2,7,67,45,2,33.5,148.89,LSG
S Dube,Pace,Death,2,4,67,26,1,67.0,257.69,RR
J Fraser-McGurk,Pace,PP,1,9,67,49,5,13.4,136.73,DC
AD Russell,Pace,Death,2,7,67,33,2,33.5,203.03,DC
KL Rahul,Spin,Death,1,3,67,26,1,67.0,257.69,SRH
Naman Dhir,Pace,Death,2,3,67,25,2,33.5,268.0,GT
RD Rickelton,Pace,PP,2,9,67,44,3,22.33,152.27,RR
P Simran Singh,Spin,Middle,1,8,67,49,3,22.33,136.73,SRH
V Suryavanshi,Pace,Middle,1,5,67,47,3,22.33,142.55,PBKS
FH Allen,Pace,Middle,1,5,67,44,4,16.75,152.27,SRH
T Stubbs,Pace,Death,1,4,66,29,3,22.0,227.59,CSK
Ishan Kishan,Pace,Death,1,4,66,30,3,22.0,220.0,KKR
Rishabh Chouhan,Spin,Death,2,4,66,29,0,,227.59,GT
Rohan Kunnummal,Spin,Middle,1,5,65,41,1,65.0,158.54,MI
Suryansh Shedge,Pace,Death,1,8,65,47,4,16.25,138.3,KKR
PWH de Silva,Pace,Middle,1,7,65,38,5,13.0,171.05,RCB
SV Samson,Spin,Middle,2,7,65,40,3,21.67,162.5,GT
Karan Shinde,Pace,Death,2,5,65,34,3,21.67,191.18,SRH
Abishek Porel,Pace,Death,2,7,65,41,2,32.5,158.54,LSG
KA Pollard,Pace,Death,2,6,64,34,2,32.0,188.24,RR
SS Iyer,Spin,Death,1,4,64,26,2,32.0,246.15,KKR
H Klaasen,Spin,Death,1,5,63,31,5,12.6,203.23,
Ajay Rohera,Pace,Middle,2,4,63,33,1,63.0,190.91,LSG
V Kohli,Pace,Middle,1,4,63,48,2,31.5,131.25,LSG
MJ Owen,Pace,PP,2,7,63,60,2,31.5,105.0,MI
YBK Jaiswal,Spin,Middle,1,8,63,41,4,15.75,153.66,RR
WL Madsen,Spin,Death,2,5,63,31,3,21.0,203.23,MI
BM Duckett,Spin,Middle,2,2,63,39,0,,161.54,SRH
GD Phillips,Pace,Death,1,4,62,28,3,20.67,221.43,RR
B Sai Sudharsan,Pace,PP,1,5,62,32,1,62.0,193.75,MI
Kartik Sharma,Pace,PP,1,6,62,31,0,,200.0,SRH
H Klaasen,Pace,Middle,2,4,61,40,1,61.0,152.5,
V Nigam,Spin,Middle,2,6,61,33,1,61.0,184.85,GT
KL Rahul,Pace,Death,2,8,61,29,3,20.33,210.34,SRH
RD Gaikwad,Pace,PP,1,11,61,64,4,15.25,95.31,CSK
Anmolpreet Singh,Spin,Middle,1,5,61,41,2,30.5,148.78,KKR
RK Singh,Pace,Death,2,3,60,25,1,60.0,240.0,PBKS
Abhishek Pathak,Spin,Middle,2,5,60,43,3,20.0,139.53,RCB
Jay Gohil,Spin,Middle,2,5,60,45,2,30.0,133.33,MI
KK Nair,Spin,PP,2,5,60,32,1,60.0,187.5,CSK
C Green,Pace,Middle,2,7,60,38,1,60.0,157.89,KKR
T Stubbs,Spin,Middle,1,6,60,40,1,60.0,150.0,CSK
MJ Owen,Pace,Middle,2,4,60,37,1,60.0,162.16,MI
JC Buttler,Spin,Middle,1,5,59,35,2,29.5,168.57,DC
Chirag Jani,Pace,Death,2,2,59,23,1,59.0,256.52,RCB
R Parag,Pace,Death,1,5,59,29,2,29.5,203.45,GT
JC Buttler,Spin,Death,1,4,59,24,1,59.0,245.83,DC
FH Allen,Spin,PP,2,8,59,35,1,59.0,168.57,SRH
Tilak Varma,Spin,Death,2,6,58,32,5,11.6,181.25,CSK
YBK Jaiswal,Pace,Middle,1,7,58,44,1,58.0,131.82,RR
SP Narine,Spin,Middle,2,4,58,35,0,,165.71,SRH
FH Allen,Spin,Middle,2,5,58,34,4,14.5,170.59,SRH
Tarang Gohel,Pace,Death,2,5,57,23,2,28.5,247.83,DC
Kartik Sharma,Spin,Death,1,3,57,19,3,19.0,300.0,SRH
Ritik Vats,Pace,Death,1,2,57,22,1,57.0,259.09,DC
MR Marsh,Pace,Death,2,5,57,22,4,14.25,259.09,KKR
RD Rickelton,Spin,Middle,2,5,57,33,2,28.5,172.73,RR
JM Sharma,Pace,Death,2,5,57,21,1,57.0,271.43,RCB
N Rana,Pace,PP,1,3,57,27,2,28.5,211.11,GT
Akshat Raghuwanshi,Spin,Middle,1,2,56,31,0,,180.65,MI
C Green,Spin,PP,2,7,56,55,0,,101.82,KKR
Jay Gohil,Pace,Middle,1,4,55,30,0,,183.33,MI
MR Marsh,Pace,PP,1,4,55,31,0,,177.42,KKR
Ritik Vats,Pace,PP,1,3,55,21,1,55.0,261.9,DC
SU Parakh,Spin,PP,1,7,55,50,3,18.33,110.0,SRH
Virat Singh,Spin,PP,2,3,55,39,2,27.5,141.03,
PWH de Silva,Spin,Middle,1,6,55,41,1,55.0,134.15,RCB
GD Phillips,Pace,Death,2,5,55,23,1,55.0,239.13,RR
RD Rickelton,Pace,Middle,2,5,55,46,1,55.0,119.57,RR
MR Marsh,Pace,Middle,2,8,55,43,3,18.33,127.91,KKR
Chirag Jani,Spin,Death,1,4,55,27,0,,203.7,RCB
Shashank Singh,Spin,Middle,2,11,54,52,1,54.0,103.85,PBKS
RM Patidar,Spin,Death,1,4,54,21,2,27.0,257.14,RCB
RA Jadeja,Spin,Death,2,6,54,29,2,27.0,186.21,CSK
JC Buttler,Pace,Death,1,4,54,28,0,,192.86,DC
Kartik Sharma,Spin,PP,1,6,54,33,0,,163.64,SRH
Anmolpreet Singh,Pace,Death,1,4,54,22,4,13.5,245.45,KKR
KK Nair,Pace,Death,2,4,54,21,2,27.0,257.14,CSK
JM Vince,Spin,PP,2,3,54,40,1,54.0,135.0,CSK
RD Gaikwad,Pace,Death,2,3,53,22,1,53.0,240.91,CSK
DR Mousley,Spin,Middle,2,7,53,35,1,53.0,151.43,LSG
DP Conway,Pace,Middle,2,2,53,33,1,53.0,160.61,
PHKD Mendis,Spin,Middle,2,5,53,33,1,53.0,160.61,PBKS
V Nigam,Pace,Middle,1,8,52,42,1,52.0,123.81,GT
J Overton,Pace,Death,1,6,52,30,1,52.0,173.33,RR
TM Head,Pace,PP,2,3,52,34,1,52.0,152.94,KKR
HH Pandya,Spin,Death,1,8,52,27,4,13.0,192.59,LSG
V Kohli,Spin,PP,2,8,52,40,5,10.4,130.0,LSG
Priyansh Arya,Pace,Death,2,3,52,18,1,52.0,288.89,RCB
SP Narine,Pace,Death,2,3,52,19,1,52.0,273.68,SRH
Urvil Patel,Spin,Death,2,6,52,20,2,26.0,260.0,MI
Akshat Raghuwanshi,Pace,Middle,1,2,51,24,0,,212.5,MI
GD Phillips,Spin,PP,1,4,51,18,1,51.0,283.33,RR
SV Samson,Pace,Middle,2,5,51,30,3,17.0,170.0,GT
HH Pandya,Spin,Middle,1,6,50,45,2,25.0,111.11,LSG
N Pooran,Pace,Death,1,4,50,20,3,16.67,250.0,MI
PWH de Silva,Spin,PP,2,4,50,20,1,50.0,250.0,RCB
RD Rickelton,Spin,PP,2,6,50,45,3,16.67,111.11,RR
Siddhesh Veer,Pace,Death,2,4,50,17,2,25.0,294.12,MI
B Sai Sudharsan,Pace,Middle,2,2,50,35,0,,142.86,MI
YBK Jaiswal,Spin,PP,2,5,50,28,2,25.0,178.57,RR
N Sindhu,Pace,PP,2,7,50,34,2,25.0,147.06,DC
BJ McMullen,Spin,Death,1,2,50,19,2,25.0,263.16,RCB
Abishek Porel,Spin,PP,1,5,49,34,2,24.5,144.12,LSG
MS Bhandage,Pace,Death,1,3,49,24,2,24.5,204.17,PBKS
TH David,Pace,Middle,1,4,49,31,2,24.5,158.06,
RG Sharma,Pace,Death,1,5,49,21,2,24.5,233.33,KKR
Kumar Kushagra,Pace,Middle,1,3,49,32,1,49.0,153.12,RR
JM Sharma,Pace,Middle,2,5,49,37,4,12.25,132.43,RCB
GD Phillips,Pace,Middle,1,5,49,29,0,,168.97,RR
Urvil Patel,Pace,Death,1,5,49,24,3,16.33,204.17,MI
DR Mousley,Pace,Middle,1,6,49,37,5,9.8,132.43,LSG
GD Phillips,Spin,Middle,1,6,49,36,4,12.25,136.11,RR
N Rana,Pace,Middle,2,4,48,39,0,,123.08,GT
N Rana,Pace,PP,2,5,48,37,1,48.0,129.73,GT
C Green,Pace,Death,1,7,48,24,5,9.6,200.0,KKR
BM Duckett,Pace,PP,2,3,48,27,1,48.0,177.78,SRH
MS Pepper,Pace,Middle,1,2,48,40,1,48.0,120.0,
R Parag,Pace,Middle,2,8,48,34,3,16.0,141.18,GT
Shahbaz Ahmed,Pace,Death,1,7,48,37,3,16.0,129.73,KKR
Sonu Yadav,Pace,Middle,1,3,48,28,0,,171.43,CSK
WG Jacks,Pace,Middle,1,8,48,41,0,,117.07,RR
RR Rossouw,Pace,Middle,2,4,48,47,4,12.0,102.13,
SA Yadav,Spin,PP,2,6,47,27,2,23.5,174.07,DC
PD Salt,Pace,Death,1,3,47,17,2,23.5,276.47,PBKS
PD Salt,Pace,Middle,1,3,47,38,1,47.0,123.68,PBKS
T Stubbs,Pace,Middle,2,6,47,31,2,23.5,151.61,CSK
Urvil Patel,Pace,Death,2,4,47,19,1,47.0,247.37,MI
Adarsh Singh,Pace,Death,2,4,47,28,3,15.67,167.86,DC
Tanush Kotian,Spin,Death,2,6,47,22,3,15.67,213.64,CSK
Shashank Singh,Pace,Middle,2,9,47,44,2,23.5,106.82,PBKS
Naman Dhir,Spin,Death,2,4,46,22,2,23.0,209.09,GT
Sameer Rizvi,Pace,Middle,1,8,46,28,1,46.0,164.29,LSG
GJ Maxwell,Pace,Death,1,1,46,15,0,,306.67,DC
WG Jacks,Pace,Death,1,5,46,27,4,11.5,170.37,RR
Abishek Porel,Spin,Death,2,5,46,22,1,46.0,209.09,LSG
N Pooran,Pace,Death,2,5,45,22,4,11.25,204.55,MI
Karan Shinde,Pace,Death,1,4,45,18,2,22.5,250.0,SRH
C Green,Spin,PP,1,5,45,26,0,,173.08,KKR
D Forrester,Pace,Death,2,4,45,17,2,22.5,264.71,MI
PWH de Silva,Pace,Death,2,5,45,23,2,22.5,195.65,RCB
PD Salt,Pace,Middle,2,6,45,27,4,11.25,166.67,PBKS
Tarang Gohel,Spin,Death,2,3,45,20,1,45.0,225.0,DC
FH Allen,Spin,Middle,1,5,45,32,2,22.5,140.62,SRH
Atharva Taide,Spin,PP,1,4,45,27,2,22.5,166.67,RCB
Suryansh Shedge,Pace,Middle,1,5,45,40,2,22.5,112.5,KKR
SP Narine,Spin,PP,2,3,44,25,1,44.0,176.0,SRH
Shubman Gill,Spin,Death,2,4,44,21,3,14.67,209.52,LSG
YBK Jaiswal,Spin,Death,1,3,44,10,0,,440.0,RR
PD Salt,Spin,PP,1,5,44,28,3,14.67,157.14,PBKS
PD Salt,Spin,Middle,2,4,44,36,2,22.0,122.22,PBKS
Ajay Rohera,Spin,Middle,1,3,44,32,1,44.0,137.5,LSG
Jay Gohil,Pace,Death,2,4,44,18,2,22.0,244.44,MI
R Smaran,Pace,Death,2,5,44,29,4,11.0,151.72,RR
R Smaran,Pace,Middle,1,3,44,23,1,44.0,191.3,RR
RG Sharma,Spin,Death,1,4,44,20,2,22.0,220.0,KKR
DR Mousley,Spin,Death,1,3,44,18,1,44.0,244.44,LSG
B Sai Sudharsan,Spin,PP,1,7,43,40,4,10.75,107.5,MI
BM Duckett,Spin,PP,2,4,43,24,1,43.0,179.17,SRH
PWH de Silva,Spin,Middle,2,4,43,24,1,43.0,179.17,RCB
Ritik Vats,Spin,Death,1,4,42,22,2,21.0,190.91,DC
JC Buttler,Spin,Middle,2,4,42,26,2,21.0,161.54,DC
CH Gayle,Pace,Death,1,2,42,13,1,42.0,323.08,RCB
Anmolpreet Singh,Pace,Middle,1,7,42,39,2,21.0,107.69,KKR
Harnoor Singh,Pace,PP,2,2,42,18,1,42.0,233.33,RCB
RD Gaikwad,Spin,Middle,2,5,42,24,2,21.0,175.0,CSK
Akshat Raghuwanshi,Pace,Death,1,2,42,19,1,42.0,221.05,MI
D Brevis,Pace,Death,2,4,42,21,2,21.0,200.0,GT
AM Rahane,Spin,Middle,2,2,42,24,2,21.0,175.0,
RD Rickelton,Spin,PP,1,5,42,30,3,14.0,140.0,RR
Shubhang Hegde,Pace,Death,2,3,41,13,2,20.5,315.38,LSG
VR Iyer,Pace,Middle,2,6,41,29,2,20.5,141.38,SRH
C Green,Pace,PP,2,6,41,22,0,,186.36,KKR
RM Patidar,Spin,Middle,2,3,41,27,0,,151.85,RCB
KH Pandya,Pace,Death,1,1,41,18,1,41.0,227.78,SRH
Priyansh Arya,Pace,Middle,1,4,41,24,2,20.5,170.83,RCB
Abhishek Pathak,Pace,PP,1,3,41,26,0,,157.69,RCB
SU Parakh,Spin,Middle,1,2,40,20,1,40.0,200.0,SRH
JC Buttler,Pace,Death,2,4,40,13,1,40.0,307.69,DC
RD Rickelton,Spin,Middle,1,2,40,29,1,40.0,137.93,RR
S Arora,Pace,PP,1,7,40,23,1,40.0,173.91,KKR
AD Russell,Spin,Death,2,3,40,21,1,40.0,190.48,DC
Ramandeep Singh,Pace,Middle,1,4,40,28,2,20.0,142.86,RCB
Tushar Raheja,Pace,Middle,2,5,40,26,4,10.0,153.85,KKR
JM Vince,Pace,PP,1,2,40,25,1,40.0,160.0,CSK
B Sai Sudharsan,Spin,Middle,1,3,40,22,0,,181.82,MI
Abhishek Tanwar,Pace,Death,2,4,39,17,3,13.0,229.41,RCB
JP Inglis,Spin,Death,1,2,39,19,1,39.0,205.26,GT
BJ McMullen,Pace,PP,1,3,39,21,0,,185.71,RCB
Abhishek Pathak,Pace,Middle,2,5,39,31,1,39.0,125.81,RCB
AR Patel,Spin,Death,1,2,39,17,0,,229.41,PBKS
TH David,Pace,PP,1,2,39,13,1,39.0,300.0,
Rohan Kunnummal,Spin,Death,1,2,39,15,0,,260.0,MI
Abishek Porel,Spin,Death,1,6,39,24,3,13.0,162.5,LSG
H Klaasen,Pace,Middle,1,5,38,26,2,19.0,146.15,
BJ McMullen,Spin,PP,1,3,38,28,1,38.0,135.71,RCB
MJ Owen,Pace,Death,2,1,38,16,0,,237.5,MI
Urvil Patel,Spin,Death,1,4,38,21,2,19.0,180.95,MI
Sonu Yadav,Pace,Death,1,6,38,25,5,7.6,152.0,CSK
T Dahiya,Spin,Middle,1,3,38,34,1,38.0,111.76,LSG
MS Pepper,Pace,PP,1,3,38,23,0,,165.22,
Jay Gohil,Pace,Middle,2,3,38,19,0,,200.0,MI
JJ Smit,Pace,Death,1,5,37,21,5,7.4,176.19,PBKS
Rituraj Sharma,Spin,Death,1,2,37,17,2,18.5,217.65,
Abhishek Sharma,Pace,Middle,1,3,37,30,0,,123.33,MI
MW Short,Pace,PP,1,2,37,22,0,,168.18,MI
B Sai Sudharsan,Spin,PP,2,6,37,23,2,18.5,160.87,MI
AM Rahane,Pace,PP,1,2,37,13,1,37.0,284.62,
S Arora,Spin,Middle,2,4,37,24,1,37.0,154.17,KKR
Utkarsh Singh,Spin,Death,1,3,37,26,3,12.33,142.31,RR
Kartik Sharma,Spin,PP,2,3,37,17,1,37.0,217.65,SRH
V Kohli,Spin,Middle,1,3,37,29,0,,127.59,LSG
D Brevis,Pace,Middle,2,5,37,28,0,,132.14,GT
TP Ura,Pace,Middle,2,5,37,21,2,18.5,176.19,PBKS
N Rana,Pace,Death,1,1,37,11,0,,336.36,GT
KA Pollard,Pace,Middle,1,4,37,21,3,12.33,176.19,RR
Harnoor Singh,Spin,Middle,2,1,36,19,0,,189.47,RCB
WG Jacks,Spin,PP,1,4,36,23,1,36.0,156.52,RR
PWH de Silva,Spin,PP,1,5,36,22,2,18.0,163.64,RCB
Chirag Jani,Spin,Death,2,1,36,12,1,36.0,300.0,RCB
AK Markram,Spin,Middle,1,4,36,28,3,12.0,128.57,DC
PD Salt,Spin,Middle,1,3,36,27,1,36.0,133.33,PBKS
Suryansh Shedge,Spin,Middle,1,5,36,15,0,,240.0,KKR
WL Madsen,Pace,Death,2,4,36,16,0,,225.0,MI
BM Duckett,Pace,PP,1,4,35,22,2,17.5,159.09,SRH
Akshat Raghuwanshi,Pace,PP,2,2,35,18,2,17.5,194.44,MI
SS Iyer,Pace,Middle,1,5,35,31,4,8.75,112.9,KKR
WG Jacks,Pace,PP,2,4,35,31,1,35.0,112.9,RR
Shubhang Hegde,Spin,Death,1,2,35,14,1,35.0,250.0,LSG
Atharva Taide,Pace,PP,1,3,35,18,1,35.0,194.44,RCB
KA Pollard,Pace,PP,2,4,35,29,0,,120.69,RR
Nithish Kumar Reddy,Pace,Middle,1,4,35,28,1,35.0,125.0,GT
Parth Chandan,Pace,Death,1,4,35,17,1,35.0,205.88,DC
AD Russell,Spin,Middle,2,4,35,32,1,35.0,109.38,DC
KA Maharaj,Spin,Death,1,5,34,38,4,8.5,89.47,RCB
N Pooran,Spin,Death,2,2,34,11,1,34.0,309.09,MI
C Green,Spin,Death,2,5,34,22,2,17.0,154.55,KKR
V Kohli,Pace,Death,1,3,34,17,2,17.0,200.0,LSG
V Suryavanshi,Spin,Death,2,1,34,8,0,,425.0,PBKS
AD Russell,Pace,Middle,2,5,34,24,0,,141.67,DC
AJ Hosein,Spin,Death,1,3,34,13,1,34.0,261.54,
AD Russell,Pace,Middle,1,4,34,21,0,,161.9,DC
JC Buttler,Pace,Middle,2,5,34,24,0,,141.67,DC
TP Ura,Spin,Death,2,3,34,11,3,11.33,309.09,PBKS
PHKD Mendis,Spin,Death,2,3,34,14,1,34.0,242.86,PBKS
F du Plessis,Spin,PP,2,4,34,28,1,34.0,121.43,
Salman Nizar,Pace,Death,1,3,33,19,1,33.0,173.68,
Sonu Yadav,Spin,Middle,2,2,33,22,1,33.0,150.0,CSK
Arshad Khan,Spin,Death,2,2,33,18,0,,183.33,CSK
S Arora,Pace,Death,1,2,33,9,0,,366.67,KKR
Nithish Kumar Reddy,Pace,Death,1,2,33,14,1,33.0,235.71,GT
V Nigam,Pace,Middle,2,3,33,20,2,16.5,165.0,GT
Naman Dhir,Spin,Death,1,4,33,15,3,11.0,220.0,GT
SA Yadav,Pace,Death,1,4,32,11,1,32.0,290.91,DC
C Connolly,Spin,Middle,2,1,32,28,0,,114.29,GT
Kartik Sharma,Pace,PP,2,4,32,18,0,,177.78,SRH
GF Linde,Spin,Death,2,3,32,15,0,,213.33,GT
Vansh Bedi,Pace,PP,2,2,32,22,0,,145.45,PBKS
P Simran Singh,Spin,Death,1,2,32,13,0,,246.15,SRH
Sameer Rizvi,Spin,Death,2,7,32,19,4,8.0,168.42,LSG
S Arora,Spin,Death,2,3,32,18,0,,177.78,KKR
J Fraser-McGurk,Pace,Middle,2,1,32,16,0,,200.0,DC
RD Gaikwad,Pace,Middle,2,4,32,18,2,16.0,177.78,CSK
P Simran Singh,Pace,Death,2,6,32,27,3,10.67,118.52,SRH
Shashank Singh,Pace,PP,1,2,32,10,0,,320.0,PBKS
R Parag,Pace,Death,2,5,32,16,1,32.0,200.0,GT
Vansh Bedi,Spin,Death,2,4,31,16,2,15.5,193.75,PBKS
RG Sharma,Spin,Middle,2,5,31,24,2,15.5,129.17,KKR
SP Narine,Pace,Middle,2,5,31,23,3,10.33,134.78,SRH
Abhishek Tanwar,Pace,Middle,1,1,31,14,0,,221.43,RCB
J Fraser-McGurk,Pace,PP,2,3,31,18,3,10.33,172.22,DC
Ajay Rohera,Pace,Middle,1,3,31,23,1,31.0,134.78,LSG
P Simran Singh,Pace,Death,1,4,31,18,2,15.5,172.22,SRH
BJ McMullen,Spin,Middle,1,4,31,27,1,31.0,114.81,RCB
MR Marsh,Pace,PP,2,3,31,19,1,31.0,163.16,KKR
KA Pollard,Spin,PP,1,3,31,14,1,31.0,221.43,RR
S Arora,Pace,Middle,2,3,31,14,1,31.0,221.43,KKR
AK Markram,Spin,PP,1,4,31,34,2,15.5,91.18,DC
AM Rahane,Spin,PP,2,4,31,40,2,15.5,77.5,
Tarang Gohel,Pace,Middle,1,7,31,31,2,15.5,100.0,DC
JP Inglis,Pace,Death,2,2,31,14,0,,221.43,GT
RM Patidar,Pace,PP,1,5,31,25,1,31.0,124.0,RCB
HJ Manenti,Pace,Death,1,5,30,26,3,10.0,115.38,RCB
Tarang Gohel,Spin,Death,1,3,30,10,1,30.0,300.0,DC
T Stubbs,Spin,Death,1,1,30,10,0,,300.0,CSK
SP Narine,Spin,Death,2,2,30,9,0,,333.33,SRH
Vansh Bedi,Spin,PP,1,3,30,15,1,30.0,200.0,PBKS
KK Nair,Pace,PP,1,4,30,19,2,15.0,157.89,CSK
D Padikkal,Spin,Middle,1,1,30,22,1,30.0,136.36,RR
Tanush Kotian,Pace,Middle,2,5,30,17,0,,176.47,CSK
Kumar Kushagra,Spin,Middle,2,2,29,23,1,29.0,126.09,RR
KK Nair,Spin,PP,1,4,29,14,0,,207.14,CSK
TM Head,Spin,PP,2,3,29,21,2,14.5,138.1,KKR
MS Pepper,Spin,PP,1,2,29,13,1,29.0,223.08,
Aniket Verma,Spin,Death,2,5,29,16,4,7.25,181.25,RR
YBK Jaiswal,Spin,PP,1,4,29,23,2,14.5,126.09,RR
AGS Gous,Pace,PP,1,1,29,19,0,,152.63,LSG
RD Gaikwad,Pace,Death,1,4,29,16,3,9.67,181.25,CSK
Ajay Rohera,Pace,Death,2,2,29,13,1,29.0,223.08,LSG
F du Plessis,Pace,Middle,2,2,29,18,1,29.0,161.11,
H Klaasen,Pace,Death,1,3,29,9,0,,322.22,
DR Mousley,Pace,PP,1,3,29,21,0,,138.1,LSG
Ritik Vats,Spin,PP,1,2,28,16,0,,175.0,DC
TM Head,Pace,Death,1,3,28,16,2,14.0,175.0,KKR
H Klaasen,Spin,Death,2,3,28,17,3,9.33,164.71,
Akshat Raghuwanshi,Spin,PP,1,2,28,17,1,28.0,164.71,MI
Ramandeep Singh,Spin,Middle,1,3,28,13,0,,215.38,RCB
Siddhesh Veer,Spin,Death,1,3,28,14,1,28.0,200.0,MI
D Brevis,Pace,PP,1,1,28,18,0,,155.56,GT
SU Parakh,Pace,Middle,2,6,28,25,4,7.0,112.0,SRH
GD Phillips,Pace,PP,1,3,28,20,0,,140.0,RR
JA Duffy,Spin,Death,1,2,28,11,0,,254.55,LSG
SV Samson,Spin,Death,2,1,28,11,0,,254.55,GT
Sanvir Singh,Spin,Death,1,1,28,13,0,,215.38,
RE van der Merwe,Spin,Death,1,3,28,17,2,14.0,164.71,CSK
KA Pollard,Pace,PP,1,3,28,18,1,28.0,155.56,RR
RE van der Merwe,Pace,Death,1,3,28,18,3,9.33,155.56,CSK
RK Singh,Pace,Middle,1,4,27,20,1,27.0,135.0,PBKS
KK Nair,Spin,Death,2,5,27,18,3,9.0,150.0,CSK
R Parag,Spin,PP,2,2,27,18,1,27.0,150.0,GT
Rishabh Chouhan,Pace,Death,1,1,27,8,0,,337.5,GT
HH Pandya,Spin,Death,2,4,27,13,2,13.5,207.69,LSG
DP Conway,Spin,PP,1,3,27,17,2,13.5,158.82,
HH Pandya,Pace,Middle,1,4,27,20,0,,135.0,LSG
Dhruv Jurel,Pace,PP,1,2,27,23,0,,117.39,CSK
DR Mousley,Spin,PP,1,4,27,23,0,,117.39,LSG
DR Mousley,Pace,PP,2,3,27,22,2,13.5,122.73,LSG
J Fraser-McGurk,Spin,Middle,1,2,27,10,2,13.5,270.0,DC
Nithish Kumar Reddy,Spin,Middle,1,4,27,19,1,27.0,142.11,GT
MJ Owen,Spin,PP,2,5,27,23,1,27.0,117.39,MI
Shubman Gill,Pace,Death,1,2,27,8,0,,337.5,LSG
JM Sharma,Spin,Middle,2,6,27,24,1,27.0,112.5,RCB
Vansh Bedi,Pace,Death,1,2,27,15,0,,180.0,PBKS
RA Jadeja,Pace,Death,2,5,26,14,2,13.0,185.71,CSK
Chirag Jani,Spin,Middle,1,5,26,29,4,6.5,89.66,RCB
N Pooran,Pace,Middle,2,3,26,16,0,,162.5,MI
CH Gayle,Spin,Death,1,4,26,18,3,8.67,144.44,RCB
C Green,Pace,Death,2,1,26,8,0,,325.0,KKR
B Sai Sudharsan,Spin,Middle,2,2,26,22,1,26.0,118.18,MI
Sunny Sandhu,Spin,Middle,1,1,26,20,0,,130.0,DC
SP Narine,Pace,PP,1,2,26,15,0,,173.33,SRH
WG Jacks,Spin,Death,2,2,26,8,1,26.0,325.0,RR
SR Watson,Pace,Death,2,2,26,12,1,26.0,216.67,
AR Patel,Spin,Death,2,2,26,16,2,13.0,162.5,PBKS
Tanush Kotian,Pace,Middle,1,2,26,16,1,26.0,162.5,CSK
R Smaran,Spin,PP,2,1,26,14,0,,185.71,RR
R Smaran,Spin,Death,2,4,26,15,2,13.0,173.33,RR
Tushar Raheja,Spin,Middle,1,1,26,16,1,26.0,162.5,KKR
T Stubbs,Pace,PP,2,4,26,32,0,,81.25,CSK
P Simran Singh,Spin,Death,2,6,26,18,2,13.0,144.44,SRH
Tilak Varma,Pace,Death,1,2,26,12,2,13.0,216.67,CSK
KA Pollard,Spin,Death,2,4,25,24,3,8.33,104.17,RR
PHKD Mendis,Pace,Death,1,5,25,16,5,5.0,156.25,PBKS
BJ McMullen,Pace,PP,2,3,25,16,3,8.33,156.25,RCB
MS Pepper,Spin,PP,2,1,25,21,0,,119.05,
S Arora,Spin,PP,1,5,25,15,3,8.33,166.67,KKR
Karan Shinde,Pace,Middle,2,3,25,22,0,,113.64,SRH
Karan Shinde,Spin,Middle,2,3,25,30,1,25.0,83.33,SRH
Siddhesh Veer,Pace,Middle,2,1,25,15,0,,166.67,MI
HH Pandya,Pace,PP,2,1,25,14,0,,178.57,LSG
F du Plessis,Pace,PP,2,3,25,24,1,25.0,104.17,
Tilak Varma,Spin,Death,1,2,25,13,1,25.0,192.31,CSK
Utkarsh Singh,Pace,Death,1,3,25,15,1,25.0,166.67,RR
Abhishek Sharma,Spin,Middle,1,4,25,18,2,12.5,138.89,MI
N Rana,Pace,Middle,1,2,25,26,1,25.0,96.15,GT
RK Singh,Pace,Death,1,2,25,14,1,25.0,178.57,PBKS
Vishnu Vinod,Spin,PP,1,1,25,14,1,25.0,178.57,GT
TL Seifert,Spin,Middle,1,3,25,26,3,8.33,96.15,PBKS
Vansh Bedi,Pace,PP,1,3,24,12,1,24.0,200.0,PBKS
JP Inglis,Pace,Death,1,2,24,8,1,24.0,300.0,GT
Kartik Sharma,Pace,Death,1,2,24,12,1,24.0,200.0,SRH
MS Pepper,Pace,PP,2,2,24,18,0,,133.33,
D Wiese,Spin,Death,1,3,24,12,1,24.0,200.0,KKR
DR Mousley,Pace,Death,1,3,24,13,2,12.0,184.62,LSG
MR Marsh,Spin,Death,1,4,24,21,3,8.0,114.29,KKR
MW Short,Spin,PP,1,3,24,14,2,12.0,171.43,MI
R Smaran,Spin,Middle,1,5,24,24,3,8.0,100.0,RR
Chirag Jani,Pace,Middle,1,7,24,19,1,24.0,126.32,RCB
Kunal Chandela,Spin,Middle,2,2,24,12,1,24.0,200.0,
RR Rossouw,Spin,Middle,1,2,24,22,1,24.0,109.09,
GF Linde,Pace,Death,2,6,24,16,3,8.0,150.0,GT
JM Sharma,Spin,Death,2,4,24,17,1,24.0,141.18,RCB
A Mhatre,Pace,PP,1,3,24,13,2,12.0,184.62,
MR Marsh,Spin,Death,2,2,24,11,0,,218.18,KKR
V Nigam,Spin,Death,2,4,24,10,2,12.0,240.0,GT
LS Livingstone,Spin,Middle,1,2,24,21,1,24.0,114.29,PBKS
S Dube,Spin,Death,2,2,24,12,1,24.0,200.0,RR
DP Conway,Spin,Middle,2,3,23,15,1,23.0,153.33,
Shahbaz Ahmed,Pace,Middle,1,6,23,23,3,7.67,100.0,KKR
Shahbaz Ahmed,Pace,PP,1,1,23,8,0,,287.5,KKR
SS Iyer,Pace,PP,2,2,23,8,0,,287.5,KKR
N Pooran,Spin,Middle,1,3,23,18,0,,127.78,MI
SE Rutherford,Pace,Middle,2,2,23,14,0,,164.29,
WG Jacks,Pace,Death,2,2,23,12,1,23.0,191.67,RR
C Connolly,Spin,PP,1,2,23,15,1,23.0,153.33,GT
Ritik Vats,Pace,Middle,1,3,23,31,2,11.5,74.19,DC
T Dahiya,Spin,Middle,2,1,23,9,1,23.0,255.56,LSG
BA Stokes,Pace,PP,1,1,23,14,1,23.0,164.29,
KA Maharaj,Pace,Death,1,5,23,21,2,11.5,109.52,RCB
RR Rossouw,Spin,Middle,2,2,23,12,0,,191.67,
Aniket Verma,Pace,Death,2,4,23,17,1,23.0,135.29,RR
Rituraj Sharma,Spin,Middle,1,4,23,21,2,11.5,109.52,
HC Brook,Pace,Middle,1,1,23,8,1,23.0,287.5,GT
Kumar Kushagra,Spin,Middle,1,3,22,18,1,22.0,122.22,RR
WL Madsen,Pace,Middle,2,4,22,18,2,11.0,122.22,MI
MP Stoinis,Pace,Middle,2,2,22,12,1,22.0,183.33,
J Overton,Spin,Death,1,4,22,14,1,22.0,157.14,RR
N Sindhu,Spin,PP,2,4,22,9,1,22.0,244.44,DC
AB de Villiers,Pace,Death,2,2,22,12,1,22.0,183.33,
Abdul Samad,Spin,Death,2,2,22,17,1,22.0,129.41,KKR
TM Head,Spin,Middle,2,1,22,15,0,,146.67,KKR
Parth Chandan,Pace,Death,2,2,22,7,1,22.0,314.29,DC
RD Gaikwad,Spin,PP,2,3,22,18,3,7.33,122.22,CSK
Sonu Yadav,Pace,Middle,2,2,22,12,1,22.0,183.33,CSK
Vishnu Vinod,Pace,Middle,1,3,22,23,1,22.0,95.65,GT
Akash Pawar,Pace,Death,2,1,22,11,1,22.0,200.0,
R Powell,Pace,PP,2,1,22,19,0,,115.79,
R Sai Kishore,Pace,Death,1,2,22,13,0,,169.23,GT
Harnoor Singh,Spin,PP,1,2,22,17,0,,129.41,RCB
Mohammad Ghazanfar,Spin,Death,1,2,22,18,1,22.0,122.22,RR
SS Iyer,Spin,PP,1,4,21,19,1,21.0,110.53,KKR
BM Duckett,Spin,Death,2,2,21,9,0,,233.33,SRH
Yashvardhan Dalal,Spin,Middle,1,1,21,17,1,21.0,123.53,
A Manohar,Spin,Middle,1,1,21,14,0,,150.0,RCB
V Suryavanshi,Pace,Death,2,3,21,16,2,10.5,131.25,PBKS
Vishnu Vinod,Spin,Death,2,3,21,12,1,21.0,175.0,GT
N Rana,Pace,Death,2,2,21,14,1,21.0,150.0,GT
Parth Chandan,Spin,PP,1,1,21,12,0,,175.0,DC
AD Russell,Spin,Middle,1,6,21,14,3,7.0,150.0,DC
SU Parakh,Pace,Middle,1,2,21,11,1,21.0,190.91,SRH
YBK Jaiswal,Pace,PP,1,2,21,10,0,,210.0,RR
AK Markram,Pace,PP,1,3,21,11,0,,190.91,DC
R Smaran,Spin,PP,1,4,21,20,1,21.0,105.0,RR
AM Rahane,Spin,PP,1,2,21,20,1,21.0,105.0,
Vishnu Vinod,Spin,PP,2,1,21,15,0,,140.0,GT
Abhishek Tanwar,Spin,Middle,1,2,21,11,1,21.0,190.91,RCB
Sunny Sandhu,Spin,Death,1,2,20,8,1,20.0,250.0,DC
Sachin Baby,Spin,Middle,2,1,20,15,1,20.0,133.33,CSK
RK Singh,Spin,Middle,1,4,20,19,3,6.67,105.26,PBKS
Naveen-ul-Haq,Pace,Death,1,1,20,14,0,,142.86,
MS Pepper,Spin,Middle,2,1,20,13,1,20.0,153.85,
MS Dhoni,Spin,Death,2,2,20,16,2,10.0,125.0,
Shivam Shukla,Pace,Death,1,2,20,8,1,20.0,250.0,MI
Ashutosh Sharma,Pace,PP,1,1,20,15,1,20.0,133.33,GT
BJ McMullen,Pace,Middle,1,2,20,12,1,20.0,166.67,RCB
BA Stokes,Pace,Death,1,2,20,16,0,,125.0,
Ajay Rohera,Spin,PP,1,5,20,20,2,10.0,100.0,LSG
Jay Gohil,Spin,Middle,1,5,20,18,2,10.0,111.11,MI
Ishan Kishan,Pace,Death,2,2,20,12,0,,166.67,KKR
A Manohar,Pace,Death,1,2,20,12,0,,166.67,RCB
