bowler,pitch,phase,innings,num_inn,wkts,runs_conceded,balls,Eco,SR,Curr_Tm
AK Markram,spin,Death,2,9,18,165,88,11.25,4.89,DC
Harsh Dubey,spin,Death,2,9,16,116,78,8.92,4.88,DC
JJ Bumrah,pace,Death,1,8,16,138,85,9.74,5.31,DC
HJ Manenti,pace,Death,2,9,15,157,77,12.23,5.13,RCB
HJ Manenti,pace,Death,1,9,13,194,97,12.0,7.46,RCB
JR Hazlewood,pace,Middle,1,8,13,208,168,7.43,12.92,MI
Geet Puri,neutralish,Death,1,4,12,103,70,8.83,5.83,CSK
B Kumar,pace,Death,2,8,12,97,61,9.54,5.08,KKR
JJ Smit,pace,Death,1,9,11,117,96,7.31,8.73,PBKS
Sufiyan Muqeem,neutralish,Death,2,8,11,146,75,11.68,6.82,GT
Mohammad Amir,pace,PP,2,6,10,93,66,8.45,6.6,LSG
GF Linde,spin,Death,1,7,10,67,50,8.04,5.0,GT
RE van der Merwe,spin,Death,1,8,10,216,108,12.0,10.8,CSK
B Kumar,pace,PP,2,12,10,175,120,8.75,12.0,KKR
C Green,pace,Middle,2,12,10,350,238,8.82,23.8,KKR
JJ Bumrah,pace,Death,2,7,10,97,71,8.2,7.1,DC
Prashant Solanki,spin,Middle,1,6,10,149,132,6.77,13.2,CSK
KA Maharaj,spin,Death,2,6,9,100,61,9.84,6.78,RCB
Suryansh Shedge,pace,PP,2,6,9,129,96,8.06,10.67,KKR
M Markande,spin,Middle,2,6,9,141,108,7.83,12.0,SRH
H Ssenyondo,spin,Death,1,5,9,82,55,8.95,6.11,LSG
SS Ghosh,pace,Death,1,7,9,102,63,9.71,7.0,RCB
Sufiyan Muqeem,spin,Death,2,5,9,43,36,7.17,4.0,GT
GF Linde,neutralish,Death,2,8,9,127,72,10.58,8.0,GT
Rasikh Salam,pace,Death,1,7,9,190,94,12.13,10.44,SRH
PWH de Silva,pace,Middle,1,10,8,308,204,9.06,25.5,RCB
Mohammad Ghazanfar,spin,PP,2,5,8,131,72,10.92,9.0,RR
Shaheen Shah Afridi,pace,Death,1,5,8,92,48,11.5,6.0,DC
SH Johnson,pace,Death,1,5,8,94,48,11.75,6.0,KKR
Suryansh Shedge,pace,Middle,2,7,8,49,54,5.44,6.75,KKR
Mohammad Ghazanfar,spin,PP,1,6,8,37,48,4.62,6.0,RR
Mohammad Amir,pace,Death,1,8,8,90,54,10.0,6.75,LSG
Sufiyan Muqeem,spin,Middle,1,7,8,136,102,8.0,12.75,GT
Sufiyan Muqeem,spin,Death,1,7,8,98,60,9.8,7.5,GT
Rasikh Salam,pace,Death,2,7,8,181,85,12.78,10.62,SRH
Geet Puri,pace,Death,1,3,8,96,48,12.0,6.0,CSK
SS Ghosh,pace,Middle,2,9,8,147,90,9.8,11.25,RCB
SS Ghosh,pace,Death,2,8,7,125,58,12.93,8.29,RCB
Utkarsh Singh,spin,Middle,2,7,7,109,102,6.41,14.57,RR
MP Yadav,pace,Death,1,6,7,116,58,12.0,8.29,KKR
Shahbaz Ahmed,pace,Middle,2,4,7,117,72,9.75,10.29,KKR
Kuldeep Yadav,spin,Death,1,6,7,44,42,6.29,6.0,LSG
AR Ramjani,spin,PP,1,7,7,91,72,7.58,10.29,PBKS
Chirag Jani,pace,PP,1,9,7,256,144,10.67,20.57,RCB
Arshdeep Singh,pace,Death,1,7,7,134,84,9.57,12.0,LSG
NT Ellis,pace,Death,1,7,7,162,78,12.46,11.14,SRH
NT Ellis,neutralish,Death,1,6,7,144,66,13.09,9.43,SRH
Abrar Ahmed,spin,Death,2,6,7,130,58,13.45,8.29,
Sunil Kumar,pace,Death,1,5,7,83,57,8.74,8.14,MI
MR Marsh,pace,Middle,1,7,6,174,114,9.16,19.0,KKR
MA Starc,pace,Death,2,6,6,88,53,9.96,8.83,MI
JJ Bumrah,pace,Middle,1,8,6,96,78,7.38,13.0,DC
Mohammad Ghazanfar,spin,Death,1,4,6,51,30,10.2,5.0,RR
Tanush Kotian,pace,Middle,2,6,6,128,90,8.53,15.0,CSK
Ravi Teja,pace,Middle,1,6,6,87,78,6.69,13.0,PBKS
Karan Lal,spin,Middle,1,6,6,53,50,6.36,8.33,RR
Shivam Shukla,spin,Death,2,1,6,10,9,6.67,1.5,MI
Chirag Jani,spin,PP,2,4,6,86,60,8.6,10.0,RCB
S Lamichhane,spin,Death,1,6,6,121,66,11.0,11.0,MI
Ehsan Khan,spin,Death,1,6,6,161,90,10.73,15.0,CSK
Mohammad Amir,pace,PP,1,8,6,105,90,7.0,15.0,LSG
NT Ellis,pace,PP,2,6,6,120,78,9.23,13.0,SRH
HJ Manenti,pace,Middle,2,7,6,89,57,9.37,9.5,RCB
Shivam Shukla,spin,PP,1,6,6,76,60,7.6,10.0,MI
Mohammed Shami,pace,PP,1,3,6,97,48,12.12,8.0,MI
Arshdeep Singh,pace,Death,2,5,6,104,49,12.73,8.17,LSG
RE van der Merwe,spin,Middle,2,5,6,93,54,10.33,9.0,CSK
Tanush Kotian,spin,PP,1,9,5,188,96,11.75,19.2,CSK
Harsh Dubey,spin,Middle,2,9,5,128,78,9.85,15.6,DC
Gurnoor Brar,pace,PP,2,7,5,161,90,10.73,18.0,DC
Abhishek Tanwar,pace,Death,2,3,5,45,28,9.64,5.6,RCB
LS Livingstone,spin,Death,1,5,5,100,48,12.5,9.6,PBKS
Harshit Rana,pace,Middle,1,3,5,67,42,9.57,8.4,
M Pathirana,pace,Middle,1,6,5,96,72,8.0,14.4,CSK
Satyajeet Bachhav,spin,Middle,2,3,5,73,54,8.11,10.8,MI
Tanush Kotian,neutralish,Middle,1,2,5,45,30,9.0,6.0,CSK
Pulkit Narang,spin,Death,2,6,5,78,47,9.96,9.4,KKR
Pulkit Narang,spin,Middle,1,7,5,140,114,7.37,22.8,KKR
Tanay Thyagarajan,spin,Middle,1,5,5,150,102,8.82,20.4,CSK
Fazalhaq Farooqi,spin,Middle,2,5,5,118,102,6.94,20.4,GT
Fazalhaq Farooqi,spin,Middle,1,4,5,95,66,8.64,13.2,GT
PWH de Silva,pace,Middle,2,6,5,209,120,10.45,24.0,RCB
H Ssenyondo,spin,Death,2,7,5,147,77,11.45,15.4,LSG
S Dube,neutralish,Middle,1,5,5,88,54,9.78,10.8,RR
AK Markram,neutralish,Death,2,1,5,11,10,6.6,2.0,DC
A Zampa,spin,PP,1,7,5,100,60,10.0,12.0,SRH
Shashank Singh,spin,PP,1,10,5,231,120,11.55,24.0,PBKS
Shivam Shukla,spin,Death,1,5,5,111,60,11.1,12.0,MI
DR Briggs,spin,Middle,1,4,5,111,72,9.25,14.4,RCB
Atharva Ankolekar,spin,Middle,2,5,5,99,88,6.75,17.6,RR
NT Ellis,pace,PP,1,7,5,113,72,9.42,14.4,SRH
B Muzarabani,pace,Middle,2,2,5,13,12,6.5,2.4,GT
A Zampa,spin,Death,1,6,5,42,42,6.0,8.4,SRH
JA Duffy,pace,PP,1,5,5,108,60,10.8,12.0,LSG
Atharva Ankolekar,spin,Death,1,4,5,38,23,9.91,4.6,RR
KH Pandya,spin,Death,1,3,5,25,24,6.25,4.8,SRH
B Muzarabani,pace,Death,2,6,5,118,53,13.36,10.6,GT
GJ Maxwell,pace,Middle,1,8,5,214,144,8.92,28.8,DC
HJ Manenti,pace,Middle,1,5,5,66,48,8.25,9.6,RCB
NT Ellis,pace,Death,2,5,5,75,36,12.5,7.2,SRH
JJ Smit,pace,PP,1,9,5,119,90,7.93,18.0,PBKS
B Kumar,pace,Death,1,2,5,17,17,6.0,3.4,KKR
Shahbaz Ahmed,spin,Death,2,3,5,27,18,9.0,3.6,KKR
Ashwin Das,pace,Middle,2,3,5,60,57,6.32,11.4,LSG
Junaid Siddique,pace,Death,1,4,5,97,48,12.12,9.6,RR
Karan Lal,spin,Middle,2,6,5,70,54,7.78,10.8,RR
Ashwin Das,pace,Death,1,6,5,131,72,10.92,14.4,LSG
JJ Smit,pace,Death,2,4,5,74,36,12.33,7.2,PBKS
Tripuresh Singh,pace,Middle,2,2,5,38,24,9.5,4.8,SRH
Rasikh Salam,spin,Death,1,3,5,67,38,10.58,7.6,SRH
Ashutosh Sharma,spin,Middle,2,4,5,74,42,10.57,8.4,GT
A Nagwaswalla,pace,Death,2,2,5,31,24,7.75,4.8,RR
Sonu Yadav,neutralish,Middle,1,2,4,53,36,8.83,9.0,CSK
JJ Smit,pace,Middle,1,4,4,35,30,7.0,7.5,PBKS
Sonu Yadav,pace,Middle,2,3,4,41,24,10.25,6.0,CSK
Shashank Singh,spin,Death,1,6,4,123,48,15.38,12.0,PBKS
Ashutosh Sharma,pace,Middle,2,7,4,124,102,7.29,25.5,GT
M Pathirana,pace,PP,1,6,4,102,54,11.33,13.5,CSK
GF Linde,neutralish,PP,2,8,4,153,90,10.2,22.5,GT
Ashutosh Sharma,pace,Middle,1,4,4,42,42,6.0,10.5,GT
Sikandar Raza,pace,PP,1,3,4,82,42,11.71,10.5,
JJ Smit,spin,Death,1,5,4,73,48,9.12,12.0,PBKS
GF Linde,spin,Middle,1,5,4,56,48,7.0,12.0,GT
Ashwin Shelke,spin,PP,2,6,4,187,84,13.36,21.0,DC
Arshdeep Singh,spin,Death,1,4,4,91,48,11.38,12.0,LSG
Shahbaz Ahmed,spin,Middle,2,6,4,77,66,7.0,16.5,KKR
Shivam Shukla,pace,Death,2,2,4,17,12,8.5,3.0,MI
GF Linde,spin,PP,1,7,4,78,54,8.67,13.5,GT
Atharva Ankolekar,pace,Middle,1,2,4,58,42,8.29,10.5,RR
Atharva Ankolekar,spin,Middle,1,5,4,96,78,7.38,19.5,RR
JJ Bumrah,spin,Death,2,5,4,52,31,10.06,7.75,DC
Arshdeep Singh,neutralish,Death,2,2,4,37,24,9.25,6.0,LSG
Shivam Shukla,pace,Middle,1,2,4,40,30,8.0,7.5,MI
Geet Puri,neutralish,Death,2,1,4,32,18,10.67,4.5,CSK
B Kumar,spin,Death,1,3,4,61,36,10.17,9.0,KKR
JC Archer,pace,Middle,1,1,4,4,12,2.0,3.0,DC
Mangesh Yadav,spin,Death,1,3,4,71,36,11.83,9.0,GT
AJ Hosein,spin,Middle,1,5,4,120,72,10.0,18.0,
Mohammad Ghazanfar,spin,Middle,1,4,4,56,42,8.0,10.5,RR
SP Narine,spin,Death,2,3,4,39,24,9.75,6.0,SRH
Ravi Teja,pace,PP,2,5,4,53,42,7.57,10.5,PBKS
Kuldeep Yadav,spin,PP,1,6,4,57,48,7.12,12.0,LSG
Chirag Jani,pace,Middle,1,8,4,88,66,8.0,16.5,RCB
KA Maharaj,spin,PP,2,7,4,78,60,7.8,15.0,RCB
SM Curran,spin,Death,2,2,4,7,12,3.5,3.0,RR
Easwaran K,pace,PP,1,3,4,79,54,8.78,13.5,DC
JC Archer,pace,Death,2,7,4,149,58,15.41,14.5,DC
Esakkimuthu A,pace,Middle,1,2,4,54,48,6.75,12.0,
KA Maharaj,pace,Middle,2,4,4,122,84,8.71,21.0,RCB
Utkarsh Singh,spin,Middle,1,4,4,58,60,5.8,15.0,RR
V Puthur,spin,Middle,2,6,4,163,108,9.06,27.0,RCB
Ehsan Khan,spin,Death,2,6,4,133,62,12.87,15.5,CSK
S Lamichhane,spin,Middle,1,6,4,84,78,6.46,19.5,MI
AK Markram,spin,Middle,1,4,4,90,54,10.0,13.5,DC
CV Varun,spin,Middle,1,8,4,113,102,6.65,25.5,PBKS
A Zampa,spin,Middle,2,4,4,78,48,9.75,12.0,SRH
H Ssenyondo,spin,Middle,1,5,4,77,60,7.7,15.0,LSG
T Natarajan,pace,Death,1,4,4,46,30,9.2,7.5,RR
GD Phillips,spin,PP,1,4,4,57,36,9.5,9.0,RR
C Sakariya,pace,Middle,1,4,4,87,54,9.67,13.5,RR
C Sakariya,pace,Middle,2,3,4,72,60,7.2,15.0,RR
A Zampa,neutralish,Death,1,5,4,36,42,5.14,10.5,SRH
A Zampa,neutralish,Middle,1,6,4,105,72,8.75,18.0,SRH
Harsh Dubey,neutralish,Death,2,2,4,51,24,12.75,6.0,DC
Rasikh Salam,spin,Middle,2,2,4,35,24,8.75,6.0,SRH
MJ Owen,pace,Death,1,4,4,70,36,11.67,9.0,MI
NT Ellis,spin,Middle,2,1,4,22,18,7.33,4.5,SRH
JC Archer,spin,Death,1,1,4,6,12,3.0,3.0,DC
Pulkit Narang,spin,Death,1,4,4,49,26,11.31,6.5,KKR
YS Chahal,spin,Death,2,5,4,68,37,11.03,9.25,KKR
CV Varun,pace,PP,1,3,4,22,24,5.5,6.0,PBKS
Rasikh Salam,neutralish,Death,1,3,4,46,36,7.67,9.0,SRH
J Overton,pace,Death,2,4,3,63,30,12.6,10.0,RR
M Siddharth,spin,Death,1,5,3,68,48,8.5,16.0,GT
Shaheen Shah Afridi,pace,Middle,1,6,3,106,66,9.64,22.0,DC
J Overton,pace,Death,1,4,3,53,24,13.25,8.0,RR
RE van der Merwe,spin,Middle,1,6,3,91,66,8.27,22.0,CSK
Ravi Teja,spin,Death,2,1,3,17,12,8.5,4.0,PBKS
Ravi Teja,pace,Death,1,3,3,78,36,13.0,12.0,PBKS
J Overton,neutralish,PP,2,7,3,117,66,10.64,22.0,RR
Rasikh Salam,pace,Middle,2,6,3,60,48,7.5,16.0,SRH
Rasikh Salam,pace,Middle,1,4,3,40,36,6.67,12.0,SRH
DS Rathi,spin,Middle,1,4,3,68,60,6.8,20.0,LSG
RE van der Merwe,spin,PP,1,6,3,85,42,12.14,14.0,CSK
J Overton,pace,Middle,1,4,3,86,48,10.75,16.0,RR
Sanvir Singh,pace,Middle,2,3,3,68,48,8.5,16.0,
D Wiese,pace,PP,2,7,3,136,90,9.07,30.0,KKR
Shahbaz Ahmed,spin,Death,1,1,3,4,6,4.0,2.0,KKR
C Green,spin,PP,1,4,3,112,60,11.2,20.0,KKR
Pulkit Narang,neutralish,Middle,2,3,3,75,48,9.38,16.0,KKR
C Green,spin,Middle,2,6,3,139,90,9.27,30.0,KKR
JJ Bumrah,neutralish,Death,1,2,3,78,30,15.6,10.0,DC
Pulkit Narang,pace,Middle,2,5,3,98,66,8.91,22.0,KKR
MA Starc,pace,Middle,2,4,3,78,48,9.75,16.0,MI
GD Phillips,pace,Middle,1,4,3,119,54,13.22,18.0,RR
GF Linde,neutralish,Death,1,2,3,55,24,13.75,8.0,GT
Prince Yadav,pace,Middle,1,2,3,11,12,5.5,4.0,GT
B Kumar,spin,Death,2,2,3,34,22,9.27,7.33,KKR
SS Ghosh,pace,Middle,1,6,3,113,60,11.3,20.0,RCB
CV Varun,spin,Middle,2,5,3,54,48,6.75,16.0,PBKS
CV Varun,spin,PP,1,6,3,65,42,9.29,14.0,PBKS
CV Varun,spin,PP,2,4,3,33,36,5.5,12.0,PBKS
R Ashwin,spin,Middle,1,1,3,20,18,6.67,6.0,PBKS
JJ Bumrah,pace,Middle,2,7,3,137,84,9.79,28.0,DC
Fazalhaq Farooqi,pace,Death,1,2,3,25,24,6.25,8.0,GT
J Overton,neutralish,Death,1,1,3,23,12,11.5,4.0,RR
Chirag Jani,pace,PP,2,9,3,248,132,11.27,44.0,RCB
JC Archer,pace,Middle,2,7,3,112,78,8.62,26.0,DC
M Siddharth,spin,PP,2,3,3,84,48,10.5,16.0,GT
GF Linde,spin,Death,2,3,3,29,21,8.29,7.0,GT
Sanvir Singh,pace,Middle,1,6,3,187,102,11.0,34.0,
D Forrester,pace,Middle,1,5,3,125,84,8.93,28.0,MI
J Overton,neutralish,Middle,2,8,3,116,72,9.67,24.0,RR
Zeeshan Ansari,spin,PP,2,2,3,51,24,12.75,8.0,RR
Ashwin Das,neutralish,Death,2,2,3,23,12,11.5,4.0,LSG
Shashank Singh,pace,PP,1,7,3,142,78,10.92,26.0,PBKS
Parvej Musaraf,spin,Middle,1,3,3,75,60,7.5,20.0,
HH Pandya,pace,Middle,2,4,3,88,66,8.0,22.0,LSG
Tripuresh Singh,pace,Middle,1,3,3,29,24,7.25,8.0,SRH
AR Ramjani,pace,Death,2,3,3,34,23,8.87,7.67,PBKS
Tripuresh Singh,pace,Death,2,1,3,2,6,2.0,2.0,SRH
Naman Tiwari,neutralish,PP,1,3,3,85,54,9.44,18.0,CSK
JR Hazlewood,spin,Middle,2,1,3,26,18,8.67,6.0,MI
AR Ramjani,spin,Middle,1,5,3,71,57,7.47,19.0,PBKS
JR Hazlewood,spin,Middle,1,3,3,119,72,9.92,24.0,MI
HH Pandya,neutralish,Middle,2,3,3,56,36,9.33,12.0,LSG
Tanush Kotian,spin,Middle,1,7,3,95,66,8.64,22.0,CSK
Harshit Rana,neutralish,PP,2,4,3,85,48,10.62,16.0,
Abrar Ahmed,neutralish,Death,2,1,3,9,12,4.5,4.0,
L Ngidi,neutralish,Death,2,1,3,38,18,12.67,6.0,RR
Tanay Thyagarajan,spin,PP,2,5,3,195,84,13.93,28.0,CSK
JR Hazlewood,pace,Middle,2,5,3,131,96,8.19,32.0,MI
Tanay Thyagarajan,spin,Middle,2,5,3,47,30,9.4,10.0,CSK
Mohammad Ghazanfar,spin,Death,2,3,3,40,22,10.91,7.33,RR
H Ssenyondo,spin,Middle,2,7,3,101,84,7.21,28.0,LSG
Abhishek Sharma,spin,PP,2,3,3,63,48,7.88,16.0,MI
L Ngidi,pace,Death,1,2,3,58,30,11.6,10.0,RR
T Natarajan,pace,PP,1,2,3,7,12,3.5,4.0,RR
Harshit Rana,pace,Death,2,3,3,42,18,14.0,6.0,
NT Ellis,spin,PP,1,3,3,81,42,11.57,14.0,SRH
Karan Lal,spin,Death,2,3,3,51,30,10.2,10.0,RR
AK Markram,spin,Middle,2,9,3,159,102,9.35,34.0,DC
Karan Lal,spin,Death,1,5,3,97,53,10.98,17.67,RR
Karan Lal,neutralish,Death,1,4,3,78,42,11.14,14.0,RR
KA Pollard,pace,Middle,2,3,3,93,48,11.62,16.0,RR
KA Pollard,pace,Middle,1,5,3,158,78,12.15,26.0,RR
Yash Singh,spin,Middle,2,2,3,72,36,12.0,12.0,RCB
A Zampa,neutralish,PP,1,5,3,44,30,8.8,10.0,SRH
Harsh Dubey,neutralish,Death,1,3,3,60,30,12.0,10.0,DC
NT Ellis,neutralish,Death,2,2,3,69,30,13.8,10.0,SRH
NT Ellis,neutralish,Middle,1,5,3,43,36,7.17,12.0,SRH
A Zampa,pace,Middle,2,3,3,45,36,7.5,12.0,SRH
KA Pollard,neutralish,Middle,2,3,3,50,36,8.33,12.0,RR
A Zampa,spin,Death,2,2,3,20,18,6.67,6.0,SRH
A Zampa,spin,PP,2,5,3,68,48,8.5,16.0,SRH
NT Ellis,neutralish,PP,1,6,3,65,42,9.29,14.0,SRH
Washington Sundar,spin,Death,2,1,3,6,6,6.0,2.0,RCB
WG Jacks,spin,Middle,2,4,3,42,36,7.0,12.0,RR
KA Maharaj,spin,PP,1,3,3,46,30,9.2,10.0,RCB
Karan Lal,neutralish,Middle,1,4,3,63,48,7.88,16.0,RR
KA Maharaj,spin,Death,1,3,3,30,24,7.5,8.0,RCB
HJ Manenti,pace,PP,2,7,3,120,60,12.0,20.0,RCB
Karan Lal,pace,Middle,2,3,3,66,54,7.33,18.0,RR
V Nigam,spin,Middle,1,4,3,64,54,7.11,18.0,GT
T Natarajan,pace,Death,2,5,3,117,44,15.95,14.67,RR
Tanush Kotian,spin,Death,1,6,3,113,48,14.12,16.0,CSK
H Ssenyondo,pace,Middle,1,3,3,47,36,7.83,12.0,LSG
Ashutosh Sharma,neutralish,PP,2,6,3,90,72,7.5,24.0,GT
JM Coles,spin,Middle,1,2,3,68,48,8.5,16.0,
Arshdeep Singh,neutralish,PP,2,2,3,42,24,10.5,8.0,LSG
Arshdeep Singh,pace,PP,1,7,3,133,78,10.23,26.0,LSG
Abrar Ahmed,spin,Death,1,4,3,83,42,11.86,14.0,
Arshdeep Singh,pace,PP,2,6,3,106,72,8.83,24.0,LSG
PWH de Silva,pace,PP,1,2,3,32,24,8.0,8.0,RCB
PWH de Silva,spin,Death,1,2,3,10,12,5.0,4.0,RCB
Geet Puri,pace,Death,2,3,3,47,36,7.83,12.0,CSK
Gurnoor Brar,pace,Middle,2,4,3,92,54,10.22,18.0,DC
Shubhang Hegde,spin,PP,1,4,3,77,48,9.62,16.0,LSG
Shubhang Hegde,spin,Middle,1,4,3,45,42,6.43,14.0,LSG
Ashwin Shelke,spin,Middle,2,5,3,89,54,9.89,18.0,DC
Shivam Shukla,spin,Middle,1,2,3,26,24,6.5,8.0,MI
Shivam Shukla,neutralish,Death,1,2,3,60,24,15.0,8.0,MI
Shashank Singh,spin,Middle,1,4,3,27,24,6.75,8.0,PBKS
Shashank Singh,spin,Death,2,5,3,67,45,8.93,15.0,PBKS
Arshad Khan,spin,Death,1,1,3,18,12,9.0,4.0,CSK
Mangesh Yadav,pace,Death,2,2,3,23,15,9.2,5.0,GT
M Markande,spin,Middle,1,1,3,20,24,5.0,8.0,SRH
H Ssenyondo,neutralish,Death,2,2,3,31,19,9.79,6.33,LSG
Gurnoor Brar,pace,PP,1,5,3,92,72,7.67,24.0,DC
H Ssenyondo,neutralish,Death,1,1,3,17,12,8.5,4.0,LSG
Sufiyan Muqeem,neutralish,Middle,2,8,3,167,108,9.28,36.0,GT
Sufiyan Muqeem,pace,Middle,1,2,3,54,30,10.8,10.0,GT
Abrar Ahmed,spin,PP,2,6,3,145,72,12.08,24.0,
NT Ellis,pace,Middle,1,3,2,21,18,7.0,9.0,SRH
Parth Chandan,spin,Death,2,2,2,35,12,17.5,6.0,DC
DS Rathi,spin,Death,2,4,2,59,33,10.73,16.5,LSG
H Ssenyondo,pace,Death,2,1,2,0,2,0.0,1.0,LSG
Mohammad Ghazanfar,neutralish,Death,1,3,2,38,18,12.67,9.0,RR
NT Ellis,neutralish,PP,2,3,2,23,18,7.67,9.0,SRH
Pulkit Narang,pace,Death,2,2,2,14,12,7.0,6.0,KKR
Noor Ahmad,pace,Middle,1,2,2,97,48,12.12,24.0,KKR
NT Ellis,spin,Death,1,4,2,53,24,13.25,12.0,SRH
HV Patel,spin,Death,2,1,2,8,8,6.0,4.0,PBKS
Fazalhaq Farooqi,pace,Middle,1,1,2,39,24,9.75,12.0,GT
Mohammad Amir,pace,Middle,1,7,2,65,48,8.12,24.0,LSG
Parth Chandan,spin,PP,1,3,2,51,36,8.5,18.0,DC
Pulkit Narang,spin,PP,1,3,2,15,18,5.0,9.0,KKR
Parth Chandan,spin,PP,2,7,2,138,90,9.2,45.0,DC
GF Linde,spin,PP,2,3,2,47,30,9.4,15.0,GT
Ramandeep Singh,pace,Middle,2,6,2,106,66,9.64,33.0,RCB
Pulkit Narang,spin,Middle,2,6,2,114,78,8.77,39.0,KKR
Harsh Dubey,neutralish,Middle,2,3,2,45,30,9.0,15.0,DC
J Overton,pace,PP,1,3,2,42,24,10.5,12.0,RR
Rasikh Salam,neutralish,Middle,2,1,2,1,6,1.0,3.0,SRH
DS Rathi,spin,Middle,2,6,2,76,54,8.44,27.0,LSG
Imran Tahir,spin,PP,1,3,2,34,36,5.67,18.0,KKR
Naseem Shah,spin,PP,2,1,2,10,6,10.0,3.0,
Prashant Solanki,spin,Death,1,1,2,25,12,12.5,6.0,CSK
Harsh Dubey,spin,PP,1,3,2,13,18,4.33,9.0,DC
RE van der Merwe,neutralish,Middle,2,2,2,43,30,8.6,15.0,CSK
Ehsan Khan,pace,Death,1,2,2,43,24,10.75,12.0,CSK
NT Ellis,spin,Death,2,2,2,28,20,8.4,10.0,SRH
GF Linde,neutralish,Middle,2,3,2,31,18,10.33,9.0,GT
Naman Tiwari,pace,PP,2,3,2,94,48,11.75,24.0,CSK
R Sai Kishore,neutralish,Middle,1,2,2,21,18,7.0,9.0,GT
Fazalhaq Farooqi,neutralish,Middle,1,4,2,92,66,8.36,33.0,GT
Gurnoor Brar,pace,Middle,1,5,2,91,42,13.0,21.0,DC
Naman Tiwari,pace,PP,1,2,2,45,36,7.5,18.0,CSK
Prince Yadav,pace,Middle,2,2,2,33,24,8.25,12.0,GT
Fazalhaq Farooqi,pace,PP,2,3,2,46,36,7.67,18.0,GT
Naman Tiwari,pace,Death,2,2,2,30,12,15.0,6.0,CSK
PHKD Mendis,spin,Middle,2,2,2,32,24,8.0,12.0,PBKS
J Overton,neutralish,Death,2,7,2,86,48,10.75,24.0,RR
HH Pandya,pace,Middle,1,8,2,222,138,9.65,69.0,LSG
PWH de Silva,neutralish,Middle,2,1,2,37,24,9.25,12.0,RCB
Noor Ahmad,spin,Middle,2,5,2,98,78,7.54,39.0,KKR
PWH de Silva,spin,PP,1,4,2,74,42,10.57,21.0,RCB
Mohammad Ghazanfar,spin,Middle,2,3,2,26,24,6.5,12.0,RR
R Sai Kishore,spin,Middle,1,2,2,13,18,4.33,9.0,GT
R Sai Kishore,spin,Middle,2,2,2,11,12,5.5,6.0,GT
Prince Yadav,pace,Death,1,2,2,43,18,14.33,9.0,GT
Ehsan Khan,spin,PP,1,5,2,57,42,8.14,21.0,CSK
Noor Ahmad,spin,Middle,1,4,2,96,78,7.38,39.0,KKR
HH Pandya,spin,Middle,2,4,2,125,78,9.62,39.0,LSG
PWH de Silva,spin,Middle,1,4,2,63,42,9.0,21.0,RCB
HJ Manenti,pace,PP,1,6,2,113,60,11.3,30.0,RCB
Mohammad Amir,pace,Death,2,5,2,52,27,11.56,13.5,LSG
RE van der Merwe,neutralish,Death,2,1,2,11,6,11.0,3.0,CSK
J Miyaji,pace,Middle,2,2,2,29,18,9.67,9.0,
R Sai Kishore,spin,PP,1,2,2,37,18,12.33,9.0,GT
C Green,spin,PP,2,5,2,75,36,12.5,18.0,KKR
Rasikh Salam,neutralish,PP,2,1,2,9,12,4.5,6.0,SRH
Shahbaz Ahmed,neutralish,Death,2,1,2,11,6,11.0,3.0,KKR
Abhishek Tanwar,pace,PP,1,4,2,70,30,14.0,15.0,RCB
L Ngidi,pace,PP,1,2,2,33,18,11.0,9.0,RR
Suryansh Shedge,spin,PP,2,1,2,20,12,10.0,6.0,KKR
Akash Pawar,pace,Death,1,3,2,63,36,10.5,18.0,
Sufiyan Muqeem,pace,Death,2,1,2,27,12,13.5,6.0,GT
M Pathirana,pace,Death,1,6,2,82,40,12.3,20.0,CSK
Sonu Yadav,pace,Middle,1,3,2,64,36,10.67,18.0,CSK
Akshya Deka,spin,Middle,1,2,2,75,48,9.38,24.0,MI
Sonu Yadav,neutralish,PP,2,3,2,33,30,6.6,15.0,CSK
Arshad Khan,pace,Death,1,2,2,36,18,12.0,9.0,CSK
Sikandar Raza,spin,PP,1,2,2,51,36,8.5,18.0,
Arshdeep Singh,spin,Death,2,2,2,20,12,10.0,6.0,LSG
Arshdeep Singh,spin,PP,1,4,2,82,48,10.25,24.0,LSG
Arshdeep Singh,spin,PP,2,2,2,38,24,9.5,12.0,LSG
Ashutosh Sharma,neutralish,Middle,2,6,2,111,72,9.25,36.0,GT
Ashutosh Sharma,spin,Middle,1,2,2,30,24,7.5,12.0,GT
Ashutosh Sharma,spin,PP,1,2,2,30,24,7.5,12.0,GT
Rasikh Salam,pace,PP,1,3,2,83,36,13.83,18.0,SRH
Shivam Shukla,spin,Middle,2,2,2,33,24,8.25,12.0,MI
JJ Smit,pace,Middle,2,4,2,31,24,7.75,12.0,PBKS
Shashank Singh,spin,PP,2,6,2,82,60,8.2,30.0,PBKS
Shashank Singh,spin,Middle,2,2,2,22,18,7.33,9.0,PBKS
B Kumar,neutralish,Death,2,2,2,56,24,14.0,12.0,KKR
B Kumar,pace,PP,1,2,2,15,18,5.0,9.0,KKR
JJ Smit,neutralish,Death,2,1,2,27,12,13.5,6.0,PBKS
B Muzarabani,pace,Death,1,3,2,33,27,7.33,13.5,GT
Shaheen Shah Afridi,pace,Death,2,3,2,107,42,15.29,21.0,DC
Shahbaz Ahmed,spin,PP,2,6,2,129,60,12.9,30.0,KKR
JJ Bumrah,spin,Middle,2,6,2,115,90,7.67,45.0,DC
Abhishek Tanwar,pace,Death,1,3,2,118,48,14.75,24.0,RCB
Tanay Thyagarajan,neutralish,Middle,1,2,2,57,36,9.5,18.0,CSK
Tanush Kotian,spin,Death,2,4,2,44,22,12.0,11.0,CSK
KA Maharaj,spin,Middle,2,6,2,61,54,6.78,27.0,RCB
Zeeshan Ansari,spin,PP,1,3,2,66,42,9.43,21.0,RR
Zeeshan Ansari,neutralish,Middle,1,1,2,22,12,11.0,6.0,RR
A Nagwaswalla,pace,PP,2,2,2,52,24,13.0,12.0,RR
Yash Raj Punja,spin,Death,2,3,2,31,18,10.33,9.0,
A Zampa,pace,Death,1,2,2,13,18,4.33,9.0,SRH
YS Chahal,neutralish,PP,2,2,2,19,12,9.5,6.0,KKR
A Zampa,pace,Middle,1,4,2,90,78,6.92,39.0,SRH
YS Chahal,neutralish,Death,2,3,2,60,26,13.85,13.0,KKR
Washington Sundar,spin,PP,2,4,2,117,54,13.0,27.0,RCB
Washington Sundar,spin,PP,1,3,2,62,36,10.33,18.0,RCB
Washington Sundar,spin,Middle,2,4,2,58,36,9.67,18.0,RCB
KA Pollard,neutralish,Middle,1,2,2,35,18,11.67,9.0,RR
WG Jacks,spin,PP,1,5,2,45,30,9.0,15.0,RR
AD Russell,pace,Middle,1,4,2,20,24,5.0,12.0,DC
Tanush Kotian,spin,Middle,2,7,2,153,78,11.77,39.0,CSK
WG Jacks,pace,Middle,2,7,2,187,108,10.39,54.0,RR
AD Russell,pace,PP,2,5,2,109,60,10.9,30.0,DC
V Puthur,spin,Death,1,2,2,15,12,7.5,6.0,RCB
V Nigam,spin,PP,2,3,2,26,18,8.67,9.0,GT
Junaid Siddique,pace,PP,2,2,2,35,24,8.75,12.0,RR
Junaid Siddique,pace,PP,1,4,2,79,48,9.88,24.0,RR
V Nigam,pace,Death,1,1,2,5,6,5.0,3.0,GT
AR Patel,neutralish,Middle,1,1,2,29,18,9.67,9.0,PBKS
AR Patel,spin,Middle,2,2,2,64,36,10.67,18.0,PBKS
Kuldeep Yadav,neutralish,Middle,1,2,2,34,24,8.5,12.0,LSG
Kuldeep Yadav,spin,Middle,1,5,2,73,54,8.11,27.0,LSG
AR Ramjani,spin,Middle,2,5,2,74,48,9.25,24.0,PBKS
Tanush Kotian,spin,PP,2,4,2,50,36,8.33,18.0,CSK
Shahbaz Ahmed,pace,Middle,1,1,2,11,12,5.5,6.0,KKR
Ashwin Shelke,spin,PP,1,2,2,42,30,8.4,15.0,DC
JJ Bumrah,spin,Death,1,2,2,7,7,6.0,3.5,DC
SH Johnson,pace,Middle,1,3,2,72,42,10.29,21.0,KKR
SS Ghosh,pace,PP,2,8,2,77,48,9.62,24.0,RCB
CV Varun,pace,Middle,2,3,2,82,42,11.71,21.0,PBKS
CV Varun,spin,Death,2,1,2,13,12,6.5,6.0,PBKS
MJ Owen,pace,PP,1,1,2,8,6,8.0,3.0,MI
SP Narine,spin,Middle,1,3,2,57,36,9.5,18.0,SRH
Cheepurapalli Stephen,pace,Middle,1,2,2,27,18,9.0,9.0,RR
SP Narine,spin,Death,1,3,2,63,36,10.5,18.0,SRH
Cheepurapalli Stephen,pace,PP,2,3,2,53,36,8.83,18.0,RR
SO Ngoche,spin,Middle,2,3,2,54,30,10.8,15.0,KKR
SO Ngoche,spin,Death,2,2,2,10,9,6.67,4.5,KKR
SM Curran,pace,PP,1,2,2,29,18,9.67,9.0,RR
MP Yadav,pace,Death,2,4,2,93,36,15.5,18.0,KKR
SH Johnson,pace,Death,2,3,2,46,30,9.2,15.0,KKR
CV Varun,pace,Death,1,2,2,26,12,13.0,6.0,PBKS
MP Yadav,pace,Middle,2,4,2,39,30,7.8,15.0,KKR
S Lamichhane,neutralish,Death,1,1,2,26,12,13.0,6.0,MI
S Gopal,spin,Middle,1,4,2,125,72,10.42,36.0,
MP Yadav,spin,PP,2,2,2,18,12,9.0,6.0,KKR
S Dube,spin,Middle,1,6,2,160,90,10.67,45.0,RR
JA Duffy,pace,Death,2,1,2,13,12,6.5,6.0,LSG
MR Marsh,spin,PP,2,2,2,11,12,5.5,6.0,KKR
Ravi Teja,pace,Middle,2,4,2,94,60,9.4,30.0,PBKS
DR Mousley,spin,Middle,2,3,2,55,36,9.17,18.0,LSG
DS Airee,neutralish,Middle,1,2,2,45,24,11.25,12.0,DC
Rasikh Salam,pace,PP,2,2,2,38,24,9.5,12.0,SRH
DS Airee,spin,Death,1,1,2,3,6,3.0,3.0,DC
SS Ghosh,spin,Death,1,1,2,23,12,11.5,6.0,RCB
Harsh Dubey,spin,Middle,1,4,2,30,30,6.0,15.0,DC
C Green,spin,Death,2,2,2,21,12,10.5,6.0,KKR
C Sakariya,pace,PP,2,2,2,20,12,10.0,6.0,RR
C Green,neutralish,PP,2,2,2,18,12,9.0,6.0,KKR
Shadab Khan,neutralish,Death,1,1,2,32,12,16.0,6.0,
Sayed Irfan Aftab,pace,Middle,2,2,2,40,30,8.0,15.0,PBKS
Saim Ayub,spin,Death,1,1,2,26,12,13.0,6.0,
C Green,neutralish,Middle,1,1,2,9,12,4.5,6.0,KKR
Sayed Irfan Aftab,pace,Middle,1,3,2,37,36,6.17,18.0,PBKS
CH Gayle,spin,Death,2,2,2,26,18,8.67,9.0,RCB
CH Gayle,spin,Middle,2,3,2,84,54,9.33,27.0,RCB
MP Yadav,spin,Middle,2,2,1,7,8,5.25,8.0,KKR
MR Marsh,pace,Middle,2,4,1,103,60,10.3,60.0,KKR
Karan Lal,neutralish,PP,1,1,1,6,6,6.0,6.0,RR
Karan Lal,pace,PP,2,2,1,19,12,9.5,12.0,RR
MP Yadav,spin,Death,1,2,1,61,24,15.25,24.0,KKR
Karan Lal,neutralish,Middle,2,1,1,22,12,11.0,12.0,RR
MP Yadav,spin,PP,1,2,1,25,18,8.33,18.0,KKR
MP Yadav,pace,PP,1,4,1,57,30,11.4,30.0,KKR
MA Starc,neutralish,PP,1,1,1,1,6,1.0,6.0,MI
M Poiyamozhi,pace,Death,2,1,1,43,12,21.5,12.0,
M Siddharth,spin,Death,2,1,1,29,12,14.5,12.0,GT
MR Marsh,pace,PP,1,5,1,74,42,10.57,42.0,KKR
MA Starc,pace,PP,2,4,1,31,42,4.43,42.0,MI
Mayank Dagar,neutralish,Death,2,1,1,8,3,16.0,3.0,DC
Mohammad Amir,pace,Middle,2,6,1,74,48,9.25,48.0,LSG
MW Short,spin,Middle,1,2,1,25,24,6.25,24.0,MI
MW Short,spin,Middle,2,1,1,19,12,9.5,12.0,MI
Karan Lal,neutralish,Death,2,1,1,16,12,8.0,12.0,RR
MW Short,spin,PP,1,2,1,16,12,8.0,12.0,MI
Mohammad Nabi,spin,Death,1,1,1,38,12,19.0,12.0,
Mohammad Amir,neutralish,Death,1,1,1,32,12,16.0,12.0,LSG
KH Pandya,spin,PP,1,3,1,70,36,11.67,36.0,SRH
M Siddharth,spin,PP,1,6,1,125,66,11.36,66.0,GT
MR Marsh,spin,Middle,1,1,1,30,18,10.0,18.0,KKR
Kranthi Kumar,pace,PP,2,1,1,24,12,12.0,12.0,CSK
Manvanth Kumar L,pace,PP,1,3,1,32,18,10.67,18.0,
Karan Lal,spin,PP,1,3,1,28,18,9.33,18.0,RR
M Poiyamozhi,pace,PP,1,1,1,10,12,5.0,12.0,
Mohammad Ghazanfar,neutralish,PP,1,2,1,27,24,6.75,24.0,RR
Mohammad Ghazanfar,pace,PP,2,1,1,26,12,13.0,12.0,RR
Mohammad Ghazanfar,neutralish,Middle,2,1,1,6,6,6.0,6.0,RR
M Markande,spin,PP,2,1,1,19,12,9.5,12.0,SRH
MJ Owen,neutralish,Death,2,2,1,25,12,12.5,12.0,MI
LS Livingstone,spin,PP,2,2,1,55,36,9.17,36.0,PBKS
LS Livingstone,spin,Death,2,2,1,22,12,11.0,12.0,PBKS
LS Livingstone,pace,PP,2,1,1,26,12,13.0,12.0,PBKS
Manvanth Kumar L,pace,Middle,1,3,1,19,18,6.33,18.0,
M Poiyamozhi,spin,Middle,2,1,1,30,18,10.0,18.0,
LS Livingstone,pace,PP,1,1,1,43,12,21.5,12.0,PBKS
MA Starc,neutralish,Middle,2,1,1,14,12,7.0,12.0,MI
M Prasidh Krishna,pace,Middle,1,1,1,6,6,6.0,6.0,KKR
MP Stoinis,pace,Middle,2,3,1,65,36,10.83,36.0,
Mangesh Yadav,spin,PP,2,1,1,20,12,10.0,12.0,GT
L Ngidi,neutralish,PP,2,1,1,9,6,9.0,6.0,RR
Mangesh Yadav,spin,PP,1,3,1,69,36,11.5,36.0,GT
L Ngidi,neutralish,Death,1,1,1,9,6,9.0,6.0,RR
M Prasidh Krishna,pace,Middle,2,2,1,6,12,3.0,12.0,KKR
MA Starc,spin,Death,2,1,1,21,12,10.5,12.0,MI
Mohammad Amir,spin,Middle,2,1,1,36,12,18.0,12.0,LSG
Kuldeep Yadav,spin,Middle,2,4,1,52,42,7.43,42.0,LSG
Mangesh Yadav,spin,Death,2,1,1,2,6,2.0,6.0,GT
Kuldeep Yadav,neutralish,PP,1,2,1,32,18,10.67,18.0,LSG
M Shahrukh Khan,spin,Death,2,2,1,52,20,15.6,20.0,
M Pathirana,pace,Middle,2,3,1,54,30,10.8,30.0,CSK
LI Meriwala,pace,Middle,1,3,1,75,54,8.33,54.0,SRH
Ravi Teja,neutralish,Middle,1,2,1,39,30,7.8,30.0,PBKS
Mohammed Shami,neutralish,PP,1,1,1,40,18,13.33,18.0,MI
Sufiyan Muqeem,spin,Middle,2,5,1,86,60,8.6,60.0,GT
Sonu Yadav,neutralish,Death,2,3,1,34,19,10.74,19.0,CSK
Sonu Yadav,neutralish,Middle,2,2,1,36,18,12.0,18.0,CSK
Sonu Yadav,pace,Death,2,2,1,63,34,11.12,34.0,CSK
Sonu Yadav,pace,PP,2,4,1,101,54,11.22,54.0,CSK
Sonu Yadav,spin,Death,1,1,1,35,12,17.5,12.0,CSK
Sufiyan Muqeem,neutralish,Middle,1,1,1,18,12,9.0,12.0,GT
Sufiyan Muqeem,pace,Death,1,2,1,49,18,16.33,18.0,GT
Sufiyan Muqeem,spin,PP,2,1,1,8,6,8.0,6.0,GT
Tanay Thyagarajan,spin,PP,1,3,1,36,30,7.2,30.0,CSK
Sunny Sandhu,pace,Middle,1,4,1,56,36,9.33,36.0,DC
Suryansh Shedge,pace,Death,1,1,1,19,12,9.5,12.0,KKR
T Natarajan,pace,Middle,1,4,1,71,48,8.88,48.0,RR
T Natarajan,pace,Middle,2,4,1,69,54,7.67,54.0,RR
TA Boult,pace,Death,1,1,1,28,12,14.0,12.0,
TA Boult,pace,Middle,2,2,1,38,18,12.67,18.0,
TA Boult,pace,PP,2,1,1,14,12,7.0,12.0,
Sonu Yadav,neutralish,Death,1,2,1,22,12,11.0,12.0,CSK
Sikandar Raza,spin,Death,2,1,1,18,12,9.0,12.0,
Sikandar Raza,spin,Death,1,2,1,20,12,10.0,12.0,
Sikandar Raza,pace,Death,1,2,1,46,18,15.33,18.0,
Shahbaz Ahmed,neutralish,PP,2,2,1,27,18,9.0,18.0,KKR
Shahbaz Ahmed,pace,PP,2,3,1,25,18,8.33,18.0,KKR
Shahbaz Ahmed,spin,PP,1,1,1,22,12,11.0,12.0,KKR
Shaheen Shah Afridi,pace,PP,1,5,1,69,30,13.8,30.0,DC
Shaheen Shah Afridi,pace,PP,2,1,1,18,6,18.0,6.0,DC
Shashank Singh,pace,Death,1,2,1,28,12,14.0,12.0,PBKS
Shashank Singh,pace,Middle,1,3,1,36,24,9.0,24.0,PBKS
Shashank Singh,pace,Middle,2,5,1,86,48,10.75,48.0,PBKS
Shashank Singh,pace,PP,2,4,1,66,42,9.43,42.0,PBKS
Shivam Shukla,neutralish,Middle,1,2,1,34,18,11.33,18.0,MI
Shubhang Hegde,pace,Middle,1,3,1,81,48,10.12,48.0,LSG
Shubhang Hegde,spin,Middle,2,2,1,24,24,6.0,24.0,LSG
Shubhang Hegde,spin,PP,2,3,1,48,36,8.0,36.0,LSG
Sikandar Raza,neutralish,Death,1,1,1,7,6,7.0,6.0,
Sikandar Raza,neutralish,PP,1,1,1,24,12,12.0,12.0,
Tanay Thyagarajan,spin,Death,1,2,1,10,12,5.0,12.0,CSK
Tanush Kotian,neutralish,Middle,2,3,1,77,42,11.0,42.0,CSK
Shadab Khan,spin,PP,1,3,1,40,24,10.0,24.0,
WG Jacks,spin,Death,1,1,1,5,6,5.0,6.0,RR
VR Iyer,neutralish,Middle,1,3,1,41,24,10.25,24.0,SRH
VR Iyer,pace,Death,2,1,1,16,6,16.0,6.0,SRH
VR Iyer,pace,Middle,1,3,1,18,18,6.0,18.0,SRH
Vidyadhar Patil,neutralish,PP,1,3,1,72,36,12.0,36.0,SRH
Vraj Patel,spin,PP,2,1,1,17,12,8.5,12.0,
WG Jacks,pace,Middle,1,5,1,104,54,11.56,54.0,RR
WG Jacks,pace,PP,1,5,1,98,42,14.0,42.0,RR
WG Jacks,spin,PP,2,3,1,75,42,10.71,42.0,RR
Tanush Kotian,neutralish,PP,1,3,1,64,30,12.8,30.0,CSK
Washington Sundar,spin,Middle,1,3,1,58,36,9.67,36.0,RCB
YS Chahal,neutralish,Middle,2,2,1,39,24,9.75,24.0,KKR
Yash Raj Punja,spin,Middle,2,3,1,82,42,11.71,42.0,
Yash Singh,spin,PP,1,1,1,21,12,10.5,12.0,RCB
Yash Singh,spin,PP,2,1,1,14,6,14.0,6.0,RCB
Yudhvir Singh,pace,PP,1,1,1,6,12,3.0,12.0,RR
Zeeshan Ansari,pace,Middle,1,1,1,22,12,11.0,12.0,RR
V Puthur,spin,Middle,1,2,1,66,36,11.0,36.0,RCB
V Nigam,spin,Middle,2,5,1,71,48,8.88,48.0,GT
V Nigam,spin,Death,2,1,1,24,6,24.0,6.0,GT
V Nigam,pace,Middle,2,7,1,163,102,9.59,102.0,GT
Taskin Ahmed,pace,Death,1,2,1,52,18,17.33,18.0,
Taskin Ahmed,pace,Death,2,1,1,22,12,11.0,12.0,
Taskin Ahmed,pace,PP,1,3,1,71,48,8.88,48.0,
Tripuresh Singh,neutralish,Death,1,1,1,36,12,18.0,12.0,SRH
Tripuresh Singh,neutralish,Middle,1,1,1,19,12,9.5,12.0,SRH
Tripuresh Singh,neutralish,Middle,2,1,1,3,6,3.0,6.0,SRH
Tripuresh Singh,neutralish,PP,2,1,1,26,12,13.0,12.0,SRH
Usman Tariq,spin,Death,2,3,1,27,14,11.57,14.0,
Utkarsh Singh,pace,Middle,1,2,1,22,24,5.5,24.0,RR
Utkarsh Singh,pace,Middle,2,3,1,62,48,7.75,48.0,RR
Utkarsh Singh,pace,PP,2,2,1,26,12,13.0,12.0,RR
Utkarsh Singh,spin,PP,1,2,1,16,12,8.0,12.0,RR
V Nigam,neutralish,Death,2,1,1,24,6,24.0,6.0,GT
V Nigam,neutralish,Middle,2,3,1,61,36,10.17,36.0,GT
V Nigam,pace,Middle,1,2,1,63,36,10.5,36.0,GT
Shahbaz Ahmed,neutralish,Middle,1,1,1,22,18,7.33,18.0,KKR
Shadab Khan,spin,Middle,2,2,1,16,12,8.0,12.0,
Mohammed Shami,spin,Death,1,1,1,15,6,15.0,6.0,MI
R Powell,pace,Middle,1,1,1,13,12,6.5,12.0,
Prashant Veer,spin,PP,1,2,1,25,18,8.33,18.0,PBKS
Prashant Veer,spin,PP,2,2,1,11,12,5.5,12.0,PBKS
Praveen Dubey,pace,PP,2,1,1,26,12,13.0,12.0,MI
Prince Yadav,pace,Death,2,2,1,18,12,9.0,12.0,GT
Prithviraj Shekhawat,spin,Middle,1,1,1,13,12,6.5,12.0,
R Parag,neutralish,Middle,2,2,1,30,12,15.0,12.0,GT
R Parag,spin,Middle,2,1,1,0,6,0.0,6.0,GT
R Powell,spin,Middle,2,1,1,7,6,7.0,6.0,
RE van der Merwe,spin,PP,2,4,1,65,42,9.29,42.0,CSK
R Sai Kishore,neutralish,PP,1,2,1,25,18,8.33,18.0,GT
R Sai Kishore,neutralish,PP,2,1,1,32,18,10.67,18.0,GT
R Sai Kishore,spin,Death,2,1,1,10,6,10.0,6.0,GT
R Sai Kishore,spin,PP,2,2,1,51,30,10.2,30.0,GT
R Shepherd,pace,Middle,1,3,1,79,48,9.88,48.0,SRH
R Shepherd,pace,PP,1,2,1,22,24,5.5,24.0,SRH
RE van der Merwe,neutralish,PP,2,1,1,31,12,15.5,12.0,CSK
Prashant Veer,spin,Middle,2,2,1,16,18,5.33,18.0,PBKS
Prashant Solanki,spin,Middle,2,1,1,27,18,9.0,18.0,CSK
Prashant Solanki,pace,Middle,2,1,1,49,24,12.25,24.0,CSK
Parvej Musaraf,spin,Death,1,1,1,18,6,18.0,6.0,
NT Ellis,spin,Middle,1,3,1,42,30,8.4,30.0,SRH
NT Ellis,spin,PP,2,2,1,40,18,13.33,18.0,SRH
Naman Tiwari,neutralish,Death,1,3,1,31,18,10.33,18.0,CSK
Naseem Shah,neutralish,Death,1,1,1,24,12,12.0,12.0,
Naseem Shah,pace,Death,2,2,1,49,17,17.29,17.0,
Naseem Shah,spin,Death,2,1,1,7,6,7.0,6.0,
Naveen-ul-Haq,neutralish,Death,1,1,1,29,12,14.5,12.0,
Naveen-ul-Haq,neutralish,Middle,2,1,1,20,12,10.0,12.0,
Nithish Kumar Reddy,pace,Middle,1,1,1,48,18,16.0,18.0,GT
PHKD Mendis,pace,Middle,1,4,1,57,36,9.5,36.0,PBKS
PHKD Mendis,pace,Middle,2,3,1,37,24,9.25,24.0,PBKS
PWH de Silva,spin,Death,2,3,1,59,21,16.86,21.0,RCB
Parth Chandan,pace,Middle,2,1,1,25,18,8.33,18.0,DC
Parth Chandan,spin,Middle,2,5,1,107,60,10.7,60.0,DC
Parvej Musaraf,neutralish,Middle,1,1,1,33,24,8.25,24.0,
RE van der Merwe,pace,Middle,1,1,1,15,12,7.5,12.0,CSK
Rasikh Salam,neutralish,Middle,1,1,1,18,12,9.0,12.0,SRH
Shadab Khan,spin,Death,2,1,1,31,12,15.5,12.0,
Saim Ayub,neutralish,PP,1,1,1,18,12,9.0,12.0,
SM Curran,pace,Middle,1,2,1,8,12,4.0,12.0,RR
SM Curran,spin,PP,2,2,1,64,36,10.67,36.0,RR
SP Narine,pace,Death,1,3,1,64,24,16.0,24.0,SRH
SR Watson,pace,PP,1,3,1,46,24,11.5,24.0,
SS Ghosh,spin,Death,2,1,1,10,6,10.0,6.0,RCB
SS Ghosh,spin,Middle,2,1,1,13,12,6.5,12.0,RCB
Saim Ayub,neutralish,Death,1,2,1,16,12,8.0,12.0,
Sanvir Singh,neutralish,Middle,2,1,1,15,12,7.5,12.0,
Rasikh Salam,neutralish,PP,1,2,1,48,24,12.0,24.0,SRH
Satyajeet Bachhav,spin,Death,1,1,1,19,12,9.5,12.0,MI
Satyajeet Bachhav,spin,PP,2,2,1,21,12,10.5,12.0,MI
Sayed Irfan Aftab,pace,Death,1,3,1,65,24,16.25,24.0,PBKS
Sayed Irfan Aftab,spin,Middle,2,1,1,32,24,8.0,24.0,PBKS
Shadab Khan,neutralish,PP,1,1,1,28,12,14.0,12.0,
Shadab Khan,pace,PP,1,1,1,11,6,11.0,6.0,
Shadab Khan,spin,Death,1,3,1,48,20,14.4,20.0,
SM Curran,pace,Death,1,2,1,38,18,12.67,18.0,RR
SH Johnson,pace,PP,1,3,1,58,30,11.6,30.0,KKR
SH Johnson,pace,Middle,2,3,1,44,30,8.8,30.0,KKR
SH Johnson,neutralish,PP,2,1,1,16,12,8.0,12.0,KKR
Rasikh Salam,spin,Death,2,2,1,17,12,8.5,12.0,SRH
Ravi Bishnoi,spin,Middle,1,1,1,15,12,7.5,12.0,SRH
Ravi Bishnoi,spin,PP,1,1,1,14,12,7.0,12.0,SRH
Ravi Teja,pace,PP,1,3,1,31,24,7.75,24.0,PBKS
Rishabh Chouhan,spin,Middle,1,1,1,12,6,12.0,6.0,GT
S Dube,neutralish,Death,1,4,1,78,30,15.6,30.0,RR
S Dube,pace,Death,1,2,1,27,18,9.0,18.0,RR
S Dube,pace,Middle,1,3,1,54,30,10.8,30.0,RR
S Dube,pace,Middle,2,2,1,36,24,9.0,24.0,RR
S Dube,spin,Death,2,1,1,7,6,7.0,6.0,RR
S Dube,spin,Middle,2,3,1,63,48,7.88,48.0,RR
S Gill,pace,PP,2,1,1,5,12,2.5,12.0,RCB
S Lamichhane,spin,Middle,2,1,1,17,12,8.5,12.0,MI
SH Johnson,neutralish,Death,2,2,1,43,18,14.33,18.0,KKR
SH Johnson,neutralish,PP,1,1,1,17,6,17.0,6.0,KKR
KH Pandya,spin,Middle,1,2,1,33,30,6.6,30.0,SRH
M Prasidh Krishna,pace,Death,1,1,1,5,6,5.0,6.0,KKR
D Wiese,pace,Death,1,1,1,7,6,7.0,6.0,KKR
C Green,neutralish,Middle,2,2,1,41,30,8.2,30.0,KKR
HJ Manenti,spin,Middle,2,2,1,25,18,8.33,18.0,RCB
JA Duffy,spin,Middle,2,1,1,26,18,8.67,18.0,LSG
JA Duffy,spin,Death,2,1,1,23,10,13.8,10.0,LSG
JA Duffy,pace,PP,2,3,1,48,36,8.0,36.0,LSG
HJ Manenti,spin,PP,2,1,1,10,6,10.0,6.0,RCB
JA Duffy,pace,Middle,2,1,1,6,6,6.0,6.0,LSG
AR Ramjani,neutralish,Death,2,1,1,21,12,10.5,12.0,PBKS
JA Duffy,pace,Death,1,5,1,130,54,14.44,54.0,LSG
GF Linde,spin,Middle,2,2,1,16,18,5.33,18.0,GT
JA Duffy,spin,PP,2,2,1,25,18,8.33,18.0,LSG
B Kumar,neutralish,Middle,2,2,1,13,12,6.5,12.0,KKR
Ehsan Khan,spin,Middle,1,2,1,18,12,9.0,12.0,CSK
Ehsan Khan,spin,Middle,2,4,1,61,48,7.62,48.0,CSK
AR Ramjani,pace,Middle,1,5,1,108,78,8.31,78.0,PBKS
GF Linde,pace,PP,1,1,1,19,12,9.5,12.0,GT
Esakkimuthu A,neutralish,Middle,1,1,1,37,24,9.25,24.0,
AR Ramjani,pace,PP,1,5,1,36,36,6.0,36.0,PBKS
AR Ramjani,pace,PP,2,3,1,44,36,7.33,36.0,PBKS
HJ Manenti,spin,Death,2,2,1,38,18,12.67,18.0,RCB
AR Patel,spin,Middle,1,3,1,49,30,9.8,30.0,PBKS
J Overton,spin,Middle,1,1,1,8,12,4.0,12.0,RR
D Wiese,pace,Middle,1,1,1,6,6,6.0,6.0,KKR
JJ Bumrah,neutralish,Middle,2,2,1,24,18,8.0,18.0,DC
Athisayaraj Davidson,pace,PP,1,1,1,32,18,10.67,18.0,CSK
Akash Vasisht,neutralish,Middle,1,1,1,23,12,11.5,12.0,DC
AJ Hosein,spin,PP,2,3,1,56,42,8.0,42.0,
Harshit Rana,neutralish,Death,2,2,1,37,12,18.5,12.0,
AK Markram,neutralish,Death,1,1,1,10,6,10.0,6.0,DC
AK Markram,neutralish,Middle,2,2,1,16,12,8.0,12.0,DC
GJ Maxwell,pace,PP,1,7,1,84,42,12.0,42.0,DC
C Sakariya,neutralish,Middle,2,2,1,49,30,9.8,30.0,RR
C Green,pace,Middle,1,2,1,63,36,10.5,36.0,KKR
JC Archer,pace,PP,2,4,1,53,24,13.25,24.0,DC
C Sakariya,neutralish,Middle,1,1,1,13,12,6.5,12.0,RR
AK Markram,spin,Death,1,3,1,103,36,17.17,36.0,DC
Easwaran K,pace,Middle,1,2,1,10,12,5.0,12.0,DC
C Green,spin,Middle,1,2,1,29,18,9.67,18.0,KKR
Avesh Khan,pace,Death,2,1,1,11,6,11.0,6.0,LSG
C Green,spin,Death,1,2,1,18,9,12.0,9.0,KKR
HH Pandya,spin,PP,2,2,1,23,12,11.5,12.0,LSG
J Overton,spin,PP,1,1,1,16,6,16.0,6.0,RR
J Overton,spin,Death,1,1,1,1,6,1.0,6.0,RR
AJ Hosein,spin,Middle,2,2,1,17,18,5.67,18.0,
GD Phillips,neutralish,PP,1,4,1,64,36,10.67,36.0,RR
Abrar Ahmed,neutralish,Death,1,1,1,34,12,17.0,12.0,
Abhishek Sharma,spin,Middle,1,1,1,16,12,8.0,12.0,MI
J Kariko,spin,Death,1,1,1,37,12,18.5,12.0,
Imran Tahir,spin,PP,2,2,1,39,24,9.75,24.0,KKR
Imran Tahir,spin,Middle,2,4,1,72,60,7.2,60.0,KKR
B Kumar,spin,PP,1,3,1,70,36,11.67,36.0,KKR
Harsh Dubey,spin,PP,2,6,1,51,36,8.5,36.0,DC
GD Phillips,neutralish,Middle,1,3,1,41,24,10.25,24.0,RR
GD Phillips,pace,Middle,2,2,1,49,30,9.8,30.0,RR
Abhishek Prabhakar,pace,Middle,2,1,1,24,18,8.0,18.0,
B Sai Sudharsan,spin,Middle,1,1,1,11,6,11.0,6.0,MI
Abhishek Tanwar,spin,Death,2,2,1,20,12,10.0,12.0,RCB
B Muzarabani,pace,PP,2,6,1,137,72,11.42,72.0,GT
Harshit Rana,pace,PP,1,2,1,25,18,8.33,18.0,
Harshit Rana,pace,Middle,2,3,1,35,24,8.75,24.0,
Harshit Rana,pace,Death,1,2,1,19,12,9.5,12.0,
B Muzarabani,pace,PP,1,3,1,60,36,10.0,36.0,GT
Harshit Rana,neutralish,Middle,2,4,1,46,36,7.67,36.0,
B Kumar,spin,Middle,2,1,1,35,18,11.67,18.0,KKR
Abhishek Prabhakar,pace,Middle,1,1,1,29,24,7.25,24.0,
AR Ramjani,spin,Death,1,3,1,69,30,13.8,30.0,PBKS
HV Patel,spin,Middle,1,1,1,23,18,7.67,18.0,PBKS
J Overton,pace,PP,2,4,1,38,30,7.6,30.0,RR
Esakkimuthu A,spin,Middle,1,1,1,40,24,10.0,24.0,
AR Ramjani,spin,Death,2,3,1,19,18,6.33,18.0,PBKS
AR Ramjani,spin,PP,2,5,1,40,42,5.71,42.0,PBKS
B Kumar,pace,Middle,1,2,1,23,12,11.5,12.0,KKR
C Connolly,spin,Middle,2,2,1,16,18,5.33,18.0,GT
Abdul Samad,neutralish,PP,2,1,1,34,18,11.33,18.0,KKR
GF Linde,pace,Middle,2,1,1,15,6,15.0,6.0,GT
HV Patel,spin,Middle,2,1,1,13,12,6.5,12.0,PBKS
Abrar Ahmed,neutralish,PP,2,1,1,9,12,4.5,12.0,
Abhilash Shetty,pace,Middle,2,2,1,16,12,8.0,12.0,MI
Harsh Dubey,neutralish,Middle,1,3,1,45,36,7.5,36.0,DC
Abrar Ahmed,spin,PP,1,3,1,63,30,12.6,30.0,
B Kumar,pace,Middle,2,3,1,26,18,8.67,18.0,KKR
GF Linde,pace,Death,1,1,1,10,6,10.0,6.0,GT
Fazalhaq Farooqi,neutralish,PP,2,2,1,29,18,9.67,18.0,GT
GF Linde,neutralish,PP,1,2,1,41,24,10.25,24.0,GT
GD Phillips,spin,PP,2,2,1,27,12,13.5,12.0,RR
JJ Bumrah,pace,PP,1,1,1,9,6,9.0,6.0,DC
DW Lawrence,pace,Middle,1,1,1,9,6,9.0,6.0,
AJ Hosein,spin,Death,2,1,1,3,6,3.0,6.0,
Chirag Jani,spin,PP,1,1,1,49,18,16.33,18.0,RCB
DR Briggs,spin,PP,1,2,1,14,12,7.0,12.0,RCB
A Zampa,neutralish,PP,2,3,1,28,24,7.0,24.0,SRH
Chirag Jani,pace,Middle,2,7,1,113,66,10.27,66.0,RCB
JR Hazlewood,pace,PP,2,2,1,24,12,12.0,12.0,MI
JR Hazlewood,pace,PP,1,2,1,46,18,15.33,18.0,MI
Akshya Deka,pace,Middle,1,1,1,37,24,9.25,24.0,MI
DR Mousley,neutralish,Middle,1,1,1,29,18,9.67,18.0,LSG
Akhil Scaria,pace,Death,1,2,1,44,18,14.67,18.0,GT
A Zampa,pace,PP,2,2,1,45,24,11.25,24.0,SRH
A Zampa,spin,Middle,1,7,1,67,66,6.09,66.0,SRH
Cheepurapalli Stephen,pace,PP,1,2,1,31,18,10.33,18.0,RR
JR Hazlewood,neutralish,Middle,1,1,1,37,24,9.25,24.0,MI
JJ Bumrah,spin,Middle,1,2,1,35,30,7.0,30.0,DC
Cheepurapalli Stephen,pace,Death,2,2,1,24,12,12.0,12.0,RR
AD Russell,neutralish,Death,1,1,1,22,6,22.0,6.0,DC
AD Russell,neutralish,PP,1,1,1,30,18,10.0,18.0,DC
Atharva Ankolekar,neutralish,PP,1,2,1,18,18,6.0,18.0,RR
Geet Puri,spin,PP,1,2,1,40,18,13.33,18.0,CSK
Gurnoor Brar,neutralish,Middle,1,1,1,7,6,7.0,6.0,DC
Atharva Ankolekar,pace,Death,1,1,1,19,6,19.0,6.0,RR
A Zampa,neutralish,Middle,2,3,1,20,18,6.67,18.0,SRH
A Khan,pace,PP,1,1,1,11,6,11.0,6.0,GT
Ashwin Das,neutralish,Middle,2,2,1,62,36,10.33,36.0,LSG
Ashwin Das,pace,Middle,1,6,1,108,72,9.0,72.0,LSG
A Nagwaswalla,neutralish,Death,1,2,1,30,12,15.0,12.0,RR
D Forrester,spin,Middle,1,1,1,32,12,16.0,12.0,MI
KA Maharaj,spin,Middle,1,2,1,19,18,6.33,18.0,RCB
DJ Willey,pace,Middle,1,1,1,11,12,5.5,12.0,
KA Maharaj,neutralish,Middle,2,1,1,17,12,8.5,12.0,RCB
D Forrester,pace,PP,2,2,1,11,12,5.5,12.0,MI
K Kartikeya,spin,PP,1,1,1,34,18,11.33,18.0,MI
Gurnoor Brar,pace,Death,1,1,1,8,6,8.0,6.0,DC
DJ Willey,pace,PP,1,1,1,16,12,8.0,12.0,
Junaid Siddique,neutralish,PP,2,1,1,17,12,8.5,12.0,RR
H Ssenyondo,neutralish,Middle,1,1,1,15,12,7.5,12.0,LSG
DJ Willey,spin,Middle,1,1,1,17,12,8.5,12.0,
Arshad Khan,pace,Middle,1,3,1,39,30,7.8,30.0,CSK
Arshad Khan,pace,Death,2,1,1,17,6,17.0,6.0,CSK
H Ssenyondo,pace,Death,1,3,1,43,24,10.75,24.0,LSG
Geet Puri,spin,Death,1,2,1,67,29,13.86,29.0,CSK
AD Russell,pace,Death,2,2,1,28,8,21.0,8.0,DC
DS Airee,neutralish,PP,1,2,1,20,12,10.0,12.0,DC
CV Varun,pace,Middle,1,3,1,48,36,8.0,36.0,PBKS
CV Varun,pace,Death,2,2,1,44,18,14.67,18.0,PBKS
JJ Smit,spin,PP,1,4,1,45,36,7.5,36.0,PBKS
DS Airee,spin,Middle,2,1,1,21,18,7.0,18.0,DC
CH Gayle,pace,Middle,2,1,1,21,12,10.5,12.0,RCB
AD Russell,pace,Middle,2,5,1,86,48,10.75,48.0,DC
DS Airee,spin,PP,2,1,1,15,6,15.0,6.0,DC
DS Rathi,pace,Middle,2,1,1,32,18,10.67,18.0,LSG
JJ Smit,spin,Death,2,2,1,38,18,12.67,18.0,PBKS
JJ Smit,pace,PP,2,6,1,86,66,7.82,66.0,PBKS
AD Russell,spin,PP,1,1,1,23,12,11.5,12.0,DC
DS Rathi,spin,PP,1,4,1,33,30,6.6,30.0,LSG
DS Rathi,spin,PP,2,7,1,116,66,10.55,66.0,LSG
Akash Vasisht,neutralish,PP,2,2,1,40,18,13.33,18.0,DC
HH Pandya,neutralish,Middle,1,5,1,88,60,8.8,60.0,LSG
JJ Smit,spin,PP,2,2,1,14,18,4.67,18.0,PBKS
Harshit Rana,neutralish,Middle,1,1,1,15,12,7.5,12.0,
JM Coles,spin,Middle,2,2,1,80,48,10.0,48.0,
Akash Vasisht,spin,PP,1,1,1,35,12,17.5,12.0,DC
Cheepurapalli Stephen,neutralish,PP,1,1,1,16,12,8.0,12.0,RR
H Ssenyondo,pace,Middle,2,1,1,23,18,7.67,18.0,LSG
JN Loftie-Eaton,spin,Middle,1,1,1,15,12,7.5,12.0,
AD Russell,pace,PP,1,6,1,118,60,11.8,60.0,DC
Atharva Ankolekar,spin,Death,2,1,1,13,6,13.0,6.0,RR
Akash Vasisht,spin,Middle,1,1,1,12,12,6.0,12.0,DC
