striker,pitch,phase,innings,num_inn,runs,balls_faced,outs,avg,SR,Curr_Tm
Shubman Gill,pace,PP,2,11,288,132,6,48.0,218.18,LSG
GJ Maxwell,pace,PP,1,7,285,131,1,285.0,217.56,DC
V Suryavanshi,spin,PP,2,9,266,124,7,38.0,214.52,PBKS
GJ Maxwell,spin,PP,1,10,258,129,4,64.5,200.0,DC
Urvil Patel,spin,Middle,2,6,258,154,2,129.0,167.53,MI
Abhishek Sharma,pace,Middle,2,8,253,152,4,63.25,166.45,MI
SV Samson,neutralish,PP,1,8,249,138,3,83.0,180.43,GT
Tilak Varma,spin,PP,2,10,248,144,3,82.67,172.22,CSK
SA Yadav,spin,Middle,1,6,246,140,1,246.0,175.71,DC
CH Gayle,pace,PP,1,10,240,110,6,40.0,218.18,RCB
Tushar Raheja,pace,PP,2,7,233,99,4,58.25,235.35,KKR
GJ Maxwell,pace,PP,2,8,227,114,3,75.67,199.12,DC
Atharva Taide,pace,PP,2,9,226,148,2,113.0,152.7,RCB
Tilak Varma,spin,Middle,2,7,224,134,3,74.67,167.16,CSK
Tushar Raheja,spin,PP,2,7,222,119,4,55.5,186.55,KKR
N Sindhu,pace,Middle,1,6,216,115,2,108.0,187.83,DC
Kartik Sharma,pace,Middle,2,6,213,113,2,106.5,188.5,SRH
S Dube,pace,Middle,1,6,209,137,3,69.67,152.55,RR
Urvil Patel,spin,PP,2,8,206,121,2,103.0,170.25,MI
Urvil Patel,pace,PP,2,9,205,123,4,51.25,166.67,MI
Ishan Kishan,pace,PP,1,13,204,119,7,29.14,171.43,KKR
Urvil Patel,spin,PP,1,8,204,115,3,68.0,177.39,MI
C Green,pace,Middle,1,12,199,152,9,22.11,130.92,KKR
SV Samson,spin,PP,2,8,197,118,3,65.67,166.95,GT
Kartik Sharma,pace,Middle,1,7,197,114,6,32.83,172.81,SRH
Atharva Taide,pace,Middle,2,7,195,132,4,48.75,147.73,RCB
SV Samson,pace,PP,1,7,194,117,4,48.5,165.81,GT
GJ Maxwell,spin,Middle,1,6,193,103,5,38.6,187.38,DC
RM Patidar,pace,Middle,1,7,192,108,5,38.4,177.78,RCB
P Simran Singh,neutralish,PP,2,6,190,111,1,190.0,171.17,SRH
Shubman Gill,spin,PP,1,7,184,84,4,46.0,219.05,LSG
V Suryavanshi,pace,Middle,2,5,183,114,2,91.5,160.53,PBKS
Ishan Kishan,spin,Middle,1,6,183,115,4,45.75,159.13,KKR
P Simran Singh,pace,PP,1,7,182,105,2,91.0,173.33,SRH
Priyansh Arya,pace,Middle,2,7,182,124,4,45.5,146.77,RCB
C Green,spin,Middle,2,6,177,118,3,59.0,150.0,KKR
JP Inglis,neutralish,PP,1,8,177,101,4,44.25,175.25,GT
Abishek Porel,pace,Middle,2,8,174,119,3,58.0,146.22,LSG
Urvil Patel,spin,Middle,1,5,173,120,1,173.0,144.17,MI
P Simran Singh,pace,Middle,1,5,170,100,2,85.0,170.0,SRH
Priyansh Arya,pace,PP,2,6,170,94,0,,180.85,RCB
Priyansh Arya,pace,PP,1,8,167,91,6,27.83,183.52,RCB
CH Gayle,pace,PP,2,7,166,80,4,41.5,207.5,RCB
Aniket Verma,spin,PP,1,6,165,71,4,41.25,232.39,RR
V Nigam,pace,Death,1,6,164,73,2,82.0,224.66,GT
TL Seifert,pace,PP,2,6,164,89,3,54.67,184.27,PBKS
RG Sharma,pace,Middle,1,7,163,94,5,32.6,173.4,KKR
Shubman Gill,spin,PP,2,6,162,76,2,81.0,213.16,LSG
R Smaran,spin,Middle,2,6,162,97,2,81.0,167.01,RR
VR Iyer,pace,Death,1,5,161,62,1,161.0,259.68,SRH
Abhishek Pathak,pace,Middle,1,6,160,93,2,80.0,172.04,RCB
GJ Maxwell,pace,Middle,2,5,158,81,4,39.5,195.06,DC
Aniket Verma,neutralish,Middle,2,4,158,77,1,158.0,205.19,RR
CH Gayle,spin,Middle,1,4,158,100,1,158.0,158.0,RCB
V Suryavanshi,pace,PP,2,9,155,104,4,38.75,149.04,PBKS
FH Allen,pace,PP,2,6,155,106,2,77.5,146.23,SRH
Aniket Verma,pace,PP,2,5,155,73,1,155.0,212.33,RR
Abhishek Pathak,pace,Death,1,5,153,59,2,76.5,259.32,RCB
JM Sharma,pace,Middle,1,8,152,88,4,38.0,172.73,RCB
JP Inglis,spin,PP,2,7,151,80,2,75.5,188.75,GT
Tarang Gohel,neutralish,Middle,2,3,151,71,2,75.5,212.68,DC
KL Rahul,neutralish,Middle,2,5,151,99,3,50.33,152.53,SRH
GJ Maxwell,spin,PP,2,4,149,69,1,149.0,215.94,DC
Urvil Patel,pace,Middle,2,5,148,104,2,74.0,142.31,MI
P Simran Singh,neutralish,Middle,2,5,148,104,2,74.0,142.31,SRH
Ishan Kishan,spin,PP,1,7,146,85,2,73.0,171.76,KKR
S Dube,pace,Middle,2,5,146,93,3,48.67,156.99,RR
N Sindhu,spin,Death,1,7,144,60,3,48.0,240.0,DC
KK Nair,spin,Middle,1,6,144,100,2,72.0,144.0,CSK
KA Pollard,pace,Middle,2,6,143,88,1,143.0,162.5,RR
N Sindhu,spin,Middle,1,5,142,91,3,47.33,156.04,DC
KL Rahul,spin,Middle,2,5,142,88,1,142.0,161.36,SRH
HH Pandya,pace,Death,2,8,141,52,2,70.5,271.15,LSG
P Simran Singh,spin,PP,2,7,141,81,3,47.0,174.07,SRH
TL Seifert,pace,Middle,2,3,140,78,1,140.0,179.49,PBKS
V Suryavanshi,spin,PP,1,5,139,71,1,139.0,195.77,PBKS
Shubman Gill,pace,Middle,2,5,138,90,4,34.5,153.33,LSG
Kartik Sharma,spin,Middle,1,5,135,73,3,45.0,184.93,SRH
RD Gaikwad,spin,PP,1,6,135,85,2,67.5,158.82,CSK
Tilak Varma,spin,PP,1,7,134,77,4,33.5,174.03,CSK
Naman Dhir,pace,Middle,2,5,134,89,3,44.67,150.56,GT
Ajay Rohera,pace,Middle,2,6,133,74,4,33.25,179.73,LSG
Naman Dhir,neutralish,Middle,1,6,133,90,3,44.33,147.78,GT
KL Rahul,pace,Middle,2,6,132,82,4,33.0,160.98,SRH
Vansh Bedi,spin,Middle,2,7,131,94,7,18.71,139.36,PBKS
P Simran Singh,pace,PP,2,8,131,84,5,26.2,155.95,SRH
Tilak Varma,pace,PP,1,6,130,74,2,65.0,175.68,CSK
Sameer Rizvi,spin,Death,1,4,130,42,1,130.0,309.52,LSG
C Green,pace,PP,1,8,129,75,0,,172.0,KKR
TP Ura,spin,Middle,2,6,129,80,4,32.25,161.25,PBKS
Abhishek Sharma,pace,PP,2,8,129,76,2,64.5,169.74,MI
V Suryavanshi,pace,PP,1,6,128,81,3,42.67,158.02,PBKS
TL Seifert,pace,PP,1,6,127,58,4,31.75,218.97,PBKS
FH Allen,pace,Middle,2,4,127,75,3,42.33,169.33,SRH
HH Pandya,pace,Death,1,5,127,47,3,42.33,270.21,LSG
Naman Dhir,spin,Middle,1,4,127,85,3,42.33,149.41,GT
PD Salt,spin,PP,2,5,127,75,3,42.33,169.33,PBKS
JM Sharma,pace,Death,1,6,126,55,5,25.2,229.09,RCB
Abishek Porel,pace,Middle,1,5,126,83,0,,151.81,LSG
N Sindhu,pace,Middle,2,6,126,72,3,42.0,175.0,DC
JP Inglis,pace,Middle,2,3,125,66,2,62.5,189.39,GT
S Dube,neutralish,Middle,2,4,125,88,2,62.5,142.05,RR
Tilak Varma,neutralish,PP,2,4,123,63,0,,195.24,CSK
Priyansh Arya,spin,PP,1,5,123,52,2,61.5,236.54,RCB
R Parag,neutralish,Death,1,5,122,50,4,30.5,244.0,GT
WG Jacks,spin,Middle,2,6,122,82,4,30.5,148.78,RR
D Brevis,spin,Middle,2,5,122,93,1,122.0,131.18,GT
Shubman Gill,spin,Middle,1,3,122,76,1,122.0,160.53,LSG
KL Rahul,pace,Middle,1,4,121,83,2,60.5,145.78,SRH
Abishek Porel,pace,Death,1,6,121,55,4,30.25,220.0,LSG
RM Patidar,pace,Middle,2,6,121,91,1,121.0,132.97,RCB
PD Salt,pace,PP,1,4,120,78,1,120.0,153.85,PBKS
R Parag,neutralish,Middle,1,6,120,78,2,60.0,153.85,GT
Shubman Gill,spin,Middle,2,4,120,68,2,60.0,176.47,LSG
H Klaasen,spin,Middle,1,4,120,81,1,120.0,148.15,
Rohan Kunnummal,pace,PP,1,6,119,66,4,29.75,180.3,MI
Vansh Bedi,pace,Death,2,7,119,51,3,39.67,233.33,PBKS
D Brevis,neutralish,Death,1,4,118,48,0,,245.83,GT
DR Mousley,pace,Middle,2,6,118,87,2,59.0,135.63,LSG
S Dube,pace,PP,1,6,118,71,0,,166.2,RR
MR Marsh,pace,Middle,1,5,117,94,1,117.0,124.47,KKR
Abishek Porel,spin,Middle,1,6,117,93,3,39.0,125.81,LSG
JP Inglis,spin,Middle,2,6,117,79,5,23.4,148.1,GT
V Nigam,neutralish,Death,1,7,117,55,4,29.25,212.73,GT
Naman Dhir,spin,Middle,2,5,117,75,3,39.0,156.0,GT
KL Rahul,spin,Middle,1,4,117,72,3,39.0,162.5,SRH
Tanush Kotian,spin,Middle,2,6,116,82,5,23.2,141.46,CSK
GD Phillips,neutralish,Death,2,5,116,45,1,116.0,257.78,RR
CH Gayle,pace,Middle,1,4,116,69,2,58.0,168.12,RCB
D Wiese,pace,Death,1,5,116,46,1,116.0,252.17,KKR
SA Yadav,spin,Death,1,6,115,43,4,28.75,267.44,DC
KK Nair,spin,Middle,2,5,115,75,4,28.75,153.33,CSK
Vansh Bedi,spin,PP,2,4,115,35,1,115.0,328.57,PBKS
S Dube,spin,Death,1,3,114,46,1,114.0,247.83,RR
Tarang Gohel,neutralish,PP,2,3,114,59,0,,193.22,DC
SU Parakh,neutralish,PP,2,4,114,61,1,114.0,186.89,SRH
Abhishek Sharma,pace,PP,1,5,114,59,3,38.0,193.22,MI
SA Yadav,spin,PP,1,4,114,63,1,114.0,180.95,DC
JC Buttler,pace,Middle,1,4,112,63,2,56.0,177.78,DC
FH Allen,pace,PP,1,4,112,62,0,,180.65,SRH
CH Gayle,spin,PP,1,7,112,72,3,37.33,155.56,RCB
Tilak Varma,pace,Middle,1,4,112,69,2,56.0,162.32,CSK
Abishek Porel,spin,Middle,2,4,112,75,3,37.33,149.33,LSG
WL Madsen,spin,Middle,2,6,112,77,3,37.33,145.45,MI
SV Samson,pace,PP,2,5,111,64,3,37.0,173.44,GT
Aniket Verma,neutralish,Middle,1,2,111,50,1,111.0,222.0,RR
D Brevis,neutralish,Middle,1,5,110,71,2,55.0,154.93,GT
Tanush Kotian,spin,Death,1,7,110,45,5,22.0,244.44,CSK
VR Iyer,pace,Death,2,5,109,35,1,109.0,311.43,SRH
KK Nair,spin,Death,1,4,109,45,2,54.5,242.22,CSK
PHKD Mendis,pace,Middle,2,4,108,66,1,108.0,163.64,PBKS
VR Iyer,spin,Death,2,5,108,42,3,36.0,257.14,SRH
P Simran Singh,spin,Middle,2,4,106,77,2,53.0,137.66,SRH
PHKD Mendis,pace,Death,2,5,106,53,2,53.0,200.0,PBKS
N Sindhu,spin,PP,1,4,106,40,0,,265.0,DC
Jay Gohil,spin,Death,1,3,105,38,0,,276.32,MI
SU Parakh,pace,PP,1,6,105,81,5,21.0,129.63,SRH
CH Gayle,spin,PP,2,5,104,55,2,52.0,189.09,RCB
Shashank Singh,pace,Death,1,4,103,42,1,103.0,245.24,PBKS
WL Madsen,spin,PP,1,4,103,58,0,,177.59,MI
PHKD Mendis,pace,Middle,1,5,103,62,2,51.5,166.13,PBKS
T Stubbs,spin,Death,2,7,103,48,3,34.33,214.58,CSK
Ishan Kishan,spin,Middle,2,3,102,76,1,102.0,134.21,KKR
PWH de Silva,spin,Death,1,3,102,39,0,,261.54,RCB
Abhishek Sharma,spin,PP,1,7,101,53,5,20.2,190.57,MI
Ajay Rohera,pace,PP,2,5,101,57,0,,177.19,LSG
YBK Jaiswal,spin,Death,2,3,101,33,1,101.0,306.06,RR
Shubman Gill,pace,PP,1,6,100,63,4,25.0,158.73,LSG
FH Allen,pace,Middle,1,4,100,67,4,25.0,149.25,SRH
SA Yadav,pace,Middle,2,5,100,59,4,25.0,169.49,DC
S Dube,spin,Middle,1,4,100,65,1,100.0,153.85,RR
S Arora,pace,Middle,1,5,99,51,5,19.8,194.12,KKR
T Stubbs,pace,Middle,1,5,99,81,3,33.0,122.22,CSK
Shashank Singh,pace,Middle,1,6,99,74,3,33.0,133.78,PBKS
Abishek Porel,pace,Death,2,7,99,55,3,33.0,180.0,LSG
JP Inglis,neutralish,Middle,1,4,98,51,3,32.67,192.16,GT
Vansh Bedi,spin,Middle,1,5,98,52,4,24.5,188.46,PBKS
Ishan Kishan,pace,Middle,1,6,98,80,4,24.5,122.5,KKR
KL Rahul,spin,PP,1,5,97,46,1,97.0,210.87,SRH
Abhishek Sharma,spin,Middle,2,4,97,66,2,48.5,146.97,MI
Tushar Raheja,pace,PP,1,4,97,38,3,32.33,255.26,KKR
TL Seifert,spin,PP,2,6,97,73,2,48.5,132.88,PBKS
KK Nair,neutralish,Middle,2,4,96,61,0,,157.38,CSK
Aniket Verma,spin,PP,2,4,96,47,2,48.0,204.26,RR
JP Inglis,spin,PP,1,5,96,51,3,32.0,188.24,GT
TL Seifert,spin,Middle,2,4,95,74,2,47.5,128.38,PBKS
CH Gayle,pace,Middle,2,5,95,72,3,31.67,131.94,RCB
CH Gayle,pace,Death,2,3,95,34,0,,279.41,RCB
WL Madsen,pace,Middle,1,3,95,60,2,47.5,158.33,MI
Abhishek Pathak,spin,Death,1,4,95,33,1,95.0,287.88,RCB
JM Sharma,spin,Death,1,6,94,40,3,31.33,235.0,RCB
Kartik Sharma,pace,Death,2,6,94,39,4,23.5,241.03,SRH
SV Samson,neutralish,Middle,1,5,94,55,5,18.8,170.91,GT
WL Madsen,spin,Middle,1,5,94,65,3,31.33,144.62,MI
DP Conway,pace,PP,2,4,94,73,1,94.0,128.77,
RM Patidar,pace,Death,2,6,94,41,2,47.0,229.27,RCB
HH Pandya,pace,Middle,2,5,94,55,1,94.0,170.91,LSG
Abishek Porel,spin,PP,2,5,94,54,1,94.0,174.07,LSG
Shubman Gill,neutralish,Middle,1,2,93,49,1,93.0,189.8,LSG
Tilak Varma,spin,Middle,1,3,92,71,1,92.0,129.58,CSK
Atharva Taide,spin,PP,2,3,92,58,1,92.0,158.62,RCB
Ishan Kishan,spin,PP,2,7,92,60,4,23.0,153.33,KKR
KL Rahul,neutralish,Middle,1,3,91,65,1,91.0,140.0,SRH
TM Head,pace,PP,1,4,91,63,2,45.5,144.44,KKR
C Green,neutralish,Middle,1,3,90,54,1,90.0,166.67,KKR
FH Allen,spin,PP,1,6,90,73,4,22.5,123.29,SRH
C Green,spin,PP,2,6,89,72,0,,123.61,KKR
Aniket Verma,neutralish,PP,1,2,88,37,0,,237.84,RR
Naman Dhir,pace,Middle,1,6,88,63,5,17.6,139.68,GT
RM Patidar,spin,Middle,1,6,88,68,5,17.6,129.41,RCB
Shashank Singh,pace,Death,2,4,88,44,2,44.0,200.0,PBKS
SU Parakh,spin,PP,2,3,87,45,1,87.0,193.33,SRH
V Nigam,spin,Death,1,5,86,37,2,43.0,232.43,GT
T Stubbs,spin,Middle,2,9,86,73,2,43.0,117.81,CSK
S Arora,neutralish,Death,1,2,86,32,1,86.0,268.75,KKR
Naman Dhir,spin,PP,2,4,86,40,3,28.67,215.0,GT
SU Parakh,pace,PP,2,4,86,54,1,86.0,159.26,SRH
R Parag,spin,Middle,2,5,85,59,3,28.33,144.07,GT
JC Buttler,pace,Death,1,3,85,40,0,,212.5,DC
Kartik Sharma,neutralish,Death,2,5,85,40,1,85.0,212.5,SRH
Sameer Rizvi,pace,Middle,2,6,85,58,4,21.25,146.55,LSG
Urvil Patel,pace,Middle,1,3,85,66,0,,128.79,MI
Kartik Sharma,spin,Middle,2,5,85,57,2,42.5,149.12,SRH
V Kohli,pace,PP,1,5,84,69,3,28.0,121.74,LSG
Rohan Kunnummal,spin,Middle,1,3,84,51,1,84.0,164.71,MI
MR Marsh,pace,Death,1,4,84,44,1,84.0,190.91,KKR
Aniket Verma,pace,Middle,1,3,84,54,2,42.0,155.56,RR
Naman Dhir,neutralish,Middle,2,2,84,54,0,,155.56,GT
VR Iyer,spin,Middle,1,5,84,60,2,42.0,140.0,SRH
N Sindhu,neutralish,Middle,2,3,84,62,0,,135.48,DC
SV Samson,spin,Middle,2,5,83,46,4,20.75,180.43,GT
S Dube,spin,Middle,2,6,83,73,5,16.6,113.7,RR
J Fraser-McGurk,spin,PP,2,4,83,32,4,20.75,259.38,DC
SA Yadav,pace,PP,2,7,83,69,2,41.5,120.29,DC
Sameer Rizvi,pace,Death,2,6,82,30,4,20.5,273.33,LSG
JP Inglis,pace,PP,1,7,82,49,4,20.5,167.35,GT
J Fraser-McGurk,neutralish,PP,1,2,82,34,0,,241.18,DC
MR Marsh,spin,Middle,1,3,81,53,2,40.5,152.83,KKR
Abhishek Sharma,neutralish,Middle,2,2,81,51,0,,158.82,MI
SS Iyer,spin,Middle,2,5,81,60,3,27.0,135.0,KKR
PD Salt,pace,Middle,1,3,80,61,1,80.0,131.15,PBKS
Naman Dhir,pace,PP,2,4,80,32,0,,250.0,GT
Shashank Singh,spin,Death,1,3,80,34,1,80.0,235.29,PBKS
V Suryavanshi,spin,Middle,1,4,80,53,3,26.67,150.94,PBKS
Suryansh Shedge,pace,Middle,1,6,79,55,2,39.5,143.64,KKR
Shashank Singh,spin,Death,2,8,79,39,3,26.33,202.56,PBKS
JM Vince,spin,Middle,2,2,79,50,0,,158.0,CSK
TM Head,spin,Middle,1,3,79,54,1,79.0,146.3,KKR
Abhishek Sharma,pace,Death,2,4,79,39,1,79.0,202.56,MI
PWH de Silva,pace,PP,1,7,79,46,4,19.75,171.74,RCB
Abhishek Pathak,spin,Middle,1,3,78,52,1,78.0,150.0,RCB
V Suryavanshi,pace,Middle,1,4,78,53,4,19.5,147.17,PBKS
Tarang Gohel,neutralish,PP,1,3,78,41,0,,190.24,DC
GJ Maxwell,pace,Middle,1,6,78,44,5,15.6,177.27,DC
RD Gaikwad,neutralish,Death,2,3,78,30,3,26.0,260.0,CSK
PWH de Silva,spin,Death,2,4,78,26,2,39.0,300.0,RCB
VR Iyer,pace,Middle,1,5,78,53,2,39.0,147.17,SRH
Ishan Kishan,spin,Death,2,2,77,30,1,77.0,256.67,KKR
TM Head,spin,PP,1,3,77,57,0,,135.09,KKR
Parth Chandan,spin,Middle,1,4,77,57,0,,135.09,DC
Abhishek Pathak,pace,PP,2,3,76,36,1,76.0,211.11,RCB
Jay Gohil,spin,Death,2,4,76,29,1,76.0,262.07,MI
VR Iyer,neutralish,Death,2,5,76,30,1,76.0,253.33,SRH
SV Samson,spin,PP,1,5,76,56,3,25.33,135.71,GT
Sameer Rizvi,spin,Middle,2,4,76,37,2,38.0,205.41,LSG
Aniket Verma,spin,Middle,2,4,76,56,2,38.0,135.71,RR
Ishan Kishan,neutralish,Middle,1,2,75,47,0,,159.57,KKR
R Parag,spin,Death,2,4,75,30,1,75.0,250.0,GT
AD Russell,pace,Death,1,6,75,37,4,18.75,202.7,DC
Rohan Kunnummal,spin,PP,1,5,75,59,2,37.5,127.12,MI
KL Rahul,spin,Death,2,4,75,31,1,75.0,241.94,SRH
SP Narine,spin,Middle,1,4,75,55,4,18.75,136.36,SRH
Tarang Gohel,spin,PP,1,4,74,40,3,24.67,185.0,DC
V Kohli,pace,PP,2,4,74,42,4,18.5,176.19,LSG
SP Narine,spin,Middle,2,3,74,46,2,37.0,160.87,SRH
DR Mousley,pace,Death,2,4,73,30,2,36.5,243.33,LSG
KK Nair,pace,Death,1,3,73,30,1,73.0,243.33,CSK
DP Conway,pace,Middle,2,3,73,48,2,36.5,152.08,
RM Patidar,pace,Death,1,2,73,31,0,,235.48,RCB
T Stubbs,pace,Death,1,2,73,29,1,73.0,251.72,CSK
Ishan Kishan,neutralish,PP,1,4,73,55,2,36.5,132.73,KKR
Abhishek Pathak,spin,PP,1,3,72,35,3,24.0,205.71,RCB
P Simran Singh,spin,PP,1,4,72,45,2,36.0,160.0,SRH
H Klaasen,neutralish,Middle,2,2,72,47,2,36.0,153.19,
S Dube,neutralish,PP,2,5,72,50,1,72.0,144.0,RR
Rishabh Chouhan,spin,Death,2,4,72,36,1,72.0,200.0,GT
YBK Jaiswal,pace,Death,2,2,72,26,0,,276.92,RR
WG Jacks,pace,Middle,2,3,71,43,2,35.5,165.12,RR
SA Yadav,pace,Middle,1,4,71,38,3,23.67,186.84,DC
GD Phillips,pace,Middle,2,4,71,49,2,35.5,144.9,RR
Ishan Kishan,pace,Middle,2,2,71,36,1,71.0,197.22,KKR
HH Pandya,neutralish,Middle,2,2,71,36,2,35.5,197.22,LSG
J Fraser-McGurk,spin,PP,1,2,71,31,1,71.0,229.03,DC
RR Rossouw,pace,Middle,2,4,71,59,4,17.75,120.34,
N Sindhu,neutralish,Death,2,3,71,29,2,35.5,244.83,DC
MJ Owen,pace,Middle,2,3,71,47,2,35.5,151.06,MI
SV Samson,pace,Middle,1,3,70,48,2,35.0,145.83,GT
Urvil Patel,pace,PP,1,4,70,47,1,70.0,148.94,MI
S Dube,spin,PP,1,5,70,42,3,23.33,166.67,RR
N Sindhu,pace,Death,1,4,69,34,3,23.0,202.94,DC
PD Salt,pace,PP,2,4,69,47,3,23.0,146.81,PBKS
KL Rahul,pace,Death,1,3,69,28,2,34.5,246.43,SRH
Naman Dhir,neutralish,Death,1,4,69,30,2,34.5,230.0,GT
Aniket Verma,pace,PP,1,3,69,35,2,34.5,197.14,RR
Atharva Taide,spin,Middle,2,2,68,49,2,34.0,138.78,RCB
JM Sharma,pace,Death,2,5,68,26,1,68.0,261.54,RCB
Naman Dhir,pace,PP,1,4,68,38,0,,178.95,GT
AD Russell,spin,Death,1,4,68,27,0,,251.85,DC
Shashank Singh,spin,Middle,1,5,68,62,2,34.0,109.68,PBKS
Sameer Rizvi,spin,Middle,1,4,68,40,3,22.67,170.0,LSG
GD Phillips,spin,Middle,2,5,67,53,2,33.5,126.42,RR
H Klaasen,spin,Death,1,4,67,32,4,16.75,209.38,
Tilak Varma,neutralish,Middle,2,4,67,44,3,22.33,152.27,CSK
Ramandeep Singh,pace,Middle,1,4,67,41,2,33.5,163.41,RCB
PWH de Silva,spin,Middle,1,4,67,46,2,33.5,145.65,RCB
SA Yadav,spin,Middle,2,3,66,48,3,22.0,137.5,DC
N Rana,pace,Middle,2,5,66,56,3,22.0,117.86,GT
Tarang Gohel,pace,Middle,2,3,66,40,0,,165.0,DC
KK Nair,spin,PP,2,5,66,37,1,66.0,178.38,CSK
MS Pepper,pace,PP,1,3,66,36,1,66.0,183.33,
GD Phillips,spin,PP,1,3,66,27,0,,244.44,RR
Ashutosh Sharma,pace,Death,1,4,66,39,3,22.0,169.23,GT
S Dube,pace,PP,2,3,65,33,0,,196.97,RR
Naman Dhir,pace,Death,2,2,65,21,1,65.0,309.52,GT
Tanush Kotian,pace,Death,2,3,65,25,2,32.5,260.0,CSK
Priyansh Arya,pace,Death,2,3,65,23,2,32.5,282.61,RCB
Priyansh Arya,pace,Middle,1,2,65,35,1,65.0,185.71,RCB
Kartik Sharma,spin,Death,2,4,65,32,2,32.5,203.12,SRH
Shubman Gill,neutralish,PP,1,2,65,32,0,,203.12,LSG
Naman Dhir,neutralish,PP,2,2,65,25,0,,260.0,GT
SS Iyer,pace,Middle,2,3,65,42,2,32.5,154.76,KKR
R Parag,pace,Middle,1,4,65,51,4,16.25,127.45,GT
Tushar Raheja,spin,PP,1,5,65,40,4,16.25,162.5,KKR
CH Gayle,spin,Middle,2,3,65,47,3,21.67,138.3,RCB
Ishan Kishan,neutralish,PP,2,1,64,24,0,,266.67,KKR
Naman Dhir,spin,PP,1,5,64,40,1,64.0,160.0,GT
PWH de Silva,pace,Middle,2,2,64,27,1,64.0,237.04,RCB
R Smaran,pace,Middle,2,3,64,48,1,64.0,133.33,RR
Akshat Raghuwanshi,spin,Middle,1,1,63,32,0,,196.88,MI
JP Inglis,pace,PP,2,4,63,51,1,63.0,123.53,GT
RD Rickelton,spin,Middle,2,3,63,40,2,31.5,157.5,RR
Kartik Sharma,neutralish,Middle,1,3,63,29,2,31.5,217.24,SRH
Shubman Gill,pace,Middle,1,2,63,35,2,31.5,180.0,LSG
KL Rahul,spin,PP,2,4,63,41,2,31.5,153.66,SRH
YBK Jaiswal,spin,Middle,1,4,63,40,4,15.75,157.5,RR
RG Sharma,spin,Death,1,2,63,23,2,31.5,273.91,KKR
GD Phillips,spin,Middle,1,4,63,47,3,21.0,134.04,RR
Kartik Sharma,spin,PP,1,3,63,35,0,,180.0,SRH
S Arora,neutralish,Middle,1,2,62,41,0,,151.22,KKR
SS Iyer,spin,Death,1,3,62,26,1,62.0,238.46,KKR
GD Phillips,pace,Death,1,4,62,28,3,20.67,221.43,RR
Tarang Gohel,spin,PP,2,2,62,22,0,,281.82,DC
V Nigam,spin,Middle,1,4,62,36,0,,172.22,GT
Tarang Gohel,neutralish,Middle,1,3,62,42,3,20.67,147.62,DC
VR Iyer,spin,Death,1,3,62,30,1,62.0,206.67,SRH
Urvil Patel,neutralish,PP,2,2,62,28,1,62.0,221.43,MI
Jay Gohil,neutralish,Death,2,3,61,22,2,30.5,277.27,MI
S Arora,spin,Middle,1,3,61,39,1,61.0,156.41,KKR
V Kohli,pace,Middle,1,3,61,47,2,30.5,129.79,LSG
RD Gaikwad,pace,Middle,1,2,61,35,1,61.0,174.29,CSK
KA Pollard,pace,Death,2,4,61,32,3,20.33,190.62,RR
KL Rahul,pace,PP,2,4,61,41,1,61.0,148.78,SRH
MR Marsh,pace,Middle,2,5,60,39,2,30.0,153.85,KKR
KA Pollard,pace,Death,1,2,60,25,1,60.0,240.0,RR
Urvil Patel,spin,Death,1,4,60,31,2,30.0,193.55,MI
Tarang Gohel,pace,Death,2,4,60,24,1,60.0,250.0,DC
N Rana,pace,PP,2,5,60,48,1,60.0,125.0,GT
TL Seifert,spin,PP,1,3,60,33,1,60.0,181.82,PBKS
Aniket Verma,pace,Middle,2,4,60,44,4,15.0,136.36,RR
N Sindhu,pace,Death,2,2,60,17,0,,352.94,DC
KK Nair,neutralish,Death,2,4,59,26,3,19.67,226.92,CSK
MW Short,neutralish,PP,1,2,59,34,1,59.0,173.53,MI
Chirag Jani,pace,Death,2,2,59,23,1,59.0,256.52,RCB
Ritik Vats,neutralish,Death,1,1,59,19,0,,310.53,DC
Suryansh Shedge,pace,Death,1,6,59,43,2,29.5,137.21,KKR
VR Iyer,neutralish,Death,1,3,59,22,2,29.5,268.18,SRH
S Dube,spin,PP,2,6,59,36,0,,163.89,RR
N Rana,pace,PP,1,3,59,30,2,29.5,196.67,GT
VR Iyer,spin,Middle,2,3,58,38,0,,152.63,SRH
JM Vince,spin,PP,2,3,58,45,1,58.0,128.89,CSK
Kartik Sharma,neutralish,Middle,2,5,58,34,1,58.0,170.59,SRH
PWH de Silva,spin,Middle,2,2,58,23,1,58.0,252.17,RCB
H Klaasen,spin,Middle,2,2,58,47,0,,123.4,
S Dube,neutralish,Death,2,2,58,24,1,58.0,241.67,RR
Anmolpreet Singh,spin,Middle,1,3,58,50,1,58.0,116.0,KKR
WL Madsen,spin,Death,2,3,58,26,2,29.0,223.08,MI
TM Head,pace,Middle,1,2,58,33,1,58.0,175.76,KKR
DR Mousley,spin,Death,1,2,58,25,1,58.0,232.0,LSG
P Simran Singh,neutralish,PP,1,3,57,36,2,28.5,158.33,SRH
Shashank Singh,spin,Middle,2,9,57,61,1,57.0,93.44,PBKS
Vansh Bedi,pace,Middle,2,4,57,44,1,57.0,129.55,PBKS
MR Marsh,pace,Death,2,5,57,22,4,14.25,259.09,KKR
Akhil Singh Rawat,pace,Death,1,3,57,20,0,,285.0,KKR
Abhishek Pathak,pace,Middle,2,2,57,42,1,57.0,135.71,RCB
Atharva Taide,spin,PP,1,3,57,33,3,19.0,172.73,RCB
Sameer Rizvi,pace,Death,1,4,56,34,3,18.67,164.71,LSG
RD Rickelton,spin,PP,1,4,56,33,3,18.67,169.7,RR
WG Jacks,spin,Middle,1,5,56,51,3,18.67,109.8,RR
SA Yadav,neutralish,Middle,2,1,55,28,0,,196.43,DC
PWH de Silva,pace,Death,2,4,55,26,1,55.0,211.54,RCB
YBK Jaiswal,pace,Death,1,5,54,25,5,10.8,216.0,RR
JM Sharma,pace,Middle,2,4,54,45,3,18.0,120.0,RCB
AD Russell,neutralish,Death,2,3,54,23,0,,234.78,DC
BJ McMullen,spin,Death,1,2,54,26,2,27.0,207.69,RCB
BJ McMullen,spin,PP,1,2,54,38,1,54.0,142.11,RCB
R Parag,pace,Middle,2,3,54,35,1,54.0,154.29,GT
V Suryavanshi,pace,Death,2,3,54,24,2,27.0,225.0,PBKS
N Sindhu,pace,PP,1,3,53,23,1,53.0,230.43,DC
Anmolpreet Singh,pace,Death,1,2,53,20,2,26.5,265.0,KKR
N Sindhu,spin,Middle,2,3,53,34,1,53.0,155.88,DC
V Nigam,pace,Death,2,2,53,25,0,,212.0,GT
JP Inglis,neutralish,PP,2,2,53,18,1,53.0,294.44,GT
Rohan Kunnummal,pace,Middle,1,2,53,29,2,26.5,182.76,MI
MR Marsh,spin,Middle,2,2,53,29,1,53.0,182.76,KKR
Tanush Kotian,pace,Death,1,3,53,20,1,53.0,265.0,CSK
S Dube,neutralish,Death,1,1,52,17,0,,305.88,RR
T Stubbs,pace,Middle,2,4,52,36,3,17.33,144.44,CSK
Tilak Varma,neutralish,Middle,1,2,52,35,2,26.0,148.57,CSK
Abishek Porel,spin,PP,1,4,52,34,1,52.0,152.94,LSG
Tilak Varma,pace,Middle,2,3,52,32,2,26.0,162.5,CSK
Kartik Sharma,pace,PP,1,4,52,29,0,,179.31,SRH
Tanush Kotian,neutralish,Death,2,3,52,21,2,26.0,247.62,CSK
Shubhang Hegde,pace,Death,2,3,52,17,2,26.0,305.88,LSG
F du Plessis,neutralish,PP,2,3,52,45,1,52.0,115.56,
Akhil Singh Rawat,neutralish,Death,1,2,51,22,1,51.0,231.82,KKR
Tilak Varma,neutralish,PP,1,3,51,20,1,51.0,255.0,CSK
YBK Jaiswal,neutralish,PP,2,2,51,22,2,25.5,231.82,RR
Urvil Patel,spin,Death,2,4,51,20,2,25.5,255.0,MI
DR Mousley,spin,PP,2,4,51,34,2,25.5,150.0,LSG
HH Pandya,spin,Middle,1,3,51,44,1,51.0,115.91,LSG
MS Pepper,pace,Middle,1,2,50,48,2,25.0,104.17,
Shubman Gill,neutralish,Middle,2,1,50,26,0,,192.31,LSG
B Sai Sudharsan,spin,PP,1,4,50,34,4,12.5,147.06,MI
BM Duckett,pace,Middle,2,1,50,27,0,,185.19,SRH
P Simran Singh,pace,Middle,2,3,50,31,2,25.0,161.29,SRH
KK Nair,neutralish,Middle,1,2,50,34,0,,147.06,CSK
TM Head,neutralish,PP,1,2,50,25,1,50.0,200.0,KKR
Ishan Kishan,pace,Death,1,2,49,21,2,24.5,233.33,KKR
MR Marsh,pace,PP,1,3,49,29,0,,168.97,KKR
SA Yadav,neutralish,Death,1,1,49,16,0,,306.25,DC
RD Rickelton,pace,Middle,2,2,49,39,1,49.0,125.64,RR
Ajay Rohera,pace,Middle,1,2,49,35,2,24.5,140.0,LSG
SS Iyer,spin,Middle,1,4,49,28,2,24.5,175.0,KKR
Priyansh Arya,spin,Middle,1,3,49,26,3,16.33,188.46,RCB
Kartik Sharma,spin,Death,1,2,49,16,2,24.5,306.25,SRH
RA Jadeja,spin,Death,2,4,49,22,2,24.5,222.73,CSK
PD Salt,neutralish,Middle,2,3,49,31,2,24.5,158.06,PBKS
Abishek Porel,neutralish,PP,2,2,48,27,0,,177.78,LSG
N Sindhu,neutralish,PP,1,1,48,22,0,,218.18,DC
YBK Jaiswal,spin,PP,1,4,48,33,2,24.0,145.45,RR
DR Mousley,pace,Middle,1,2,47,28,1,47.0,167.86,LSG
PD Salt,pace,Death,1,3,47,17,2,23.5,276.47,PBKS
RK Singh,pace,Middle,1,5,47,39,4,11.75,120.51,PBKS
Ishan Kishan,pace,PP,2,2,47,26,0,,180.77,KKR
Tarang Gohel,pace,PP,1,4,47,34,3,15.67,138.24,DC
N Pooran,spin,Death,2,2,47,15,2,23.5,313.33,MI
B Sai Sudharsan,pace,Middle,2,1,47,30,1,47.0,156.67,MI
Urvil Patel,pace,Death,2,3,47,19,1,47.0,247.37,MI
GD Phillips,spin,Death,2,3,47,16,2,23.5,293.75,RR
RD Rickelton,pace,PP,2,3,46,25,2,23.0,184.0,RR
Abhishek Sharma,spin,PP,2,7,46,24,4,11.5,191.67,MI
RD Rickelton,pace,PP,1,3,46,27,2,23.0,170.37,RR
V Nigam,neutralish,Middle,2,1,46,23,1,46.0,200.0,GT
Rituraj Sharma,spin,Death,1,2,46,23,2,23.0,200.0,
R Smaran,spin,Death,2,4,46,31,3,15.33,148.39,RR
SA Yadav,neutralish,PP,1,2,46,23,1,46.0,200.0,DC
JC Buttler,neutralish,Middle,2,2,46,32,0,,143.75,DC
Ritik Vats,pace,PP,1,2,46,20,1,46.0,230.0,DC
B Sai Sudharsan,pace,PP,2,2,46,21,1,46.0,219.05,MI
Tarang Gohel,pace,Middle,1,4,46,38,3,15.33,121.05,DC
HH Pandya,neutralish,Death,1,3,45,15,0,,300.0,LSG
KA Pollard,neutralish,Middle,2,1,45,24,0,,187.5,RR
RD Gaikwad,pace,PP,1,4,45,40,3,15.0,112.5,CSK
R Smaran,spin,Middle,1,4,45,35,3,15.0,128.57,RR
AR Patel,spin,Death,1,2,45,19,0,,236.84,PBKS
GJ Maxwell,pace,Death,1,1,45,15,0,,300.0,DC
Sonu Yadav,spin,Middle,2,1,45,23,1,45.0,195.65,CSK
GF Linde,spin,Death,2,4,45,25,1,45.0,180.0,GT
RD Gaikwad,spin,Death,2,3,45,18,2,22.5,250.0,CSK
YBK Jaiswal,spin,Middle,2,1,45,21,0,,214.29,RR
SS Iyer,pace,Middle,1,3,45,35,3,15.0,128.57,KKR
SU Parakh,pace,Middle,2,3,45,37,2,22.5,121.62,SRH
Parth Chandan,spin,Death,1,4,44,31,3,14.67,141.94,DC
AM Rahane,spin,PP,2,4,44,55,2,22.0,80.0,
AM Rahane,spin,Middle,2,2,44,27,2,22.0,162.96,
KL Rahul,pace,PP,1,4,44,29,1,44.0,151.72,SRH
VR Iyer,pace,Middle,2,5,44,35,2,22.0,125.71,SRH
Karan Shinde,pace,Death,2,3,44,24,1,44.0,183.33,SRH
JP Inglis,pace,Middle,1,3,44,34,2,22.0,129.41,GT
JM Sharma,spin,Middle,1,5,44,40,2,22.0,110.0,RCB
B Sai Sudharsan,neutralish,Middle,1,1,44,27,0,,162.96,MI
CH Gayle,pace,Death,1,2,44,17,1,44.0,258.82,RCB
KH Pandya,spin,Death,1,2,44,20,2,22.0,220.0,SRH
SV Samson,neutralish,PP,2,2,43,19,2,21.5,226.32,GT
SP Narine,spin,PP,2,3,43,26,2,21.5,165.38,SRH
Jay Gohil,neutralish,Death,1,1,43,15,0,,286.67,MI
D Brevis,spin,Death,1,1,43,21,0,,204.76,GT
Ajay Rohera,pace,PP,1,3,43,23,1,43.0,186.96,LSG
WG Jacks,neutralish,Middle,1,1,43,27,0,,159.26,RR
RD Gaikwad,neutralish,PP,1,2,43,30,1,43.0,143.33,CSK
Abhishek Tanwar,pace,Middle,1,1,43,19,0,,226.32,RCB
Chirag Jani,spin,Death,1,2,43,22,0,,195.45,RCB
F du Plessis,neutralish,Middle,2,2,43,34,2,21.5,126.47,
Kumar Kushagra,neutralish,Middle,2,1,43,30,0,,143.33,RR
Priyansh Arya,spin,Middle,2,3,43,31,3,14.33,138.71,RCB
KL Rahul,neutralish,Death,1,2,43,17,2,21.5,252.94,SRH
FH Allen,spin,PP,2,3,42,23,2,21.0,182.61,SRH
Naman Dhir,neutralish,PP,1,4,42,23,1,42.0,182.61,GT
MJ Owen,neutralish,Middle,2,1,42,28,1,42.0,150.0,MI
SP Narine,spin,PP,1,3,42,33,2,21.0,127.27,SRH
Akshat Raghuwanshi,pace,Middle,1,1,42,23,0,,182.61,MI
Virat Singh,spin,PP,2,2,42,33,1,42.0,127.27,
Akhil Singh Rawat,spin,Death,1,3,42,17,3,14.0,247.06,KKR
AK Markram,spin,PP,1,3,42,40,2,21.0,105.0,DC
D Forrester,pace,Death,2,3,42,15,2,21.0,280.0,MI
KK Nair,pace,Middle,1,1,42,27,0,,155.56,CSK
Rohan Kunnummal,spin,Death,1,2,42,18,1,42.0,233.33,MI
Tarang Gohel,spin,Death,2,2,42,18,1,42.0,233.33,DC
MS Bhandage,pace,Death,1,2,42,22,2,21.0,190.91,PBKS
YBK Jaiswal,neutralish,Death,2,2,42,13,1,42.0,323.08,RR
Abhishek Sharma,spin,Death,2,2,42,15,2,21.0,280.0,MI
N Sindhu,neutralish,Death,1,1,41,14,0,,292.86,DC
YBK Jaiswal,spin,PP,2,3,41,26,3,13.67,157.69,RR
D Brevis,pace,Middle,1,3,41,22,1,41.0,186.36,GT
RM Patidar,neutralish,Death,1,1,41,15,0,,273.33,RCB
Kartik Sharma,spin,PP,2,2,41,18,1,41.0,227.78,SRH
SA Yadav,spin,PP,2,3,41,21,1,41.0,195.24,DC
Priyansh Arya,spin,PP,2,3,41,28,1,41.0,146.43,RCB
P Simran Singh,neutralish,Middle,1,1,41,27,0,,151.85,SRH
Tarang Gohel,spin,Middle,2,3,41,29,2,20.5,141.38,DC
Tushar Raheja,pace,Middle,2,3,41,29,3,13.67,141.38,KKR
GD Phillips,pace,Death,2,2,41,16,1,41.0,256.25,RR
Ajay Rohera,spin,PP,2,3,41,28,3,13.67,146.43,LSG
DR Mousley,spin,Middle,1,3,41,41,2,20.5,100.0,LSG
SU Parakh,spin,PP,1,3,41,31,3,13.67,132.26,SRH
Karan Shinde,pace,Death,1,3,41,20,2,20.5,205.0,SRH
MJ Owen,pace,PP,2,4,41,47,2,20.5,87.23,MI
RD Gaikwad,pace,Middle,2,2,41,23,2,20.5,178.26,CSK
J Overton,pace,Death,1,3,41,27,0,,151.85,RR
Tilak Varma,spin,Death,2,4,40,25,4,10.0,160.0,CSK
V Suryavanshi,spin,Middle,2,2,40,23,2,20.0,173.91,PBKS
HH Pandya,spin,Death,1,4,40,21,3,13.33,190.48,LSG
KA Maharaj,spin,Death,1,3,40,39,2,20.0,102.56,RCB
C Green,spin,Middle,1,6,40,34,6,6.67,117.65,KKR
Abhishek Pathak,spin,Middle,2,3,40,32,3,13.33,125.0,RCB
Anmolpreet Singh,pace,Middle,1,3,40,26,2,20.0,153.85,KKR
V Nigam,spin,Middle,2,2,40,23,1,40.0,173.91,GT
Shubman Gill,neutralish,PP,2,2,40,21,1,40.0,190.48,LSG
GJ Maxwell,neutralish,Middle,1,1,40,25,1,40.0,160.0,DC
WL Madsen,neutralish,Death,2,2,40,21,1,40.0,190.48,MI
V Nigam,spin,Death,2,4,40,17,2,20.0,235.29,GT
V Nigam,pace,Middle,1,4,40,34,1,40.0,117.65,GT
N Pooran,spin,Death,1,2,39,12,2,19.5,325.0,MI
Ajay Rohera,pace,Death,2,2,39,17,1,39.0,229.41,LSG
Abhishek Tanwar,pace,Death,2,3,39,15,2,19.5,260.0,RCB
Tilak Varma,pace,PP,2,2,39,24,0,,162.5,CSK
B Sai Sudharsan,neutralish,PP,2,3,39,34,2,19.5,114.71,MI
Kunal Chandela,spin,Middle,2,1,39,23,0,,169.57,
RM Patidar,pace,PP,1,5,39,31,1,39.0,125.81,RCB
Vansh Bedi,spin,PP,1,3,39,19,1,39.0,205.26,PBKS
GJ Maxwell,neutralish,PP,1,3,39,22,2,19.5,177.27,DC
Harnoor Singh,spin,Middle,2,1,39,22,0,,177.27,RCB
JJ Smit,pace,Death,1,5,38,24,5,7.6,158.33,PBKS
R Parag,spin,Death,1,2,38,18,2,19.0,211.11,GT
RD Gaikwad,neutralish,Middle,1,2,38,25,1,38.0,152.0,CSK
Kumar Kushagra,pace,Middle,1,1,38,23,1,38.0,165.22,RR
HH Pandya,spin,Middle,2,2,38,26,0,,146.15,LSG
JP Inglis,spin,Middle,1,2,38,24,2,19.0,158.33,GT
Shashank Singh,pace,Middle,2,3,38,31,2,19.0,122.58,PBKS
RD Gaikwad,spin,Middle,1,4,38,38,4,9.5,100.0,CSK
Naman Dhir,spin,Death,1,1,38,15,1,38.0,253.33,GT
Sonu Yadav,spin,Middle,1,1,38,23,1,38.0,165.22,CSK
RD Rickelton,spin,Middle,1,1,38,26,0,,146.15,RR
Ritik Vats,spin,Death,1,3,38,21,2,19.0,180.95,DC
MJ Owen,pace,Death,2,1,38,16,0,,237.5,MI
KK Nair,neutralish,Death,1,3,38,14,3,12.67,271.43,CSK
D Brevis,spin,Middle,1,3,37,30,2,18.5,123.33,GT
S Dube,neutralish,Middle,1,2,37,33,1,37.0,112.12,RR
Ritik Vats,spin,PP,1,1,37,17,0,,217.65,DC
Siddhesh Veer,spin,Death,1,3,37,21,1,37.0,176.19,MI
N Sindhu,spin,Death,2,2,37,16,1,37.0,231.25,DC
Sameer Rizvi,pace,Middle,1,5,37,20,2,18.5,185.0,LSG
KL Rahul,spin,Death,1,1,37,15,0,,246.67,SRH
Abishek Porel,neutralish,Death,1,2,37,14,1,37.0,264.29,LSG
N Sindhu,neutralish,Middle,1,3,37,26,2,18.5,142.31,DC
Utkarsh Singh,spin,Death,1,3,37,26,3,12.33,142.31,RR
SU Parakh,neutralish,Middle,1,1,37,18,1,37.0,205.56,SRH
RR Rossouw,pace,PP,2,4,37,38,2,18.5,97.37,
N Rana,pace,Death,1,1,37,11,0,,336.36,GT
Jay Gohil,pace,Death,1,4,36,17,2,18.0,211.76,MI
Tarang Gohel,spin,Death,1,3,36,14,2,18.0,257.14,DC
RD Rickelton,neutralish,PP,2,2,36,18,2,18.0,200.0,RR
AJ Hosein,spin,Death,1,3,36,15,1,36.0,240.0,
KL Rahul,neutralish,Death,2,2,36,16,2,18.0,225.0,SRH
Tanush Kotian,spin,Death,2,3,36,15,2,18.0,240.0,CSK
Rituraj Sharma,spin,Middle,1,4,36,27,2,18.0,133.33,
JC Buttler,spin,Middle,1,1,36,21,0,,171.43,DC
Rishabh Chouhan,neutralish,Death,1,1,36,13,0,,276.92,GT
T Stubbs,neutralish,Middle,1,1,36,28,0,,128.57,CSK
AD Russell,pace,Death,2,2,36,19,1,36.0,189.47,DC
JM Vince,neutralish,PP,1,1,35,21,0,,166.67,CSK
WL Madsen,pace,PP,1,4,35,31,1,35.0,112.9,MI
D Brevis,pace,Death,1,2,35,22,1,35.0,159.09,GT
V Kohli,spin,PP,2,5,35,31,4,8.75,112.9,LSG
HC Brook,pace,Middle,1,1,35,19,1,35.0,184.21,GT
AM Rahane,spin,PP,1,1,35,16,1,35.0,218.75,
C Green,spin,Death,1,1,35,10,0,,350.0,KKR
Ajay Rohera,neutralish,PP,1,1,35,19,0,,184.21,LSG
MR Marsh,spin,Death,1,3,35,22,3,11.67,159.09,KKR
Chirag Jani,spin,Death,2,1,35,12,1,35.0,291.67,RCB
Shahbaz Ahmed,pace,Death,1,5,35,34,4,8.75,102.94,KKR
Naman Dhir,spin,Death,2,2,35,17,1,35.0,205.88,GT
Sunny Sandhu,spin,Middle,1,1,35,26,0,,134.62,DC
AD Russell,pace,Middle,2,3,35,33,1,35.0,106.06,DC
GD Phillips,pace,Middle,1,3,35,18,1,35.0,194.44,RR
TH David,neutralish,Middle,1,2,35,29,2,17.5,120.69,
C Connolly,spin,PP,1,2,35,25,2,17.5,140.0,GT
Jay Gohil,neutralish,Middle,2,1,35,17,0,,205.88,MI
S Arora,pace,PP,1,5,35,21,2,17.5,166.67,KKR
BM Duckett,spin,PP,2,2,35,20,2,17.5,175.0,SRH
R Parag,spin,Middle,1,3,34,24,1,34.0,141.67,GT
TM Head,neutralish,PP,2,1,34,12,0,,283.33,KKR
YBK Jaiswal,neutralish,Death,1,2,34,10,2,17.0,340.0,RR
TP Ura,spin,Death,2,3,34,11,3,11.33,309.09,PBKS
V Kohli,spin,Middle,1,1,34,30,0,,113.33,LSG
YBK Jaiswal,pace,Middle,1,4,34,30,1,34.0,113.33,RR
P Simran Singh,pace,Death,1,3,34,20,2,17.0,170.0,SRH
SA Yadav,neutralish,PP,2,2,34,18,1,34.0,188.89,DC
BM Duckett,neutralish,PP,2,1,34,13,0,,261.54,SRH
Abhishek Sharma,spin,Middle,1,2,34,23,1,34.0,147.83,MI
WG Jacks,pace,Death,1,3,34,17,2,17.0,200.0,RR
JC Buttler,neutralish,Death,2,3,34,15,2,17.0,226.67,DC
AGS Gous,pace,PP,1,1,34,25,0,,136.0,LSG
Sameer Rizvi,neutralish,Middle,2,1,34,20,0,,170.0,LSG
YBK Jaiswal,pace,PP,2,2,34,20,2,17.0,170.0,RR
SU Parakh,neutralish,Middle,2,3,33,25,3,11.0,132.0,SRH
Tushar Raheja,neutralish,PP,2,1,33,13,1,33.0,253.85,KKR
Ajay Rohera,neutralish,Middle,1,1,33,23,0,,143.48,LSG
Shubman Gill,spin,Death,2,2,33,16,1,33.0,206.25,LSG
R Parag,neutralish,Death,2,1,33,10,1,33.0,330.0,GT
RG Sharma,spin,Middle,2,4,33,28,2,16.5,117.86,KKR
Tanush Kotian,neutralish,Death,1,3,33,15,1,33.0,220.0,CSK
BJ McMullen,spin,Middle,1,2,33,27,0,,122.22,RCB
AD Russell,spin,Middle,2,1,33,22,0,,150.0,DC
B Sai Sudharsan,neutralish,PP,1,2,33,22,1,33.0,150.0,MI
RD Rickelton,spin,PP,2,4,33,46,2,16.5,71.74,RR
Siddhesh Veer,pace,Death,2,2,33,10,1,33.0,330.0,MI
WG Jacks,pace,Middle,1,4,33,31,2,16.5,106.45,RR
Sanvir Singh,neutralish,Death,1,1,33,15,0,,220.0,
SP Narine,pace,Death,2,2,33,13,1,33.0,253.85,SRH
AR Patel,spin,Death,2,2,33,18,1,33.0,183.33,PBKS
KL Rahul,neutralish,PP,2,2,33,16,0,,206.25,SRH
Jay Gohil,neutralish,Middle,1,1,32,21,0,,152.38,MI
KA Pollard,pace,PP,1,2,32,17,1,32.0,188.24,RR
Sonu Yadav,pace,Death,1,3,32,20,2,16.0,160.0,CSK
C Connolly,spin,Middle,2,1,32,28,0,,114.29,GT
JE Root,spin,Middle,2,1,32,17,1,32.0,188.24,SRH
VR Iyer,neutralish,Middle,1,2,32,19,0,,168.42,SRH
Shubhang Hegde,spin,Death,1,2,32,14,1,32.0,228.57,LSG
S Dube,pace,Death,2,2,32,14,1,32.0,228.57,RR
Parth Chandan,spin,Death,2,2,32,15,1,32.0,213.33,DC
SV Samson,pace,Middle,2,2,32,24,2,16.0,133.33,GT
SA Yadav,pace,Death,1,1,32,10,1,32.0,320.0,DC
N Rana,pace,Middle,1,2,31,37,1,31.0,83.78,GT
RG Sharma,spin,Middle,1,2,31,24,0,,129.17,KKR
PD Salt,neutralish,PP,2,3,31,34,1,31.0,91.18,PBKS
D Brevis,pace,Death,2,2,31,14,1,31.0,221.43,GT
Nithish Kumar Reddy,pace,Death,1,1,31,12,1,31.0,258.33,GT
C Green,pace,Middle,2,2,31,22,1,31.0,140.91,KKR
AD Russell,neutralish,Middle,1,2,31,17,1,31.0,182.35,DC
Adarsh Singh,pace,Death,1,1,31,12,1,31.0,258.33,DC
R Smaran,spin,PP,2,2,31,17,0,,182.35,RR
Akshat Raghuwanshi,spin,Death,1,1,31,13,0,,238.46,MI
Kumar Kushagra,neutralish,Middle,1,1,31,22,0,,140.91,RR
PHKD Mendis,neutralish,Middle,1,1,31,22,0,,140.91,PBKS
AD Russell,neutralish,Death,1,1,30,11,0,,272.73,DC
Abhishek Sharma,neutralish,PP,2,2,30,18,0,,166.67,MI
MR Marsh,pace,PP,2,3,30,19,1,30.0,157.89,KKR
Kartik Sharma,neutralish,Death,1,1,30,12,1,30.0,250.0,SRH
Siddhesh Veer,neutralish,Death,2,1,30,15,0,,200.0,MI
Siddhesh Veer,pace,Middle,2,1,30,21,0,,142.86,MI
J Overton,neutralish,Death,1,4,30,17,2,15.0,176.47,RR
Adarsh Singh,pace,Death,2,2,30,18,2,15.0,166.67,DC
Chirag Jani,pace,Death,1,7,30,18,4,7.5,166.67,RCB
SP Narine,spin,Death,2,2,30,9,0,,333.33,SRH
S Dube,pace,Death,1,3,30,25,2,15.0,120.0,RR
D Padikkal,spin,Middle,1,1,30,22,1,30.0,136.36,RR
SU Parakh,neutralish,PP,1,1,30,21,0,,142.86,SRH
DR Mousley,pace,PP,2,1,30,21,0,,142.86,LSG
DR Mousley,spin,Middle,2,2,30,21,2,15.0,142.86,LSG
JC Buttler,pace,Middle,2,3,30,18,2,15.0,166.67,DC
N Pooran,pace,Death,2,3,30,18,3,10.0,166.67,MI
WL Madsen,neutralish,PP,1,1,30,13,0,,230.77,MI
V Nigam,neutralish,Middle,1,3,30,22,0,,136.36,GT
Jay Gohil,spin,Middle,2,3,29,26,2,14.5,111.54,MI
Vansh Bedi,pace,Middle,1,3,29,17,2,14.5,170.59,PBKS
TM Head,spin,PP,2,1,29,19,1,29.0,152.63,KKR
DP Conway,spin,PP,1,3,29,19,3,9.67,152.63,
Sameer Rizvi,spin,Death,2,4,29,16,3,9.67,181.25,LSG
HH Pandya,neutralish,PP,2,1,29,17,0,,170.59,LSG
GJ Maxwell,spin,Middle,2,3,29,29,2,14.5,100.0,DC
RR Rossouw,spin,Middle,1,1,29,27,0,,107.41,
Sunny Sandhu,pace,Death,1,2,29,12,0,,241.67,DC
BM Duckett,neutralish,Middle,2,1,29,26,0,,111.54,SRH
RD Gaikwad,spin,PP,2,3,29,22,3,9.67,131.82,CSK
TM Head,neutralish,Middle,2,1,29,20,1,29.0,145.0,KKR
N Sindhu,neutralish,PP,2,2,29,15,0,,193.33,DC
HJ Manenti,pace,Death,1,5,29,28,4,7.25,103.57,RCB
TL Seifert,pace,Middle,1,2,29,22,2,14.5,131.82,PBKS
Harnoor Singh,spin,PP,2,1,29,14,0,,207.14,RCB
A Mhatre,pace,Middle,1,1,28,16,1,28.0,175.0,
AK Markram,spin,Middle,1,2,28,21,2,14.0,133.33,DC
Vishnu Vinod,spin,PP,2,1,28,20,0,,140.0,GT
B Sai Sudharsan,neutralish,Middle,2,1,28,27,0,,103.7,MI
D Brevis,pace,PP,1,1,28,18,0,,155.56,GT
H Klaasen,spin,Death,2,3,28,17,3,9.33,164.71,
Karan Shinde,spin,Middle,2,2,28,35,1,28.0,80.0,SRH
P Simran Singh,neutralish,Death,1,1,28,11,0,,254.55,SRH
C Green,spin,Death,2,4,28,20,1,28.0,140.0,KKR
BM Duckett,neutralish,Death,2,1,28,11,1,28.0,254.55,SRH
T Dahiya,spin,Middle,1,2,28,28,1,28.0,100.0,LSG
C Green,neutralish,Middle,2,1,28,14,0,,200.0,KKR
PHKD Mendis,spin,Middle,1,4,28,32,2,14.0,87.5,PBKS
RE van der Merwe,spin,Death,1,3,28,17,2,14.0,164.71,CSK
KA Pollard,spin,Middle,2,2,28,26,0,,107.69,RR
SV Samson,spin,Death,2,1,28,11,0,,254.55,GT
Abhishek Sharma,pace,Middle,1,2,28,25,1,28.0,112.0,MI
Abhishek Pathak,neutralish,PP,1,1,28,21,0,,133.33,RCB
Anmol Malhotra,pace,Middle,1,1,28,25,1,28.0,112.0,
Ishan Kishan,neutralish,Death,1,2,28,16,1,28.0,175.0,KKR
Salman Nizar,pace,Death,1,3,28,17,2,14.0,164.71,
KL Rahul,neutralish,PP,1,2,28,17,0,,164.71,SRH
S Dube,neutralish,PP,1,2,27,12,0,,225.0,RR
Nithish Kumar Reddy,spin,Death,2,2,27,15,1,27.0,180.0,GT
Tanush Kotian,pace,Middle,1,2,27,18,1,27.0,150.0,CSK
SA Yadav,neutralish,Middle,1,2,27,17,1,27.0,158.82,DC
MP Stoinis,pace,Middle,2,2,27,16,1,27.0,168.75,
N Pooran,spin,Middle,1,2,27,24,1,27.0,112.5,MI
TM Head,spin,Death,1,2,27,16,1,27.0,168.75,KKR
D Forrester,pace,Death,1,1,27,10,1,27.0,270.0,MI
A Mhatre,pace,PP,1,3,27,24,2,13.5,112.5,
KK Nair,pace,PP,1,2,27,15,2,13.5,180.0,CSK
Kartik Sharma,pace,PP,2,3,27,17,0,,158.82,SRH
V Suryavanshi,neutralish,Middle,1,1,27,18,1,27.0,150.0,PBKS
Chirag Jani,pace,Middle,1,5,26,23,2,13.0,113.04,RCB
Nithish Kumar Reddy,pace,Middle,1,1,26,18,0,,144.44,GT
Urvil Patel,pace,Death,1,3,26,14,3,8.67,185.71,MI
Tushar Raheja,spin,Middle,1,1,26,16,1,26.0,162.5,KKR
AB de Villiers,spin,Death,1,1,26,10,1,26.0,260.0,
Nithish Kumar Reddy,spin,Middle,1,1,26,21,1,26.0,123.81,GT
PWH de Silva,pace,Middle,1,3,26,15,3,8.67,173.33,RCB
RD Gaikwad,pace,Death,1,2,26,13,1,26.0,200.0,CSK
V Kohli,neutralish,PP,2,4,26,18,3,8.67,144.44,LSG
N Pooran,pace,Middle,2,2,26,18,0,,144.44,MI
Tarang Gohel,pace,PP,2,3,26,18,3,8.67,144.44,DC
J Fraser-McGurk,neutralish,Middle,1,2,26,11,2,13.0,236.36,DC
WG Jacks,spin,Death,2,2,26,8,1,26.0,325.0,RR
SR Watson,pace,Death,2,2,26,12,1,26.0,216.67,
Arshad Khan,spin,Death,2,1,26,14,0,,185.71,CSK
MS Pepper,spin,PP,2,1,26,24,0,,108.33,
AK Markram,neutralish,Death,2,1,26,15,1,26.0,173.33,DC
Tilak Varma,pace,Death,1,2,26,12,2,13.0,216.67,CSK
PWH de Silva,neutralish,Middle,1,1,26,18,1,26.0,144.44,RCB
JJ Smit,pace,Middle,1,2,26,19,1,26.0,136.84,PBKS
Abhishek Pathak,neutralish,Middle,1,1,26,17,1,26.0,152.94,RCB
SU Parakh,spin,Middle,2,2,26,22,2,13.0,118.18,SRH
Priyansh Arya,neutralish,PP,1,1,25,15,0,,166.67,RCB
PWH de Silva,pace,PP,2,3,25,10,2,12.5,250.0,RCB
R Parag,neutralish,PP,1,2,25,16,0,,156.25,GT
Shashank Singh,spin,PP,1,2,25,14,0,,178.57,PBKS
Shubman Gill,spin,Death,1,2,25,14,1,25.0,178.57,LSG
TP Ura,spin,Death,1,1,25,14,0,,178.57,PBKS
PD Salt,pace,Middle,2,1,25,12,1,25.0,208.33,PBKS
Utkarsh Singh,pace,Death,1,3,25,15,1,25.0,166.67,RR
RE van der Merwe,pace,Death,1,1,25,12,1,25.0,208.33,CSK
RK Singh,pace,Death,1,2,25,14,1,25.0,178.57,PBKS
N Pooran,pace,Death,1,2,25,15,2,12.5,166.67,MI
YBK Jaiswal,pace,Middle,2,3,25,17,2,12.5,147.06,RR
KL Rahul,pace,Death,2,3,25,14,1,25.0,178.57,SRH
KA Pollard,pace,PP,2,3,25,21,0,,119.05,RR
H Klaasen,neutralish,Death,1,1,25,8,1,25.0,312.5,
GD Phillips,neutralish,Middle,2,2,25,10,0,,250.0,RR
Abhishek Tanwar,pace,Middle,2,1,25,16,1,25.0,156.25,RCB
J Fraser-McGurk,pace,PP,2,1,25,13,1,25.0,192.31,DC
BM Duckett,spin,PP,1,2,25,19,2,12.5,131.58,SRH
FH Allen,neutralish,PP,1,1,25,17,1,25.0,147.06,SRH
Adarsh Singh,pace,Middle,2,2,25,20,0,,125.0,DC
C Green,pace,Death,2,1,25,8,0,,312.5,KKR
Abhishek Pathak,pace,PP,1,2,24,14,0,,171.43,RCB
KA Pollard,pace,Middle,1,2,24,12,1,24.0,200.0,RR
SR Watson,pace,Middle,2,1,24,14,1,24.0,171.43,
JG Bethell,pace,Middle,2,1,24,22,1,24.0,109.09,
JP Inglis,neutralish,Middle,2,1,24,15,1,24.0,160.0,GT
Ajay Rohera,spin,PP,1,2,24,12,2,12.0,200.0,LSG
MS Pepper,spin,Middle,2,1,24,16,1,24.0,150.0,
MR Marsh,spin,Death,2,2,24,11,0,,218.18,KKR
Tilak Varma,spin,Death,1,2,24,13,1,24.0,184.62,CSK
PHKD Mendis,spin,Middle,2,2,24,15,2,12.0,160.0,PBKS
Jay Gohil,spin,Middle,1,2,24,15,0,,160.0,MI
T Stubbs,pace,PP,2,3,24,27,0,,88.89,CSK
Abishek Porel,spin,Death,1,3,24,20,3,8.0,120.0,LSG
WG Jacks,pace,PP,2,2,24,22,1,24.0,109.09,RR
JE Root,spin,PP,2,2,23,22,1,23.0,104.55,SRH
CH Gayle,spin,Death,1,3,23,14,3,7.67,164.29,RCB
BJ McMullen,pace,Middle,2,1,23,21,1,23.0,109.52,RCB
Ritik Vats,pace,Middle,1,3,23,24,2,11.5,95.83,DC
R Smaran,pace,Middle,1,1,23,12,1,23.0,191.67,RR
Shahbaz Ahmed,pace,PP,1,1,23,8,0,,287.5,KKR
Jay Gohil,pace,Death,2,1,23,12,1,23.0,191.67,MI
T Dahiya,spin,Middle,2,1,23,9,1,23.0,255.56,LSG
HH Pandya,spin,Death,2,3,23,12,2,11.5,191.67,LSG
TH David,pace,Middle,1,2,23,15,2,11.5,153.33,
RG Sharma,pace,Death,1,3,23,12,2,11.5,191.67,KKR
Abishek Porel,neutralish,Middle,2,2,23,18,2,11.5,127.78,LSG
LR Chethan,neutralish,Death,1,1,23,14,0,,164.29,LSG
JP Inglis,pace,Death,2,1,23,11,0,,209.09,GT
AB de Villiers,pace,Death,2,2,23,13,1,23.0,176.92,
WG Jacks,pace,PP,1,1,23,20,0,,115.0,RR
WG Jacks,spin,PP,2,2,23,19,0,,121.05,RR
WG Jacks,pace,Death,2,2,23,12,1,23.0,191.67,RR
D Wiese,spin,Death,1,2,23,12,2,11.5,191.67,KKR
BA Stokes,neutralish,PP,1,1,23,14,1,23.0,164.29,
S Arora,spin,Middle,2,2,23,13,1,23.0,176.92,KKR
RD Gaikwad,spin,Middle,2,2,23,15,2,11.5,153.33,CSK
SV Samson,spin,Middle,1,2,23,21,2,11.5,109.52,GT
MR Marsh,neutralish,Middle,2,1,23,17,1,23.0,135.29,KKR
AM Rahane,pace,PP,1,1,22,17,1,22.0,129.41,
MS Pepper,pace,PP,2,1,22,15,0,,146.67,
SU Parakh,pace,Middle,1,1,22,13,1,22.0,169.23,SRH
Aniket Verma,neutralish,PP,2,2,22,18,1,22.0,122.22,RR
N Sindhu,pace,PP,2,5,22,16,2,11.0,137.5,DC
JC Buttler,spin,Death,1,1,22,9,0,,244.44,DC
Mohammad Ghazanfar,spin,Death,1,2,22,18,1,22.0,122.22,RR
KK Nair,spin,Death,2,3,22,13,2,11.0,169.23,CSK
D Brevis,spin,Death,2,4,22,16,3,7.33,137.5,GT
SE Rutherford,pace,Middle,2,2,22,16,1,22.0,137.5,
Akash Pawar,pace,Death,2,1,22,11,1,22.0,200.0,
LS Livingstone,spin,Middle,1,1,22,18,1,22.0,122.22,PBKS
P Simran Singh,spin,Death,2,2,22,15,2,11.0,146.67,SRH
Shahbaz Ahmed,pace,Middle,1,2,22,16,2,11.0,137.5,KKR
Sameer Rizvi,neutralish,Death,1,2,22,11,1,22.0,200.0,LSG
B Sai Sudharsan,pace,PP,1,1,22,16,0,,137.5,MI
TH David,pace,PP,1,1,22,5,1,22.0,440.0,
Atharva Taide,pace,PP,1,1,22,12,0,,183.33,RCB
Aniket Verma,pace,Death,1,1,21,11,0,,190.91,RR
Parth Chandan,spin,PP,1,1,21,14,0,,150.0,DC
Vishnu Vinod,spin,Middle,1,1,21,23,0,,91.3,GT
SS Iyer,pace,PP,2,1,21,10,0,,210.0,KKR
GJ Maxwell,neutralish,PP,2,3,21,13,3,7.0,161.54,DC
Ramandeep Singh,pace,Middle,2,1,21,15,1,21.0,140.0,RCB
V Kohli,pace,Death,1,2,21,13,2,10.5,161.54,LSG
Virat Singh,pace,PP,2,1,21,10,1,21.0,210.0,
Aniket Verma,spin,Death,2,2,21,10,2,10.5,210.0,RR
A Manohar,spin,Middle,1,1,21,14,0,,150.0,RCB
Akshat Raghuwanshi,spin,PP,1,1,21,17,0,,123.53,MI
Shubman Gill,neutralish,Death,2,1,21,10,1,21.0,210.0,LSG
Sachin Baby,spin,Middle,2,1,21,18,1,21.0,116.67,CSK
J Suresh Kumar,spin,PP,2,2,21,17,1,21.0,123.53,PBKS
Yashvardhan Dalal,spin,Middle,1,1,21,17,1,21.0,123.53,
R Smaran,pace,Death,2,3,21,13,3,7.0,161.54,RR
V Kohli,spin,Death,1,2,21,14,1,21.0,150.0,LSG
BM Duckett,pace,PP,2,1,21,18,0,,116.67,SRH
WL Madsen,neutralish,Middle,2,2,21,12,0,,175.0,MI
N Rana,pace,Death,2,2,21,14,1,21.0,150.0,GT
Akshat Raghuwanshi,pace,Death,1,1,21,11,1,21.0,190.91,MI
Karan Shinde,pace,Middle,2,1,21,17,0,,123.53,SRH
Tanush Kotian,pace,Middle,2,1,21,11,0,,190.91,CSK
Saim Ayub,neutralish,Middle,2,1,20,17,0,,117.65,
Akshat Raghuwanshi,neutralish,PP,2,1,20,11,1,20.0,181.82,MI
PWH de Silva,spin,PP,2,1,20,13,0,,153.85,RCB
Parth Chandan,spin,Middle,2,1,20,7,0,,285.71,DC
RA Jadeja,neutralish,Death,2,2,20,12,1,20.0,166.67,CSK
PWH de Silva,neutralish,PP,2,1,20,8,1,20.0,250.0,RCB
R Parag,spin,PP,2,1,20,14,0,,142.86,GT
R Smaran,spin,PP,1,3,20,17,1,20.0,117.65,RR
PHKD Mendis,pace,Death,1,3,20,13,3,6.67,153.85,PBKS
HH Pandya,pace,Middle,1,2,20,19,0,,105.26,LSG
Shahbaz Ahmed,neutralish,Death,1,2,20,11,1,20.0,181.82,KKR
V Suryavanshi,neutralish,PP,1,1,20,16,0,,125.0,PBKS
R Powell,pace,PP,2,1,20,19,0,,105.26,
Vansh Bedi,pace,Death,1,1,20,12,0,,166.67,PBKS
Vansh Bedi,neutralish,Death,1,1,20,10,0,,200.0,PBKS
Chirag Jani,pace,Middle,2,3,20,14,1,20.0,142.86,RCB
S Arora,spin,Death,1,2,20,11,2,10.0,181.82,KKR
MJ Owen,neutralish,PP,2,1,20,13,0,,153.85,MI
Utkarsh Singh,spin,Death,2,2,20,11,2,10.0,181.82,RR
TP Ura,spin,Middle,1,1,20,15,1,20.0,133.33,PBKS
BA Stokes,pace,Death,1,2,20,16,0,,125.0,
MS Dhoni,spin,Death,2,2,20,16,2,10.0,125.0,
Ashutosh Sharma,pace,PP,1,1,20,15,1,20.0,133.33,GT
MP Stoinis,pace,PP,2,1,20,19,0,,105.26,
