player,innings,runs,balls_played,strike_rate,bat_avg,bpb,dot_%,50s,100s,highest_score,teams_played_for
Shubman Gill,131,5283,3101,170.36,45.15,4.32,24.57,39,7,130* (69),['LSG']
GJ Maxwell,133,5191,2918,177.9,43.26,3.96,25.81,39,4,143* (64),['RR' 'DC']
Abhishek Sharma,125,4831,2731,176.89,43.13,4.05,24.9,38,3,108 (64),['MI']
KL Rahul,125,4689,2943,159.33,47.85,5.01,26.16,33,5,114* (63),['SRH']
Tilak Varma,127,4576,2847,160.73,40.14,4.6,30.52,34,3,113 (57),['CSK']
Naman Dhir,125,4499,2603,172.84,44.54,4.58,19.48,38,0,97* (43),['GT']
SV Samson,126,4430,2813,157.48,36.92,4.48,32.31,34,1,107 (59),['GT']
SA Yadav,125,4350,2527,172.14,40.65,4.25,26.32,32,4,119* (46),['DC']
P Simran Singh,126,4323,2656,162.76,35.73,4.6,27.75,35,2,123* (66),['SRH']
S Dube,118,4107,2545,161.38,41.91,4.84,28.92,30,0,96 (49),['RR']
PD Salt,118,3944,2429,162.37,34.9,4.48,31.91,33,1,118 (59),['RCB' 'RR' 'PBKS']
N Sindhu,113,3864,2115,182.7,42.46,4.15,24.54,26,2,109* (45),['DC']
JP Inglis,106,3787,2189,173.0,40.29,4.33,23.34,27,3,130* (66),['CSK' 'GT']
RD Gaikwad,118,3691,2277,162.1,34.82,4.43,28.55,23,2,106* (53),['RCB' 'GT' 'CSK']
YBK Jaiswal,127,3526,1885,187.06,38.75,3.77,24.35,25,1,100* (43),['RR']
V Kohli,115,3512,2228,157.63,33.45,4.54,32.23,21,3,114* (65),['DC' 'RR' 'CSK' 'LSG']
Urvil Patel,93,3385,2082,162.58,45.74,4.75,28.43,25,1,105* (63),['DC' 'MI']
N Pooran,109,3320,2047,162.19,39.06,4.99,28.19,24,0,92* (60),['MI']
V Suryavanshi,95,3286,2023,162.43,35.72,4.43,29.71,24,1,109* (55),['PBKS']
CH Gayle,81,3128,1833,170.65,42.27,4.07,30.88,20,6,122 (65),['CSK' 'RCB']
Priyansh Arya,87,3064,1779,172.23,35.63,4.05,29.51,21,2,121 (61),['SRH' 'RCB']
Ishan Kishan,96,3040,1976,153.85,33.78,4.74,33.65,18,3,116 (61),['KKR' 'MI']
Aniket Verma,91,3004,1635,183.73,39.53,3.82,26.06,17,3,110 (49),['RR']
VR Iyer,114,2951,1722,171.37,45.4,4.67,22.24,18,1,107* (51),['SRH']
C Green,113,2928,1804,162.31,32.53,4.85,26.77,16,1,114* (57),['RCB' 'KKR']
B Sai Sudharsan,96,2925,2030,144.09,31.79,5.65,31.72,21,2,131 (66),['MI' 'RCB' 'CSK' 'PBKS']
Abishek Porel,98,2886,1733,166.53,39.0,4.72,26.43,19,0,85 (46),['DC' 'RR' 'LSG']
SS Iyer,110,2875,1875,153.33,30.26,5.19,29.44,17,0,95 (55),['LSG' 'MI' 'KKR']
WG Jacks,107,2827,1871,151.1,29.14,5.33,32.39,18,1,103 (55),['LSG' 'SRH' 'RR']
JM Sharma,119,2797,1597,175.14,34.53,4.34,26.61,15,0,80 (51),['RR' 'RCB']
JC Buttler,110,2754,1715,160.58,30.94,4.9,29.27,14,2,107* (39),['KKR' 'LSG' 'SRH' 'DC']
RM Patidar,113,2702,1831,147.57,28.74,5.55,30.2,12,1,104* (39),['CSK' 'RR' 'KKR' 'RCB']
FH Allen,90,2681,1659,161.6,31.17,4.5,33.69,17,3,120* (52),['MI' 'LSG' 'PBKS' 'SRH']
Shashank Singh,118,2560,1553,164.84,37.65,5.03,24.73,13,0,72* (40),['PBKS']
R Parag,109,2552,1520,167.89,31.9,4.69,28.03,11,0,86 (48),['MI' 'GT']
TM Head,76,2492,1656,150.48,35.1,4.86,31.76,20,0,98* (66),['CSK' 'MI' 'GT' 'RR' 'KKR']
RG Sharma,101,2459,1504,163.5,29.63,4.54,29.72,12,1,103* (47),['PBKS' 'KKR' 'RCB']
RD Rickelton,88,2417,1562,154.74,28.1,4.79,33.48,19,0,92 (64),['KKR' 'RR' 'LSG']
AM Rahane,83,2342,1607,145.74,31.23,5.52,32.55,14,1,102* (67),['KKR' 'MI' 'CSK']
Sameer Rizvi,94,2325,1218,190.89,42.27,3.85,20.94,12,0,94* (39),['SRH' 'LSG']
SP Narine,87,2296,1516,151.45,28.35,4.83,37.66,12,0,91 (41),['RR' 'LSG' 'KKR' 'PBKS' 'SRH']
Tarang Gohel,70,2262,1260,179.52,35.34,3.65,26.83,13,3,117 (52),['DC']
R Smaran,82,2252,1470,153.2,30.03,6.07,27.01,14,0,87* (59),['PBKS' 'MI' 'RR']
H Klaasen,78,2138,1467,145.74,33.41,5.84,29.79,13,1,100 (62),['PBKS' 'CSK']
T Stubbs,89,2071,1385,149.53,36.33,5.63,30.4,12,0,83* (44),['CSK' 'SRH' 'PBKS']
N Rana,80,2026,1267,159.91,29.36,4.56,31.73,9,1,114 (51),['KKR' 'PBKS']
KA Pollard,74,1977,1174,168.4,42.98,4.7,26.83,13,0,77* (38),['CSK' 'RR']
BJ McMullen,66,1862,1193,156.08,30.52,4.7,33.7,11,0,96* (53),['DC' 'RR' 'RCB']
BM Duckett,55,1855,1155,160.61,35.0,4.87,27.53,15,1,110 (55),['SRH' 'CSK' 'PBKS' 'RCB' 'KKR']
PWH de Silva,65,1820,952,191.18,38.72,3.45,26.37,12,0,95 (39),['DC' 'PBKS' 'RCB']
Kartik Sharma,55,1718,917,187.35,38.18,4.21,23.77,11,1,128* (50),['LSG' 'SRH']
HH Pandya,98,1595,922,172.99,26.58,4.37,29.39,3,0,62* (32),['MI' 'SRH' 'LSG']
Atharva Taide,39,1531,978,156.54,42.53,4.91,30.98,12,0,91 (45),['RR' 'MI' 'RCB']
WL Madsen,50,1525,984,154.98,44.85,5.59,23.27,11,0,72* (37),['MI' 'KKR']
MP Stoinis,56,1504,1010,148.91,30.08,4.98,34.85,7,2,103* (55),['PBKS' 'GT' 'KKR' 'DC' 'SRH']
RK Singh,70,1473,943,156.2,33.48,5.27,26.3,5,0,75* (39),['MI' 'RCB' 'GT' 'PBKS']
LS Livingstone,66,1469,1084,135.52,27.2,5.99,36.9,8,0,97* (58),['SRH' 'RCB' 'KKR' 'PBKS']
DP Conway,49,1445,983,147.0,31.41,5.43,31.33,10,1,117 (62),['GT' 'PBKS' 'LSG']
Nithish Kumar Reddy,74,1385,909,152.37,27.16,5.65,29.92,3,0,64* (33),['GT' 'SRH']
Q de Kock,49,1380,943,146.34,29.36,5.24,34.04,12,0,78* (45),['PBKS' 'KKR']
PP Shaw,45,1289,888,145.16,29.3,5.16,35.25,9,0,93* (59),['MI' 'RCB']
MJ Owen,56,1270,785,161.78,26.46,4.73,29.68,7,1,105* (65),['DC' 'MI']
GD Phillips,61,1239,665,186.32,30.22,4.05,27.07,3,0,59* (29),['GT' 'RR']
Dhruv Jurel,61,1225,836,146.53,27.84,5.65,32.89,5,0,77 (46),['LSG' 'RCB' 'KKR' 'CSK']
PHKD Mendis,56,1196,736,162.5,30.67,4.78,31.25,5,0,88* (46),['KKR' 'SRH' 'DC' 'PBKS']
MR Marsh,42,1169,741,157.76,36.53,5.08,28.74,6,0,98* (51),['DC' 'SRH' 'MI' 'KKR']
J Fraser-McGurk,45,1165,672,173.36,26.48,3.71,33.48,7,0,91 (45),['PBKS' 'RCB' 'KKR' 'DC']
AD Russell,64,1145,671,170.64,31.81,4.47,31.89,0,0,49* (19),['DC']
F du Plessis,41,1079,863,125.03,27.67,7.38,36.15,7,1,107 (66),['CSK' 'GT']
S Arora,33,1040,555,187.39,40.0,4.11,21.44,4,1,110* (56),['RCB' 'KKR']
RR Rossouw,45,1033,680,151.91,27.18,5.44,30.44,9,0,86* (50),['MI' 'SRH' 'PBKS']
D Brevis,41,1018,683,149.05,37.7,5.38,31.77,5,0,84* (38),['PBKS' 'RR' 'LSG' 'GT']
Jay Gohil,51,1009,521,193.67,36.04,3.64,24.57,4,0,75* (36),['MI' 'LSG' 'KKR']
AK Markram,55,998,688,145.06,24.95,5.38,37.5,1,0,50 (32),['SRH' 'DC']
Tanush Kotian,63,967,488,198.16,24.18,3.13,27.46,2,0,82 (35),['SRH' 'CSK']
Abdul Samad,56,957,652,146.78,28.15,5.34,33.59,2,0,87 (53),['LSG' 'SRH']
KK Nair,32,937,557,168.22,37.48,5.06,24.42,5,0,89* (44),['RR' 'CSK']
V Nigam,43,924,496,186.29,44.0,3.76,28.63,1,0,62* (30),['GT' 'MI']
AB de Villiers,37,839,519,161.66,28.93,5.04,31.98,7,1,107* (61),['RR' 'CSK']
AR Patel,57,818,592,138.18,20.97,5.53,40.54,0,0,43* (23),['CSK' 'GT' 'PBKS']
Tushar Raheja,27,817,446,183.18,30.26,3.21,36.77,4,0,72 (32),['SRH' 'MI']
Abhishek Pathak,22,796,428,185.98,49.75,3.89,21.26,6,1,112* (53),['RCB']
Chirag Jani,44,794,468,169.66,23.35,4.46,29.49,4,0,75 (41),['PBKS' 'CSK' 'RCB']
Anmolpreet Singh,43,776,497,156.14,25.03,4.92,30.38,2,0,68 (50),['CSK' 'RR' 'KKR']
Ashutosh Sharma,50,766,522,146.74,18.68,5.87,34.1,3,0,80 (39),['SRH' 'RCB' 'GT']
TH David,42,764,487,156.88,22.47,5.29,31.01,1,0,77* (39),['LSG' 'RR' 'PBKS' 'GT']
RA Jadeja,54,734,460,159.57,22.94,4.84,36.09,0,0,43 (18),['DC' 'RCB' 'SRH' 'LSG' 'CSK']
TL Seifert,21,725,450,161.11,34.52,4.29,31.33,7,0,89 (45),['PBKS']
BA Stokes,42,714,487,146.61,21.0,5.02,41.27,4,0,90 (49),['LSG' 'SRH' 'RR']
N Wadhera,47,713,521,136.85,20.97,5.92,39.54,1,0,61 (39),['LSG' 'RR' 'KKR']
R Powell,33,680,454,149.78,24.29,5.16,37.22,1,0,60* (30),['RR' 'KKR' 'LSG' 'CSK']
Rahul Singh,29,677,435,155.63,26.04,4.58,33.1,3,0,68 (31),['MI' 'RCB']
TP Ura,29,661,388,170.36,24.48,4.85,24.23,4,0,67 (32),['PBKS']
Vansh Bedi,28,659,352,187.22,29.95,3.83,21.02,4,0,80 (34),['PBKS']
Washington Sundar,48,646,506,127.67,20.19,6.66,41.9,2,0,57* (31),['PBKS' 'RCB']
SU Parakh,21,635,416,152.64,30.24,4.2,41.83,5,0,67 (39),['SRH']
RR Pant,35,610,434,140.55,21.79,5.95,35.02,4,0,67 (34),['PBKS' 'RR' 'KKR' 'GT']
Arshad Khan,48,609,359,169.64,24.36,4.27,32.31,1,0,53 (28),['KKR' 'RR' 'DC' 'MI']
MW Short,23,555,362,153.31,24.13,4.76,31.49,2,0,63 (34),['DC' 'MI' 'SRH']
Ramandeep Singh,42,550,362,151.93,18.97,6.14,33.43,0,0,44 (28),['RCB' 'LSG' 'KKR']
Karan Shinde,32,537,315,170.48,25.57,4.44,33.65,0,0,37* (12),['RCB' 'DC' 'SRH']
DJ Hooda,26,522,369,141.46,23.73,5.59,36.31,2,0,63 (39),['GT' 'DC']
Sikandar Raza,29,498,346,143.93,27.67,5.49,34.68,2,0,56* (40),['DC' 'MI']
DR Mousley,18,494,322,153.42,32.93,4.95,33.54,2,0,98* (60),['LSG']
Hassan Nawaz,21,486,323,150.46,27.0,5.38,32.82,3,0,79* (49),['RCB']
Suryansh Shedge,47,480,321,149.53,13.71,4.94,43.93,0,0,45* (16),['CSK' 'KKR']
Ajay Rohera,15,468,272,172.06,33.43,3.89,25.74,4,0,72 (39),['LSG']
JM Bairstow,16,440,312,141.03,29.33,4.95,33.97,4,0,91 (58),['DC' 'KKR']
JG Bethell,25,426,329,129.48,20.29,7.0,37.99,1,0,53 (35),['SRH' 'RR' 'GT']
D Wiese,33,425,228,186.4,18.48,3.56,31.58,1,0,51 (22),['GT' 'KKR']
KD Karthik,25,408,269,151.67,20.4,5.08,37.17,0,0,42 (18),['CSK' 'MI' 'RCB' 'RR']
MS Dhoni,29,400,285,140.35,23.53,6.33,35.09,0,0,41* (21),['CSK' 'KKR' 'RCB']
Rohan Kunnummal,14,394,238,165.55,30.31,4.25,32.35,3,0,85* (52),['KKR' 'MI']
RA Tripathi,21,365,283,128.98,20.28,5.78,41.7,1,0,56* (33),['RR' 'PBKS' 'KKR']
YK Pathan,32,359,300,119.67,17.1,7.14,44.33,0,0,42 (38),['KKR']
Sakibul Gani,22,353,199,177.39,20.76,4.52,33.67,0,0,39 (14),['RCB' 'MI' 'RR']
DA Miller,19,349,242,144.21,26.85,6.21,30.99,1,0,56* (32),['RR' 'PBKS']
HC Brook,16,343,239,143.51,24.5,5.83,36.82,2,0,80* (49),['PBKS' 'MI' 'GT']
MK Pandey,17,343,271,126.57,24.5,6.45,44.28,1,0,54 (38),['KKR']
HS Desai,15,313,224,139.73,20.87,6.79,34.82,2,0,68 (49),['DC' 'PBKS' 'CSK' 'SRH']
MK Lomror,17,310,210,147.62,25.83,5.25,32.38,1,0,55* (32),['SRH']
MS Pepper,13,305,216,141.2,27.73,5.68,37.04,2,0,64 (40),['GT' 'RR' 'KKR' 'PBKS']
GF Linde,31,303,212,142.92,16.83,4.82,42.92,1,0,51* (26),['RR' 'GT']
D Padikkal,17,301,211,142.65,25.08,5.15,37.44,2,0,64 (40),['KKR' 'GT' 'RR']
Utkarsh Singh,25,292,210,139.05,14.6,5.25,46.19,0,0,39* (17),['PBKS' 'RR']
Ishaan Gadekar,14,284,204,139.22,20.29,6.0,44.12,3,0,69 (50),['RCB' 'SRH']
JJ Smit,27,277,192,144.27,12.04,5.19,38.02,0,0,44 (23),['PBKS']
Harpreet Brar,23,277,215,128.84,19.79,5.51,47.91,0,0,47* (28),['RCB' 'PBKS' 'GT']
Azmatullah Omarzai,15,271,176,153.98,24.64,5.68,32.39,0,0,43* (23),['RR' 'SRH' 'LSG']
Akash Vasisht,27,268,193,138.86,14.89,4.95,50.78,0,0,40 (29),['MI' 'DC' 'SRH']
JM Vince,9,267,192,139.06,29.67,5.82,34.9,3,0,74 (41),['RCB' 'CSK']
Shahbaz Ahmed,30,265,211,125.59,11.52,5.7,51.18,0,0,43 (24),['LSG' 'GT' 'KKR']
Rashid Khan,25,258,212,121.7,16.12,7.57,43.4,0,0,38* (20),['GT' 'RR' 'MI']
Kumar Kushagra,15,250,185,135.14,17.86,6.85,35.14,1,0,72 (44),['GT' 'RR']
KH Pandya,24,249,190,131.05,14.65,5.43,46.32,0,0,42 (19),['SRH' 'RR']
R Ashwin,24,240,192,125.0,15.0,8.0,41.15,0,0,32* (19),['KKR']
Ritik Vats,11,233,136,171.32,25.89,4.39,34.56,1,0,71* (39),['DC']
Ravi Singh,14,223,148,150.68,15.93,4.77,42.57,0,0,40 (22),['KKR']
MA Agarwal,16,221,133,166.17,17.0,4.29,38.35,1,0,50 (31),['PBKS' 'KKR' 'CSK' 'RR']
LG Pretorius,10,218,161,135.4,21.8,5.55,36.02,2,0,50 (33),['GT' 'RR']
DS Airee,17,216,147,146.94,14.4,4.74,40.82,0,0,44 (26),['RCB' 'CSK' 'DC']
A Badoni,18,206,180,114.44,12.88,6.92,52.22,0,0,49 (39),['RCB' 'SRH' 'RR']
SO Hetmyer,13,205,172,119.19,17.08,8.19,36.05,0,0,44 (24),['RCB']
T Banton,12,201,126,159.52,20.1,4.34,37.3,1,0,67* (40),['MI' 'SRH']
Mohammad Nabi,25,201,160,125.62,11.17,6.4,41.88,0,0,31 (19),['GT' 'LSG' 'RR']
TA Boult,28,199,149,133.56,13.27,5.96,44.3,0,0,21* (19),['PBKS' 'MI' 'SRH']
SM Curran,21,198,164,120.73,16.5,6.56,45.12,0,0,39 (36),['KKR' 'RR']
RK Bhui,17,198,169,117.16,14.14,8.89,36.09,0,0,46* (25),['RCB' 'CSK' 'KKR']
DAJ Bracewell,14,186,102,182.35,15.5,3.64,36.27,0,0,46 (22),['MI' 'RCB']
RA Bawa,17,183,112,163.39,14.08,4.48,41.07,0,0,39 (16),['KKR' 'SRH']
Babar Azam,11,177,160,110.62,16.09,7.27,45.62,0,0,46 (42),['KKR']
Parth Chandan,6,175,108,162.04,58.33,4.91,34.26,1,0,56 (45),['DC']
Shadab Khan,18,173,113,153.1,14.42,4.52,38.94,0,0,49* (25),['SRH']
Bilal Zalmai,7,172,97,177.32,43.0,4.41,21.65,1,0,53 (36),['MI']
Sonu Yadav,13,169,120,140.83,15.36,5.45,45.83,0,0,45 (24),['PBKS' 'CSK']
Salman Nizar,11,167,136,122.79,20.88,7.56,33.09,0,0,41 (28),['MI' 'PBKS' 'RR' 'KKR']
Akhil Singh Rawat,9,164,87,188.51,32.8,3.48,35.63,0,0,38 (24),['KKR']
PJ Cummins,17,162,131,123.66,14.73,7.28,37.4,0,0,37* (21),['MI' 'PBKS' 'RR']
Shakib Al Hasan,19,161,150,107.33,16.1,8.82,50.0,0,0,21* (10),['PBKS']
JDS Neesham,8,158,118,133.9,19.75,5.9,36.44,0,0,42 (34),['DC']
HV Patel,22,154,141,109.22,9.06,8.29,46.81,0,0,33 (29),['PBKS' 'RR' 'GT']
AHT Donald,10,151,93,162.37,15.1,4.43,37.63,1,0,65 (31),['RCB' 'PBKS']
Akshat Raghuwanshi,7,150,96,156.25,25.0,4.17,37.5,1,0,63 (34),['RCB' 'MI']
AA Kulkarni,9,150,98,153.06,16.67,4.9,36.73,1,0,69 (37),['GT']
R Shepherd,24,150,107,140.19,7.14,4.65,47.66,0,0,20 (9),['GT' 'MI' 'SRH']
R Sai Kishore,20,149,103,144.66,13.55,4.48,48.54,0,0,26 (17),['RR' 'GT' 'MI' 'SRH']
Karan Lal,27,149,147,101.36,10.64,12.25,47.62,0,0,17 (12),['RR']
Yuvraj Chaudhary,8,147,98,150.0,18.38,5.16,36.73,0,0,38 (19),['RCB' 'GT']
Sanvir Singh,16,143,98,145.92,13.0,5.16,36.73,0,0,33* (15),['SRH' 'PBKS' 'GT']
DA Warner,8,142,111,127.93,20.29,6.53,37.84,1,0,55 (40),['DC']
C Connolly,6,141,103,136.89,23.5,5.15,34.95,0,0,47 (39),['PBKS' 'GT']
Bhanu Pania,7,139,116,119.83,34.75,8.29,44.83,0,0,49 (36),['MI' 'KKR']
CH Morris,9,137,87,157.47,19.57,4.58,33.33,0,0,25 (10),['DC']
JN Loftie-Eaton,11,137,106,129.25,22.83,6.24,51.89,0,0,37* (25),['RR']
JR Hazlewood,27,136,145,93.79,8.0,10.36,59.31,0,0,29 (21),['RR' 'MI']
MA Starc,29,135,144,93.75,6.14,7.58,62.5,0,0,32 (13),['KKR']
A Mhatre,12,133,111,119.82,11.08,5.84,47.75,0,0,45 (36),['KKR' 'RR' 'RCB']
Shashwat Rawat,5,132,89,148.31,26.4,4.45,42.7,0,0,38 (26),['PBKS']
Rishabh Chouhan,8,131,71,184.51,43.67,4.18,19.72,0,0,44* (23),['GT']
Abhishek Tanwar,10,131,73,179.45,18.71,3.65,34.25,1,0,52 (28),['MI' 'RCB']
Gaurav Puri,9,130,84,154.76,14.44,6.0,34.52,0,0,48 (22),['CSK']
Siddhesh Veer,8,129,75,172.0,32.25,5.36,29.33,0,0,36* (24),['MI']
M Jansen,11,125,95,131.58,15.62,6.79,41.05,0,0,36 (20),['GT' 'RR' 'SRH']
Ankit Kumar,9,124,88,140.91,13.78,6.29,37.5,0,0,31 (20),['RR' 'SRH']
AR Ramjani,26,124,141,87.94,8.86,12.82,53.9,0,0,13 (14),['PBKS']
SR Dickson,5,112,80,140.0,22.4,6.15,37.5,0,0,36 (32),['RCB' 'PBKS']
R Tewatia,18,111,88,126.14,7.93,5.5,37.5,0,0,23 (10),['GT' 'SRH' 'RR' 'KKR']
J Overton,12,110,78,141.03,18.33,5.2,48.72,0,0,19* (16),['KKR' 'GT']
Jagjit Singh,12,110,88,125.0,27.5,6.77,46.59,0,0,21 (13),['CSK' 'SRH' 'MI']
Shaheen Shah Afridi,16,110,120,91.67,9.17,9.23,63.33,0,0,18 (13),['MI' 'DC']
MG Bracewell,11,109,74,147.3,13.62,5.69,35.14,0,0,22* (5),['DC']
Shubhang Hegde,7,104,47,221.28,26.0,2.61,40.43,0,0,31 (9),['LSG']
T Dahiya,5,104,67,155.22,26.0,5.15,38.81,0,0,34 (14),['LSG']
M Shahrukh Khan,12,103,94,109.57,9.36,8.55,45.74,0,0,24 (22),['MI' 'KKR' 'RCB' 'GT']
JC Archer,26,103,137,75.18,5.15,13.7,67.88,0,0,17 (9),['GT' 'LSG' 'PBKS' 'DC']
MG Erasmus,9,101,87,116.09,12.62,6.21,51.72,0,0,39 (32),['RCB']
Adarsh Singh,4,99,60,165.0,24.75,5.45,28.33,0,0,38 (24),['DC']
AM Hardie,6,99,90,110.0,24.75,9.0,55.56,0,0,24 (31),['CSK']
SPD Smith,7,99,95,104.21,14.14,8.64,48.42,0,0,46 (40),['CSK']
Vishnu Vinod,11,95,86,110.47,10.56,8.6,40.7,0,0,35 (28),['PBKS' 'RR']
JM Coles,14,95,98,96.94,7.92,14.0,45.92,0,0,21* (12),['MI']
Sunny Sandhu,6,94,76,123.68,23.5,6.91,51.32,0,0,42 (35),['DC']
YS Chahal,22,94,91,103.3,6.71,8.27,58.24,0,0,12 (9),['CSK' 'RCB' 'KKR']
Waseem Muhammad,5,92,63,146.03,18.4,6.3,33.33,0,0,42 (27),['DC']
DW Lawrence,7,92,75,122.67,18.4,7.5,36.0,0,0,42* (34),['DC']
A Raghuvanshi,11,91,76,119.74,8.27,6.91,52.63,0,0,31 (19),['MI' 'KKR']
SB Dubey,8,90,69,130.43,15.0,6.27,33.33,0,0,28 (18),['KKR' 'GT' 'PBKS']
JL Smith,4,89,63,141.27,22.25,6.3,31.75,0,0,45 (28),['KKR']
AGS Gous,4,88,64,137.5,22.0,4.92,40.62,0,0,42 (34),['KKR' 'DC']
JJ Bumrah,28,88,70,125.71,4.63,5.38,54.29,0,0,15 (8),['RCB' 'MI' 'DC']
Rituraj Sharma,5,87,54,161.11,17.4,4.91,40.74,0,0,49 (22),['DC']
D Forrester,6,86,37,232.43,17.2,2.85,29.73,0,0,27 (10),['LSG' 'MI']
Hemang Patel,9,86,74,116.22,12.29,7.4,54.05,0,0,35 (26),['GT']
B Kumar,38,86,164,52.44,4.53,16.4,75.0,0,0,22 (13),['KKR']
T Natarajan,18,82,54,151.85,8.2,4.91,53.7,0,0,16 (7),['CSK' 'RR']
TB Robinson,3,82,55,149.09,27.33,6.11,38.18,0,0,34 (27),['RR']
RE van der Merwe,12,82,57,143.86,10.25,4.75,47.37,0,0,28 (16),['GT' 'CSK']
A Manohar,8,82,63,130.16,13.67,9.0,33.33,0,0,27 (20),['LSG' 'GT' 'MI']
Usman Khan (2),2,81,51,158.82,40.5,5.1,31.37,1,0,72 (45),['CSK']
D Ferreira,13,79,71,111.27,7.9,7.89,50.7,0,0,18 (15),['RCB' 'SRH' 'DC' 'GT']
Arshdeep Singh,23,78,102,76.47,9.75,14.57,62.75,0,0,12* (6),['LSG']
KA Maharaj,15,77,106,72.64,8.56,9.64,70.75,0,0,25* (32),['SRH' 'RCB']
Virat Singh,5,76,54,140.74,15.2,4.5,57.41,0,0,40 (25),['KKR']
AJ Turner,5,75,67,111.94,25.0,13.4,37.31,0,0,34* (23),['MI']
Yudhvir Singh,12,74,49,151.02,18.5,5.44,36.73,0,0,15* (4),['GT' 'RCB' 'RR']
JE Root,3,74,53,139.62,24.67,6.62,41.51,0,0,47 (31),['GT' 'SRH']
M Prasidh Krishna,15,73,68,107.35,9.12,11.33,41.18,0,0,19 (15),['DC' 'MI' 'KKR']
Avesh Khan,18,72,86,83.72,5.54,17.2,59.3,0,0,12 (7),['RCB' 'PBKS' 'DC' 'GT']
Kuldeep Yadav,24,72,126,57.14,4.0,18.0,69.05,0,0,13* (14),['SRH' 'LSG']
SH Johnson,10,70,51,137.25,11.67,7.29,49.02,0,0,19 (11),['SRH' 'GT' 'RCB']
Rasikh Salam,16,70,60,116.67,8.75,5.45,63.33,0,0,13 (13),['LSG' 'GT' 'MI' 'SRH']
DJ Bravo,8,69,48,143.75,13.8,5.33,50.0,0,0,21* (13),['RCB']
Mohammad Ghazanfar,20,69,85,81.18,4.93,14.17,65.88,0,0,16* (12),['GT' 'CSK' 'SRH' 'RR']
AJ Hosein,8,68,56,121.43,13.6,6.22,51.79,0,0,30* (20),['SRH' 'MI']
Rajvardhan S Hangargekar,8,67,32,209.38,16.75,3.2,28.12,0,0,15* (4),['RCB' 'MI']
SR Watson,5,67,47,142.55,16.75,6.71,27.66,0,0,36 (26),['LSG']
Naveen-ul-Haq,9,66,51,129.41,16.5,4.64,56.86,0,0,21 (16),['SRH' 'CSK']
RD Chahar,9,65,56,116.07,13.0,8.0,39.29,0,0,24* (13),['RCB' 'CSK']
Swapnil Singh,13,64,50,128.0,7.11,5.56,46.0,0,0,21 (12),['RR' 'GT' 'CSK']
G Coetzee,5,64,52,123.08,64.0,10.4,28.85,0,0,21 (16),['KKR']
SR Hain,4,63,49,128.57,15.75,7.0,34.69,0,0,49 (34),['MI' 'RCB']
LR Chethan,5,62,48,129.17,15.5,8.0,39.58,0,0,23* (14),['LSG']
MM Ali,9,62,64,96.88,7.75,9.14,53.12,0,0,28 (11),['RR' 'RCB' 'KKR']
Ravi Bishnoi,22,62,85,72.94,5.64,10.62,70.59,0,0,18* (15),['PBKS' 'LSG' 'GT' 'SRH']
M Theekshana,9,61,63,96.83,12.2,7.0,61.9,0,0,24* (11),['MI']
M Siddharth,16,59,42,140.48,7.38,5.25,50.0,0,0,13* (5),['CSK']
AS Roy,11,59,47,125.53,9.83,7.83,46.81,0,0,18* (8),['GT' 'LSG' 'SRH']
Harshit Rana,17,59,82,71.95,5.36,20.5,63.41,0,0,20 (16),['PBKS' 'SRH' 'CSK' 'KKR' 'GT']
LUVNITH SISODIA,4,58,43,134.88,14.5,8.6,37.21,0,0,47 (28),['RR' 'LSG']
DS Rathi,17,58,63,92.06,5.27,7.88,63.49,0,0,11 (6),['KKR' 'LSG']
HJ Manenti,13,57,63,90.48,6.33,7.88,65.08,0,0,14 (12),['PBKS' 'CSK' 'RCB']
CV Varun,24,57,102,55.88,4.07,20.4,70.59,0,0,13 (8),['PBKS']
PN Mankad,5,56,57,98.25,11.2,9.5,49.12,0,0,26 (22),['RCB' 'SRH']
M Markande,11,56,66,84.85,8.0,9.43,63.64,0,0,28* (36),['LSG' 'PBKS' 'SRH']
Mohammed Shami,13,55,63,87.3,6.88,15.75,58.73,0,0,14 (14),['GT' 'PBKS' 'LSG' 'MI']
MP Yadav,20,55,82,67.07,4.58,13.67,64.63,0,0,9* (8),['RR' 'CSK' 'PBKS' 'KKR']
Jaskaran Singh,7,53,47,112.77,17.67,7.83,51.06,0,0,16* (9),['KKR']
VG Arora,11,53,51,103.92,8.83,10.2,56.86,0,0,14* (7),['KKR']
Faisal Khan,3,51,35,145.71,17.0,5.0,37.14,0,0,35 (20),['LSG' 'RCB']
Fazalhaq Farooqi,14,51,70,72.86,5.67,17.5,61.43,0,0,17 (18),['CSK' 'GT']
Samant Jakhar,8,50,44,113.64,12.5,8.8,43.18,0,0,22 (17),['DC']
SE Rutherford,3,47,33,142.42,23.5,8.25,33.33,0,0,24 (16),['LSG' 'DC']
J Suresh Kumar,4,46,34,135.29,11.5,5.67,50.0,0,0,19 (15),['PBKS']
S Lamichhane,10,46,35,131.43,7.67,5.83,54.29,0,0,16 (12),['DC' 'KKR' 'RCB' 'MI']
Khrievitso Kense,12,46,47,97.87,9.2,15.67,48.94,0,0,18* (13),['RCB' 'MI']
K Kartikeya,6,45,26,173.08,11.25,5.2,34.62,0,0,13 (7),['GT' 'LSG' 'MI']
Kunal Chandela,3,44,38,115.79,14.67,7.6,55.26,0,0,41 (26),['MI']
DR Sams,7,44,39,112.82,11.0,9.75,46.15,0,0,17 (15),['GT']
Saim Ayub,3,43,34,126.47,14.33,11.33,26.47,0,0,21 (19),['SRH']
Yashvardhan Dalal,3,43,42,102.38,14.33,7.0,52.38,0,0,21 (17),['DC']
TU Deshpande,6,43,43,100.0,8.6,8.6,62.79,0,0,12* (13),['RR' 'MI']
Mohammed Siraj,6,42,23,182.61,14.0,3.29,39.13,0,0,23 (9),['MI' 'RCB' 'LSG']
SL Malinga,7,42,33,127.27,42.0,5.5,60.61,0,0,26* (11),['PBKS']
J Suchith,3,42,39,107.69,14.0,13.0,35.9,0,0,30 (27),['RCB']
Sumit Kumar,3,42,39,107.69,21.0,7.8,51.28,0,0,20* (15),['DC']
M Pathirana,21,42,70,60.0,3.23,17.5,68.57,0,0,9 (7),['RCB']
MJ Santner,8,41,45,91.11,8.2,22.5,37.78,0,0,20* (24),['KKR' 'PBKS']
A Zampa,18,41,51,80.39,3.73,10.2,70.59,0,0,17* (8),['LSG' 'SRH' 'RR']
Arslan Khan,4,40,28,142.86,10.0,4.67,39.29,0,0,22 (12),['MI']
Sairaj Patil,2,40,28,142.86,20.0,4.67,42.86,0,0,26 (21),['KKR']
Ashwin Das,9,40,38,105.26,10.0,7.6,57.89,0,0,16* (10),['LSG']
D Potgieter,2,39,25,156.0,19.5,8.33,28.0,0,0,33 (20),['DC']
DL Chahar,2,39,29,134.48,39.0,4.14,41.38,0,0,29 (18),['KKR']
Noor Ahmad,18,39,50,78.0,3.9,10.0,74.0,0,0,12 (7),['KKR' 'RCB' 'GT' 'MI']
Naseem Shah,6,38,30,126.67,9.5,7.5,43.33,0,0,21* (10),['LSG' 'MI']
K Gowtham,3,36,28,128.57,18.0,9.33,39.29,0,0,21 (15),['DC']
V Puthur,11,36,37,97.3,6.0,7.4,64.86,0,0,13* (8),['LSG' 'DC' 'SRH' 'KKR' 'RCB']
Sachin Baby,3,35,31,112.9,11.67,10.33,35.48,0,0,21 (18),['RR' 'CSK']
KK Ahmed,10,35,32,109.38,7.0,8.0,53.12,0,0,13* (7),['GT' 'MI' 'RR']
MS Bhandage,2,34,21,161.9,17.0,3.5,38.1,0,0,19 (9),['PBKS']
NT Ellis,18,34,83,40.96,2.62,27.67,78.31,0,0,11 (9),['LSG' 'SRH']
Anmol Malhotra,2,33,28,117.86,16.5,9.33,46.43,0,0,28 (25),['GT']
C Sakariya,12,32,36,88.89,4.57,7.2,63.89,0,0,10 (7),['SRH' 'RR']
SZ Mulani,9,32,44,72.73,5.33,14.67,56.82,0,0,12 (10),['MI' 'LSG']
Yuvraj Singh,3,31,22,140.91,15.5,7.33,40.91,0,0,14* (8),['RCB' 'CSK']
Sandeep Sharma,8,31,29,106.9,15.5,9.67,41.38,0,0,11 (9),['RR']
Parvej Musaraf,5,30,22,136.36,7.5,5.5,45.45,0,0,13 (5),['RCB' 'KKR']
Harnoor Singh,3,30,26,115.38,10.0,4.33,53.85,0,0,17 (18),['RCB']
Pulkit Narang,11,30,47,63.83,5.0,11.75,74.47,0,0,14* (13),['RR' 'KKR']
SS Ghosh,12,30,47,63.83,5.0,11.75,78.72,0,0,10* (4),['MI' 'RCB']
Yash Thakur,8,29,42,69.05,14.5,14.0,57.14,0,0,13* (13),['PBKS' 'CSK']
Harsh Dubey,13,29,56,51.79,3.62,14.0,71.43,0,0,8* (3),['RR' 'RCB' 'DC']
SN Khan,2,28,22,127.27,14.0,4.4,50.0,0,0,14 (7),['RCB']
Ehsan Khan,8,28,50,56.0,5.6,10.0,76.0,0,0,12 (17),['MI']
Atharva Ankolekar,8,28,51,54.9,4.67,25.5,66.67,0,0,7 (4),['MI' 'RR']
JO Holder,4,27,14,192.86,9.0,3.5,28.57,0,0,18* (6),['SRH' 'RCB']
Akshay Karnewar,1,27,21,128.57,inf,10.5,33.33,0,0,27* (21),['PBKS']
AJ Tye,5,27,24,112.5,13.5,8.0,45.83,0,0,10* (8),['DC' 'LSG']
MADI Hemantha,2,26,12,216.67,26.0,4.0,50.0,0,0,20 (11),['CSK']
Tripuresh Singh,6,26,23,113.04,13.0,4.6,69.57,0,0,15* (9),['RCB' 'SRH']
Samarth Vyas,3,25,22,113.64,8.33,5.5,68.18,0,0,21 (16),['MI' 'KKR']
EA Brookes,3,25,26,96.15,8.33,13.0,50.0,0,0,22 (21),['RCB']
AV Wankhade,4,25,27,92.59,8.33,13.5,48.15,0,0,13 (15),['CSK']
RR Patel,5,25,30,83.33,8.33,15.0,53.33,0,0,14 (19),['RCB']
Shivam Shukla,4,24,13,184.62,8.0,2.6,61.54,0,0,16* (6),['MI']
SS Prabhudessai,2,24,20,120.0,12.0,6.67,45.0,0,0,18 (11),['MI']
Sanskar Rawat,3,24,23,104.35,8.0,5.75,69.57,0,0,17 (18),['PBKS']
Mustafizur Rahman,3,24,33,72.73,8.0,inf,48.48,0,0,21 (26),['DC']
Ashutosh Aman,2,23,12,191.67,11.5,4.0,41.67,0,0,13 (7),['RCB']
Prashant Veer,4,23,17,135.29,7.67,5.67,47.06,0,0,10 (5),['DC' 'PBKS']
Gurnoor Brar,6,23,18,127.78,7.67,6.0,61.11,0,0,13* (5),['DC']
Akash Pawar,1,22,12,183.33,22.0,6.0,41.67,0,0,22 (12),['RCB']
Z Khan,3,22,21,104.76,22.0,10.5,52.38,0,0,13 (12),['KKR']
Tanay Thyagarajan,8,22,26,84.62,3.67,13.0,65.38,0,0,6 (1),['RCB' 'CSK']
Jay Bista,2,21,21,100.0,21.0,21.0,42.86,0,0,20* (16),['KKR']
Khushdil Shah,5,21,27,77.78,5.25,13.5,59.26,0,0,11 (15),['DC']
Aryan Juyal,4,21,28,75.0,7.0,28.0,64.29,0,0,10 (10),['LSG']
A Nagwaswalla,9,21,35,60.0,5.25,8.75,80.0,0,0,11* (5),['RR']
H Ssenyondo,8,21,35,60.0,5.25,11.67,77.14,0,0,10* (5),['LSG']
Umran Malik,2,20,9,222.22,20.0,2.25,44.44,0,0,16 (7),['MI']
HR Shokeen,2,20,17,117.65,20.0,8.5,35.29,0,0,16 (10),['RCB']
Suyash Sharma,4,20,18,111.11,inf,18.0,44.44,0,0,12* (5),['MI' 'KKR']
A Sheth,4,19,16,118.75,9.5,8.0,43.75,0,0,7 (5),['DC']
Abid Mushtaq,2,18,15,120.0,inf,15.0,26.67,0,0,14* (11),['DC']
D Visser,4,18,20,90.0,4.5,20.0,60.0,0,0,9 (13),['RCB']
LH Ferguson,4,18,31,58.06,6.0,15.5,80.65,0,0,9 (15),['SRH' 'GT' 'MI']
MA Wood,2,17,11,154.55,8.5,5.5,18.18,0,0,15 (9),['PBKS']
Mukesh Kumar,6,17,12,141.67,4.25,6.0,58.33,0,0,13 (4),['SRH' 'GT' 'MI']
TK Curran,1,16,9,177.78,inf,4.5,22.22,0,0,16* (9),['GT']
Satyajeet Bachhav,3,16,13,123.08,5.33,4.33,53.85,0,0,9 (6),['MI']
Bal Krishna,2,16,14,114.29,16.0,14.0,28.57,0,0,9 (8),['PBKS']
B Indrajith,1,15,9,166.67,15.0,9.0,44.44,0,0,15 (9),['RCB']
Vidyadhar Patil,2,14,7,200.0,7.0,3.5,28.57,0,0,8 (4),['SRH']
Sufiyan Muqeem,2,14,11,127.27,14.0,5.5,54.55,0,0,13 (9),['GT']
S Gopal,5,14,15,93.33,3.5,7.5,80.0,0,0,7 (5),['PBKS']
NA Rathva,3,14,16,87.5,4.67,8.0,68.75,0,0,9 (10),['RCB']
Gurjapneet Singh,1,13,6,216.67,inf,3.0,50.0,0,0,13* (6),['RCB']
Sami Sohail,3,13,10,130.0,6.5,10.0,20.0,0,0,5 (5),['MI']
JD Unadkat,2,13,11,118.18,inf,5.5,36.36,0,0,8* (8),['RR']
Anand Bais,2,13,12,108.33,6.5,12.0,41.67,0,0,13 (11),['DC']
Harsh Tyagi,5,13,23,56.52,3.25,inf,56.52,0,0,5 (4),['SRH']
SK Rasheed,1,12,7,171.43,12.0,3.5,57.14,0,0,12 (7),['PBKS']
Punit Bisht,1,11,4,275.0,11.0,2.0,25.0,0,0,11 (4),['MI']
LI Meriwala,5,11,11,100.0,11.0,11.0,36.36,0,0,4* (2),['DC' 'PBKS']
Gourav Choudhury,2,11,14,78.57,5.5,inf,28.57,0,0,10 (12),['MI']
V Shankar,2,11,15,73.33,5.5,15.0,46.67,0,0,11 (12),['DC']
Imran Tahir,8,11,23,47.83,2.2,23.0,78.26,0,0,8* (3),['MI' 'CSK' 'RCB']
A Khan,1,10,5,200.0,10.0,2.5,60.0,0,0,10 (5),['GT']
A Nortje,3,10,7,142.86,10.0,3.5,42.86,0,0,6* (4),['RCB']
SN Thakur,3,10,7,142.86,5.0,7.0,71.43,0,0,6 (2),['DC' 'GT']
CJ Green,1,10,10,100.0,10.0,10.0,80.0,0,0,10 (10),['RCB']
Geet Puri,4,10,17,58.82,2.5,17.0,76.47,0,0,6 (5),['CSK']
Ashwani Kumar,4,9,6,150.0,4.5,6.0,33.33,0,0,7* (2),['RR']
Ihsanullah,2,9,7,128.57,inf,7.0,42.86,0,0,8* (6),['DC']
JA Duffy,4,9,8,112.5,3.0,8.0,50.0,0,0,5* (3),['GT' 'LSG']
KS Carlson,1,9,8,112.5,9.0,8.0,25.0,0,0,9 (8),['PBKS']
R Ahir,1,9,9,100.0,inf,9.0,33.33,0,0,9* (9),['MI']
Mujeeb Ur Rahman,3,9,11,81.82,4.5,11.0,72.73,0,0,8* (4),['RCB' 'CSK']
Ashwin Shelke,3,9,12,75.0,4.5,12.0,58.33,0,0,6 (6),['DC']
MM Sharma,1,8,3,266.67,inf,3.0,33.33,0,0,8* (3),['DC']
Kranthi Kumar,1,8,5,160.0,inf,2.5,60.0,0,0,8* (5),['RCB']
Mukul Choudhary,1,8,5,160.0,8.0,5.0,40.0,0,0,8 (5),['DC']
R Sanjay Yadav,1,8,5,160.0,8.0,2.5,60.0,0,0,8 (5),['PBKS']
J Kariko,1,8,6,133.33,inf,3.0,66.67,0,0,8* (6),['LSG']
Mayank Dagar,6,8,17,47.06,4.0,17.0,82.35,0,0,8* (6),['RR' 'LSG']
Taskin Ahmed,2,7,4,175.0,7.0,4.0,50.0,0,0,6 (2),['MI']
R Ravindra,1,7,7,100.0,7.0,7.0,85.71,0,0,7 (7),['GT']
K Rabada,1,7,14,50.0,inf,inf,57.14,0,0,7* (14),['MI']
Sayed Irfan Aftab,4,7,14,50.0,2.33,14.0,85.71,0,0,6* (2),['PBKS']
S Gill,1,7,15,46.67,7.0,inf,60.0,0,0,7 (15),['RCB']
Mayank Rawat,2,7,20,35.0,3.5,inf,70.0,0,0,6 (16),['RCB']
Ravi Teja,12,7,30,23.33,0.88,inf,83.33,0,0,3* (2),['LSG' 'RCB' 'MI' 'SRH']
I Sharma,1,6,3,200.0,6.0,3.0,66.67,0,0,6 (3),['RCB']
Krishna Prasad,1,6,3,200.0,inf,3.0,66.67,0,0,6* (3),['CSK']
Easwaran K,1,6,4,150.0,inf,4.0,75.0,0,0,6* (4),['DC']
J Anderson,1,6,4,150.0,6.0,4.0,50.0,0,0,6 (4),['MI']
M Hemanth Reddy,1,6,5,120.0,inf,inf,20.0,0,0,6* (5),['PBKS']
Naman Tiwari,3,6,6,100.0,6.0,6.0,66.67,0,0,6* (4),['CSK']
JM Cox,1,6,7,85.71,6.0,7.0,57.14,0,0,6 (7),['SRH']
PP Chawla,1,6,7,85.71,6.0,7.0,57.14,0,0,6 (7),['RR']
Darshan Misal,2,6,12,50.0,3.0,inf,66.67,0,0,6 (10),['RCB']
Ragavan Ramamoorthy,1,5,4,125.0,5.0,4.0,50.0,0,0,5 (4),['PBKS']
Waqar Salamkheil,1,5,10,50.0,inf,inf,60.0,0,0,5* (10),['PBKS']
Praveen Dubey,1,4,1,400.0,inf,1.0,0.0,0,0,4* (1),['MI']
A Mishra,1,4,2,200.0,4.0,2.0,50.0,0,0,4 (2),['CSK']
N Jagadeesan,1,4,2,200.0,4.0,2.0,50.0,0,0,4 (2),['MI']
DJ Willey,2,4,4,100.0,4.0,4.0,75.0,0,0,4* (3),['MI']
Usman Tariq,2,4,5,80.0,4.0,5.0,80.0,0,0,4 (4),['CSK']
Prince Yadav,2,4,7,57.14,inf,inf,57.14,0,0,3* (4),['GT']
Vraj Patel,1,4,9,44.44,inf,inf,66.67,0,0,4* (9),['RR']
Kaleem Sana,1,4,12,33.33,4.0,inf,75.0,0,0,4 (12),['RCB']
Prashant Solanki,3,4,13,30.77,4.0,13.0,92.31,0,0,4* (5),['CSK']
Aman Rao,1,3,2,150.0,3.0,inf,50.0,0,0,3 (2),['DC']
M Poiyamozhi,1,3,3,100.0,3.0,inf,33.33,0,0,3 (3),['CSK']
Shashwat Dangwal,2,3,4,75.0,1.5,inf,50.0,0,0,2 (2),['MI']
Abrar Ahmed,5,3,5,60.0,3.0,inf,40.0,0,0,1* (1),['GT' 'RCB']
CJ Jordan,2,3,7,42.86,3.0,inf,57.14,0,0,3* (4),['GT']
Zeeshan Ansari,4,3,14,21.43,1.0,inf,78.57,0,0,2 (9),['RR']
MS Chapman,1,2,3,66.67,2.0,inf,33.33,0,0,2 (3),['DC']
L Ngidi,2,2,4,50.0,inf,inf,75.0,0,0,1* (2),['RR']
Manvanth Kumar L,3,2,4,50.0,0.67,inf,75.0,0,0,2 (2),['PBKS']
Abhilash Shetty,2,2,5,40.0,inf,inf,60.0,0,0,1* (1),['CSK' 'MI']
Esakkimuthu A,2,2,5,40.0,2.0,inf,60.0,0,0,1 (2),['RCB']
KV Sharma,1,2,5,40.0,2.0,inf,60.0,0,0,2 (5),['RCB']
Prithviraj Shekhawat,1,2,5,40.0,inf,inf,60.0,0,0,2* (5),['DC']
Akhil Scaria,2,2,7,28.57,1.0,inf,71.43,0,0,1 (2),['RCB']
Cheepurapalli Stephen,5,2,10,20.0,0.4,inf,90.0,0,0,2 (4),['DC' 'CSK' 'RR']
J Miyaji,2,2,10,20.0,inf,inf,90.0,0,0,2* (9),['RCB']
MR Adair,1,1,1,100.0,inf,inf,0.0,0,0,1* (1),['RR']
OEG Baartman,1,1,1,100.0,inf,inf,0.0,0,0,1* (1),['GT']
SS Agarwal,1,1,1,100.0,inf,inf,0.0,0,0,1* (1),['DC']
Aman Bhadoriya,1,1,4,25.0,1.0,inf,75.0,0,0,1 (4),['RCB']
YV Dhull,1,1,6,16.67,1.0,inf,83.33,0,0,1 (6),['LSG']
A Johnson,1,0,2,0.0,0.0,inf,100.0,0,0,0 (2),['LSG']
A Kamboj,1,0,2,0.0,0.0,inf,100.0,0,0,0 (2),['RR']
AU Rashid,1,0,1,0.0,0.0,inf,100.0,0,0,0 (1),['LSG']
Abhishek Prabhakar,1,0,1,0.0,0.0,inf,100.0,0,0,0 (1),['CSK']
Akash Deep,1,0,1,0.0,,inf,100.0,0,0,0* (1),['SRH']
Akshya Deka,1,0,1,0.0,0.0,inf,100.0,0,0,0 (1),['MI']
B Muzarabani,2,0,3,0.0,0.0,inf,100.0,0,0,0 (1),['GT']
CV Milind,1,0,1,0.0,,inf,100.0,0,0,0* (1),['SRH']
DA Payne,3,0,3,0.0,0.0,inf,100.0,0,0,0* (1),['PBKS']
DG Nalkande,1,0,3,0.0,0.0,inf,100.0,0,0,0 (3),['RCB']
G Sai Venkata Sumith,1,0,1,0.0,0.0,inf,100.0,0,0,0 (1),['RR']
HTRY Thornton,1,0,1,0.0,0.0,inf,100.0,0,0,0 (1),['RR']
Junaid Siddique,3,0,3,0.0,0.0,inf,100.0,0,0,0 (1),['RR']
K L Shrijith,1,0,1,0.0,0.0,inf,100.0,0,0,0 (1),['GT']
KR Sen,1,0,3,0.0,0.0,inf,100.0,0,0,0 (3),['LSG']
MJ Suthar,1,0,1,0.0,,inf,100.0,0,0,0* (1),['MI']
Mohammad Amir,2,0,3,0.0,0.0,inf,100.0,0,0,0* (1),['LSG']
Mohit Redkar,2,0,3,0.0,0.0,inf,100.0,0,0,0 (1),['CSK']
Pardeep Yadav,1,0,2,0.0,0.0,inf,100.0,0,0,0 (2),['MI']
R Minz,1,0,1,0.0,0.0,inf,100.0,0,0,0 (1),['GT']
SO Ngoche,1,0,4,0.0,0.0,inf,100.0,0,0,0 (4),['KKR']
Shivank Vashisth,1,0,1,0.0,,inf,100.0,0,0,0* (1),['RCB']
Sunil Kumar,1,0,1,0.0,0.0,inf,100.0,0,0,0 (1),['MI']
VS Halambage,1,0,6,0.0,0.0,inf,100.0,0,0,0 (6),['RCB']
Yash Dayal,1,0,1,0.0,0.0,inf,100.0,0,0,0 (1),['LSG']
Yash Raj Punja,2,0,3,0.0,0.0,inf,100.0,0,0,0 (1),['GT']
Yash Singh,1,0,1,0.0,,inf,100.0,0,0,0* (1),['RCB']
