player,#catches,#runout/stumping
KL Rahul,65,0
JM Sharma,62,6
Ishan Kishan,61,1
YBK Jaiswal,55,3
Tanush Kotian,52,6
SV Samson,52,7
Priyansh Arya,51,3
Sameer Rizvi,50,3
Shashank Singh,49,3
WG Jacks,49,3
Arshad Khan,45,3
PD Salt,43,2
RD Rickelton,43,0
Arshdeep Singh,42,1
HH Pandya,41,5
Naman Dhir,39,2
Abishek Porel,39,0
S Dube,39,2
GJ Maxwell,37,5
RA Jadeja,37,3
Nithish Kumar Reddy,36,1
N Pooran,36,0
Tilak Varma,36,8
Urvil Patel,35,1
C Green,35,1
VR Iyer,35,2
Tarang Gohel,34,2
N Sindhu,33,1
V Kohli,32,4
JP Inglis,32,2
V Suryavanshi,32,3
SP Narine,31,1
RM Patidar,31,2
Shubman Gill,31,2
T Stubbs,30,2
SA Yadav,30,5
RG Sharma,30,1
JC Buttler,29,1
N Rana,29,3
LS Livingstone,29,5
PWH de Silva,29,2
P Simran Singh,29,2
TM Head,28,3
Suryansh Shedge,28,2
SS Iyer,28,0
JR Hazlewood,27,0
R Parag,27,0
Ashutosh Sharma,27,0
GD Phillips,26,3
RD Gaikwad,25,8
B Kumar,25,3
BJ McMullen,25,2
GF Linde,24,1
Aniket Verma,24,4
Rasikh Salam,24,1
R Smaran,24,2
R Shepherd,24,1
Q de Kock,24,0
V Nigam,23,3
Shahbaz Ahmed,23,2
Abhishek Sharma,23,4
YK Pathan,23,2
MJ Owen,23,0
PHKD Mendis,23,1
AK Markram,23,1
Ramandeep Singh,22,1
MA Starc,22,0
KA Pollard,22,1
Abdul Samad,22,3
AD Russell,22,1
R Sai Kishore,22,1
FH Allen,21,1
Noor Ahmad,21,0
AB de Villiers,20,0
Karan Lal,20,2
Jay Gohil,20,0
T Natarajan,20,0
HJ Manenti,20,1
H Klaasen,20,2
JC Archer,20,0
BM Duckett,20,2
B Sai Sudharsan,20,3
YS Chahal,19,1
JJ Bumrah,19,3
Dhruv Jurel,19,0
WL Madsen,19,0
RK Singh,19,0
AM Rahane,18,0
MS Dhoni,18,1
AR Patel,18,0
TA Boult,17,1
D Wiese,17,2
CV Varun,17,1
KH Pandya,17,1
Kartik Sharma,17,1
M Siddharth,17,1
NT Ellis,17,3
Washington Sundar,17,2
RR Rossouw,17,0
MP Yadav,16,0
CH Gayle,16,0
JJ Smit,16,1
A Zampa,15,2
Mohammad Nabi,15,1
Harsh Dubey,15,2
Kuldeep Yadav,15,1
A Nagwaswalla,15,0
Utkarsh Singh,15,0
N Wadhera,15,3
TH David,15,0
S Arora,14,1
AR Ramjani,14,1
DP Conway,14,0
KA Maharaj,14,1
Pulkit Narang,14,0
Akash Vasisht,14,1
Vansh Bedi,14,0
Harshit Rana,14,1
Mohammad Ghazanfar,13,0
D Brevis,13,3
Chirag Jani,13,2
R Ashwin,13,1
Abrar Ahmed,13,1
Rahul Singh,13,0
DAJ Bracewell,12,1
M Pathirana,12,0
DS Rathi,12,1
PP Shaw,12,0
Shivam Shukla,12,1
RA Bawa,11,1
Sakibul Gani,11,0
M Prasidh Krishna,11,3
RR Pant,11,0
Rashid Khan,11,1
J Fraser-McGurk,11,1
DS Airee,11,0
Yudhvir Singh,11,0
SZ Mulani,10,1
A Mhatre,10,0
Sufiyan Muqeem,10,1
Karan Shinde,10,6
Fazalhaq Farooqi,10,1
SU Parakh,10,0
MP Stoinis,10,0
Tushar Raheja,10,0
LI Meriwala,10,1
Shaheen Shah Afridi,10,0
MR Marsh,10,0
Swapnil Singh,10,1
C Sakariya,10,0
Ravi Teja,10,2
Shakib Al Hasan,10,2
MA Agarwal,10,1
H Ssenyondo,9,0
TL Seifert,9,3
Atharva Ankolekar,9,0
Khrievitso Kense,9,0
Ashwin Das,9,0
KK Nair,9,0
V Puthur,9,0
KD Karthik,9,1
SL Malinga,9,1
Ravi Bishnoi,9,0
Imran Tahir,9,0
Anmolpreet Singh,8,0
Sikandar Raza,8,0
SS Ghosh,8,3
M Markande,8,3
Naveen-ul-Haq,8,0
Avesh Khan,8,0
Jagjit Singh,8,0
AS Roy,8,0
MW Short,8,0
HV Patel,8,0
Abhishek Pathak,8,0
Shubhang Hegde,8,0
T Banton,8,1
DR Mousley,8,1
JDS Neesham,7,0
BA Stokes,7,0
JG Bethell,7,0
Mohammad Amir,7,0
LG Pretorius,7,0
Shadab Khan,7,0
Sonu Yadav,7,0
AHT Donald,7,0
R Powell,7,1
Rajvardhan S Hangargekar,7,1
SM Curran,7,0
D Forrester,6,1
D Ferreira,6,0
S Gopal,6,0
DJ Bravo,6,0
Rohan Kunnummal,6,0
Naseem Shah,6,0
Azmatullah Omarzai,6,2
Abid Mushtaq,6,0
AM Hardie,6,0
A Nortje,6,0
RA Tripathi,6,0
Yuvraj Singh,6,0
RE van der Merwe,6,0
Mayank Dagar,6,1
MG Erasmus,6,0
MS Pepper,6,1
Sanvir Singh,6,1
HS Desai,6,1
M Jansen,6,0
Sandeep Sharma,6,2
Sami Sohail,6,0
SB Dubey,6,0
Hemang Patel,6,0
D Padikkal,6,1
F du Plessis,6,0
Harpreet Brar,5,0
JN Loftie-Eaton,5,0
Abhishek Tanwar,5,0
Vishnu Vinod,5,0
HC Brook,5,0
Geet Puri,5,0
S Lamichhane,5,1
Atharva Taide,5,0
Kumar Kushagra,5,0
Gaurav Puri,5,0
Mohammed Shami,5,2
TB Robinson,5,0
Tripuresh Singh,5,0
JA Duffy,5,0
MG Bracewell,5,1
Rishabh Chouhan,5,0
MK Lomror,5,1
Ajay Rohera,4,0
Naman Tiwari,4,1
Ritik Vats,4,0
SH Johnson,4,2
Yash Thakur,4,0
AJ Turner,4,0
A Raghuvanshi,4,1
JM Coles,4,0
Hassan Nawaz,4,0
Akash Deep,4,0
J Overton,4,0
DW Lawrence,4,1
Parth Chandan,4,1
Gurnoor Brar,4,0
B Muzarabani,4,0
Tanay Thyagarajan,4,0
PJ Cummins,4,0
Virat Singh,4,0
L Ngidi,4,0
SPD Smith,4,1
Baltej Singh,4,0
Samant Jakhar,3,0
Siddhesh Veer,3,0
RK Bhui,3,0
Sunny Sandhu,3,0
Yuvraj Chaudhary,3,0
Sayed Irfan Aftab,3,0
Sunil Kumar,3,0
Umran Malik,3,0
Ravi Singh,3,0
RR Patel,3,0
TP Ura,3,0
Suyash Sharma,3,1
A Badoni,3,0
Zeeshan Ansari,3,1
Mustafizur Rahman,3,1
Harsh Tyagi,3,0
M Shahrukh Khan,3,1
J Suresh Kumar,3,0
Junaid Siddique,3,0
DR Sams,3,0
DA Miller,3,0
CH Morris,3,0
C Connolly,3,1
Ashwani Kumar,3,1
Ashutosh Aman,3,0
R Tewatia,3,0
Aryan Juyal,3,0
Akhil Singh Rawat,3,0
Khushdil Shah,3,0
Jaskaran Singh,3,0
KC Cariappa,3,0
AA Kulkarni,3,1
K Rabada,3,0
A Kamboj,3,0
Ishaan Gadekar,2,0
Satyajeet Bachhav,2,0
JM Vince,2,0
JM Bairstow,2,1
Sanskar Rawat,2,0
Shashwat Rawat,2,0
J Miyaji,2,0
JO Holder,2,1
Easwaran K,2,0
I Sharma,2,0
Harnoor Singh,2,0
HR Shokeen,2,0
Gourav Choudhury,2,0
Ehsan Khan,2,1
DL Chahar,2,0
DJ Hooda,2,1
V Kaverappa,2,0
Akshat Raghuwanshi,2,0
Akash Pawar,2,1
Waqar Salamkheil,2,0
AJ Tye,2,0
Yash Raj Punja,2,0
Yash Singh,2,0
Jay Bista,2,0
Shivank Vashisth,2,0
SR Dickson,2,0
N Jagadeesan,2,0
Prashant Solanki,2,0
Prashant Veer,2,0
Mayank Rawat,2,0
MA Wood,2,0
Mohammed Siraj,2,0
M Theekshana,2,1
SR Hain,2,1
MM Ali,2,0
SR Watson,2,0
SS Agarwal,2,0
Rishad Hossain,2,0
Mujeeb Ur Rahman,2,0
Mohsin Khan,2,0
Salman Nizar,2,1
Mukesh Kumar,1,0
PN Mankad,1,0
Arslan Khan,1,0
Ankit Kumar,1,0
Usman Khan (2),1,0
VG Arora,1,0
Ashwin Hebbar,1,0
Akshya Deka,1,0
VS Halambage,1,0
Samarth Vyas,1,0
Adarsh Singh,1,0
Vidyadhar Patil,1,1
PP Chawla,1,0
Akhil Scaria,1,1
Babar Azam,1,0
Abhilash Shetty,1,0
Prince Yadav,1,0
AJ Hosein,1,0
Prithviraj Shekhawat,1,0
Yash Dayal,1,0
R Ahir,1,0
R Ngarava,1,0
A Sheth,1,0
A Mishra,1,0
A Khan,1,0
R Sanjay Yadav,1,0
Ashwin Shelke,1,0
TU Deshpande,1,0
Bal Krishna,1,0
Bhanu Pania,1,0
K Kartikeya,1,0
Saim Ayub,1,0
KK Ahmed,1,0
LH Ferguson,1,0
LR Chethan,1,0
JL Smith,1,0
JD Unadkat,1,0
SO Ngoche,1,1
SN Thakur,1,0
SN Netravalkar,1,0
A Johnson,1,0
Simarjeet Singh,1,0
MJ Santner,1,0
SE Rutherford,1,0
Faisal Khan,1,0
Esakkimuthu A,1,0
MS Bhandage,1,0
Darshan Misal,1,0
Manvanth Kumar L,1,0
T Dahiya,1,0
DR Briggs,1,0
DG Nalkande,1,0
Mohit Redkar,1,0
CV Milind,1,0
CJ Jordan,1,0
CJ Green,1,0
K Gowtham,1,0
Rituraj Sharma,1,0
Bilal Zalmai,1,2
RD Chahar,1,0
A Manohar,0,1
AV Wankhade,0,1
Cheepurapalli Stephen,0,1
DA Payne,0,1
MJ Suthar,0,1
N Burger,0,1
Shashwat Dangwal,0,1
