out_prob,one_prob,two_prob,three_prob,four_prob,six_prob,dot_prob,striker,phase,innings,num_innings,runs,balls,outs,strike_rate
0.05734767025089606,0.3674746370208372,0.09905838041431263,0.006390863252536299,0.13740355992953043,0.05751776927282669,0.27480711985906087,A Badoni,death,1,26,463,279,16,165.94982078853047
0.034375,0.4375944108761329,0.05834592145015105,0.0029172960725075527,0.07293240181268881,0.04375944108761329,0.3500755287009063,A Badoni,middle,1,26,383,320,11,119.6875
0.025974025974025976,0.30062530062530063,0.06012506012506012,0.012025012025012025,0.10822510822510822,0.0,0.493025493025493,A Badoni,pp,1,12,74,77,2,96.1038961038961
0.16666666666666666,0.19230769230769232,0.1282051282051282,0.0,0.0641025641025641,0.0,0.4487179487179488,A Kamboj,death,1,5,11,12,2,91.66666666666667
0.5,0.0,0.0,0.0,0.0,0.0,0.5,A Kamboj,middle,1,1,0,2,1,0.0
0.10317460317460318,0.3559917605719133,0.06845995395613717,0.0,0.08899794014297832,0.10268993093420575,0.2806858112201624,A Manohar,death,1,14,214,126,13,169.84126984126985
0.029411764705882353,0.3896023198011599,0.020505385252692628,0.0,0.10936205468102733,0.03417564208782104,0.41694283347141675,A Manohar,middle,1,13,157,136,4,115.44117647058823
0.03333333333333333,0.10740740740740741,0.0,0.0,0.0,0.0,0.8592592592592593,A Manohar,pp,1,2,1,9,0,11.11111111111111
0.25,0.08333333333333333,0.0,0.0,0.16666666666666666,0.0,0.5,A Mhatre,middle,1,2,9,8,2,112.5
0.05,0.22891566265060237,0.02289156626506024,0.0,0.25180722891566265,0.08012048192771082,0.36626506024096384,A Mhatre,pp,1,6,154,80,4,192.5
0.10714285714285714,0.36945812807881767,0.030788177339901475,0.015394088669950737,0.04618226600985221,0.04618226600985221,0.38485221674876846,A Nortje,death,1,15,61,56,6,108.92857142857143
0.03333333333333333,0.4142857142857143,0.1380952380952381,0.0,0.1380952380952381,0.0,0.2761904761904762,A Nortje,middle,1,2,9,7,0,128.57142857142858
0.14814814814814814,0.44170096021947886,0.0,0.0,0.06310013717421126,0.03155006858710563,0.3155006858710563,A Raghuvanshi,death,1,4,28,27,4,103.70370370370371
0.04225352112676056,0.48878096163186013,0.052841185041282185,0.006605148130160273,0.12549781447304517,0.04623603691112191,0.23778533268576982,A Raghuvanshi,middle,1,10,211,142,6,148.59154929577466
0.037037037037037035,0.29358626919602526,0.03523035230352303,0.01174345076784101,0.15266485998193313,0.08220415537488708,0.38753387533875333,A Raghuvanshi,pp,1,9,128,81,3,158.02469135802468
0.20512820512820512,0.3261012491781723,0.061143984220907305,0.0,0.061143984220907305,0.0,0.34648257725180803,A Zampa,death,1,15,39,39,8,100.0
0.03333333333333333,0.4833333333333334,0.0,0.0,0.0,0.0,0.4833333333333334,A Zampa,middle,1,1,1,2,0,50.0
0.06925207756232687,0.23476189636007552,0.04742664572930819,0.0,0.11382394975033966,0.14465126947438997,0.3900841611235598,AD Russell,death,1,82,1394,722,50,193.07479224376732
0.052539404553415055,0.25640847797564337,0.04221359088623398,0.003126932658239554,0.07973678278510861,0.08911758075982727,0.47685723038153194,AD Russell,middle,1,72,770,571,30,134.85113835376532
0.21428571428571427,0.11224489795918369,0.0,0.056122448979591844,0.056122448979591844,0.056122448979591844,0.5051020408163266,AD Russell,pp,1,3,15,14,3,107.14285714285714
0.06637168141592921,0.4092073055921672,0.11124082093767652,0.003972886462059876,0.12315948032385615,0.07151195631707777,0.2145358689512333,AJ Turner,death,1,26,394,226,15,174.3362831858407
0.05168986083499006,0.42921580766849576,0.10088405735797977,0.009171277941634526,0.08804426823969144,0.03485085617821119,0.2861438717789972,AJ Turner,middle,1,46,665,503,26,132.20675944333996
0.019230769230769232,0.33309143686502174,0.1295355587808418,0.0,0.14804063860667635,0.03701015965166909,0.33309143686502174,AJ Turner,pp,1,11,76,52,1,146.15384615384616
0.07920792079207921,0.3654836252856055,0.10766184310738766,0.011332825590251333,0.09066260472201067,0.0934958111195735,0.2521553693830922,AK Markram,death,1,36,543,303,24,179.20792079207922
0.032665964172813484,0.5291827352146655,0.07202487133356507,0.004001381740753615,0.07302521676875348,0.04901692632423178,0.24008290444521693,AK Markram,middle,1,61,1271,949,31,133.9304531085353
0.03598971722365039,0.2882342302773508,0.038754182222164806,0.009688545555541201,0.13806177416646212,0.04117631861105011,0.44809523194378054,AK Markram,pp,1,47,493,389,14,126.73521850899743
0.0962962962962963,0.36532702915681636,0.11536643026004727,0.006409246125558182,0.07050170738114,0.08332019963225636,0.26277909114788545,AM Hardie,death,1,17,218,135,13,161.4814814814815
0.03076923076923077,0.4737657864523536,0.07956371986222734,0.0,0.06148105625717567,0.03978185993111367,0.314638346727899,AM Hardie,middle,1,20,309,260,8,118.84615384615384
0.012195121951219513,0.31791421362489486,0.03406223717409588,0.022708158116063918,0.11354079058031959,0.011354079058031959,0.48822539949537425,AM Hardie,pp,1,8,86,82,1,104.8780487804878
0.044642857142857144,0.45690993788819884,0.05815217391304349,0.0,0.18276397515527953,0.06645962732919256,0.19107142857142861,AM Rahane,death,1,10,205,112,5,183.03571428571428
0.05072463768115942,0.5175810904071775,0.0610248447204969,0.006780538302277434,0.08362663906142168,0.04520358868184956,0.23505866114561771,AM Rahane,middle,1,31,560,414,21,135.2657004830918
0.03140096618357488,0.2585955265926755,0.036294108995463224,0.009073527248865806,0.16105510866736808,0.056709545305411294,0.446871217006641,AM Rahane,pp,1,38,592,414,13,142.9951690821256
0.0831353919239905,0.3618120426488288,0.07811850920826986,0.004111500484645782,0.113066263327759,0.06167250726968673,0.2980837851368192,AR Patel,death,1,58,658,421,35,156.29453681710214
0.025445292620865142,0.41939792133480186,0.029091185294899548,0.0048485308824832585,0.09212208676718191,0.0412125125011077,0.38788247059866066,AR Patel,middle,1,36,457,393,10,116.2849872773537
0.017543859649122806,0.32183908045977017,0.05081669691470055,0.01693889897156685,0.11857229280096795,0.01693889897156685,0.45735027223230496,AR Patel,pp,1,10,62,57,1,108.7719298245614
0.08333333333333333,0.38194444444444436,0.07638888888888887,0.0,0.05092592592592591,0.05092592592592591,0.3564814814814814,AS Roy,death,1,7,41,36,3,113.88888888888889
1.0,0.0,0.0,0.0,0.0,0.0,0.0,AS Roy,middle,1,1,0,True,1,0.0
0.07563025210084034,0.3409560545529687,0.08334481333517013,0.0,0.10228681636589061,0.1136520181843229,0.2841300454608072,Abdul Samad,death,1,30,422,238,18,177.3109243697479
0.05442176870748299,0.4097505668934241,0.05043083900226758,0.0,0.05043083900226758,0.05043083900226758,0.38453514739229033,Abdul Samad,middle,1,20,161,147,8,109.52380952380952
0.1,0.09000000000000001,0.0,0.0,0.36000000000000004,0.0,0.45,Abdul Samad,pp,1,1,17,10,1,170.0
0.09174311926605504,0.4071496361910788,0.05480860487187599,0.0,0.12527681113571654,0.09395760835178742,0.22706422018348624,Abhishek Sharma,death,1,15,202,109,10,185.32110091743118
0.04646017699115044,0.4121752783328575,0.04511371205633266,0.006151869825863545,0.10458178703968025,0.11688552669140735,0.26863164906270814,Abhishek Sharma,middle,1,33,800,452,21,176.99115044247787
0.04969879518072289,0.22796242774566475,0.049437634932794766,0.00411980291106623,0.15243270770945053,0.07690298767323629,0.4394456438470646,Abhishek Sharma,pp,1,59,1027,664,33,154.66867469879517
0.025,0.4315573770491803,0.06393442622950818,0.0,0.22377049180327865,0.09590163934426228,0.15983606557377045,Abishek Porel,death,1,10,254,120,3,211.66666666666666
0.05514705882352941,0.3853123696287026,0.08376355861493534,0.0067010846891948275,0.11391843971631206,0.07706247392574052,0.27809501460158537,Abishek Porel,middle,1,22,450,272,15,165.44117647058823
0.026143790849673203,0.30057290405874276,0.03606874848704913,0.006011458081174855,0.18034374243524565,0.07213749697409826,0.37872185911401585,Abishek Porel,pp,1,14,257,153,4,167.9738562091503
0.125,0.328125,0.109375,0.0,0.0546875,0.1640625,0.21875,Akash Deep,death,1,6,32,16,2,200.0
0.03333333333333333,0.3866666666666667,0.19333333333333336,0.0,0.0,0.0,0.3866666666666667,Akash Madhwal,death,1,1,4,5,0,80.0
0.13333333333333333,0.3466666666666667,0.0,0.0,0.11555555555555556,0.0,0.40444444444444444,Akash Singh,death,1,4,14,15,2,93.33333333333333
0.03333333333333333,0.37179487179487186,0.07435897435897437,0.0,0.07435897435897437,0.0,0.44615384615384623,Akash Singh,middle,1,1,11,13,0,84.61538461538461
0.10810810810810811,0.2892622352081811,0.0964207450693937,0.0,0.07231555880204528,0.16873630387143898,0.2651570489408327,Aniket Verma,death,1,6,74,37,4,200.0
0.03636363636363636,0.37857142857142856,0.034415584415584406,0.0,0.08603896103896103,0.18928571428571428,0.27532467532467525,Aniket Verma,middle,1,5,112,55,2,203.63636363636363
0.03333333333333333,0.2843137254901961,0.11372549019607846,0.0,0.11372549019607846,0.0,0.45490196078431383,Aniket Verma,pp,1,2,17,16,0,106.25
0.10526315789473684,0.3821271929824561,0.06524122807017543,0.0,0.12116228070175439,0.16776315789473684,0.15844298245614036,Anmolpreet Singh,death,1,11,215,95,10,226.31578947368422
0.025,0.5053353658536585,0.06539634146341462,0.0,0.13079268292682925,0.023780487804878046,0.24969512195121948,Anmolpreet Singh,middle,1,12,219,160,4,136.875
0.023809523809523808,0.2522739432851792,0.01096843231674692,0.0,0.18646334938469766,0.01096843231674692,0.5155163188871053,Anmolpreet Singh,pp,1,8,99,84,2,117.85714285714286
0.007575757575757576,0.4171058410188845,0.05034036012296882,0.0,0.1366381203337725,0.11506368028107158,0.273276240667545,Anuj Rawat,death,1,11,244,132,1,184.84848484848484
0.04225352112676056,0.4329538877098206,0.07871888867451284,0.0,0.06559907389542736,0.03935944433725642,0.3411151842562223,Anuj Rawat,middle,1,9,83,71,3,116.90140845070422
0.1285714285714286,0.23238095238095238,0.023238095238095238,0.011619047619047619,0.08133333333333334,0.011619047619047619,0.5112380952380953,Anuj Rawat,pp,1,11,61,70,9,87.14285714285714
0.10256410256410256,0.341880341880342,0.06410256410256412,0.0,0.0854700854700855,0.021367521367521375,0.38461538461538475,Arshad Khan,death,1,6,44,39,4,112.82051282051282
0.07142857142857142,0.3979591836734694,0.1326530612244898,0.0,0.0,0.0,0.3979591836734694,Arshad Khan,middle,1,3,10,14,1,71.42857142857143
0.08045977011494253,0.2247765006385696,0.08173690932311621,0.020434227330779053,0.06130268199233716,0.03065134099616858,0.5006385696040868,Arshdeep Singh,death,1,24,86,87,7,98.85057471264368
0.03333333333333333,0.2416666666666667,0.0,0.0,0.0,0.0,0.7250000000000001,Arshdeep Singh,middle,1,3,2,8,0,25.0
0.3333333333333333,0.33333333333333337,0.0,0.0,0.0,0.0,0.33333333333333337,Arslan Khan,middle,1,2,3,6,2,50.0
0.05263157894736842,0.19944598337950142,0.049861495844875356,0.0,0.34903047091412753,0.049861495844875356,0.29916897506925216,Arslan Khan,pp,1,2,40,19,1,210.52631578947367
0.10666666666666667,0.2977777777777778,0.09241379310344829,0.0,0.07187739463601533,0.07187739463601533,0.3593869731800767,Ashutosh Sharma,death,1,9,117,75,8,156.0
0.08695652173913043,0.33742911153119093,0.07939508506616258,0.0,0.09924385633270322,0.05954631379962193,0.33742911153119093,Ashutosh Sharma,middle,1,7,63,46,4,136.95652173913044
0.03333333333333333,0.3866666666666667,0.04833333333333334,0.0,0.14500000000000002,0.0,0.3866666666666667,Ashutosh Sharma,pp,1,1,22,20,0,110.0
0.08333333333333333,0.4583333333333332,0.15277777777777773,0.0,0.0,0.07638888888888887,0.2291666666666666,Atharva Ankolekar,death,1,2,16,12,1,133.33333333333334
0.03333333333333333,0.4053763440860216,0.062365591397849474,0.0,0.031182795698924737,0.062365591397849474,0.4053763440860216,Atharva Ankolekar,middle,1,2,33,30,1,110.0
0.10294117647058824,0.3790389395194698,0.07580778790389398,0.0,0.11371168185584095,0.05053852526926265,0.27796188898094454,Atharva Taide,middle,1,8,102,68,7,150.0
0.034090909090909095,0.28817177297840285,0.04802862882973381,0.005336514314414868,0.17610497237569064,0.053365143144148676,0.39490205926670024,Atharva Taide,pp,1,13,267,176,6,151.70454545454547
0.06896551724137931,0.37823275862068967,0.11637931034482758,0.0,0.05818965517241379,0.029094827586206896,0.34913793103448276,Avesh Khan,death,1,12,35,29,2,120.6896551724138
0.5,0.0,0.0,0.0,0.0,0.0,0.5,Avesh Khan,middle,1,1,0,2,1,0.0
1.0,0.0,0.0,0.0,0.0,0.0,0.0,Avesh Khan,pp,1,1,0,True,1,0.0
0.10526315789473684,0.32501124606387766,0.07264957264957266,0.003823661718398561,0.0879442195231669,0.08412055780476833,0.3211875843454791,Azmatullah Omarzai,death,1,35,350,228,24,153.50877192982455
0.040229885057471264,0.4471656217345872,0.059985632183908046,0.005453239289446185,0.07089211076280041,0.04362591431556948,0.3326475966562173,Azmatullah Omarzai,middle,1,22,207,174,7,118.96551724137932
0.08823529411764705,0.30392156862745096,0.0,0.0,0.12663398692810457,0.0,0.48120915032679734,Azmatullah Omarzai,pp,1,6,32,34,3,94.11764705882354
0.05737704918032788,0.4147540983606557,0.08295081967213114,0.007540983606557377,0.022622950819672128,0.030163934426229506,0.38459016393442624,B Kumar,death,1,27,116,122,7,95.08196721311475
0.045454545454545456,0.41219008264462814,0.0,0.0,0.02169421487603306,0.0,0.5206611570247933,B Kumar,middle,1,4,23,44,2,52.27272727272727
0.03333333333333333,0.6444444444444445,0.0,0.0,0.0,0.0,0.32222222222222224,B Kumar,pp,1,1,2,3,0,66.66666666666667
0.0923076923076923,0.34806246385193745,0.10919606709080391,0.01364950838635049,0.11602082128397917,0.07507229612492769,0.24569115095430882,B Sai Sudharsan,death,1,15,223,130,12,171.53846153846155
0.020491803278688527,0.4995101560969239,0.07999967343739796,0.003902423094507218,0.1092678466462021,0.048780288681340225,0.23804780876494028,B Sai Sudharsan,middle,1,27,718,488,10,147.13114754098362
0.02,0.3433962264150943,0.05283018867924528,0.005283018867924528,0.13999999999999999,0.02113207547169811,0.4173584905660377,B Sai Sudharsan,pp,1,27,441,350,7,126.0
0.07017543859649122,0.36872353297035687,0.16031457955232908,0.01603145795523291,0.09618874773139745,0.03206291591046582,0.25650332728372655,BA Stokes,death,1,6,82,57,4,143.859649122807
0.055944055944055944,0.40366530021702435,0.07161803713527852,0.0065107306486616836,0.0781287677839402,0.06510730648661685,0.3190258017844225,BA Stokes,middle,1,12,195,143,8,136.36363636363637
0.06722689075630252,0.3283361344537815,0.014924369747899159,0.0,0.09700840336134454,0.0373109243697479,0.45519327731092435,BA Stokes,pp,1,14,130,119,8,109.24369747899159
0.10526315789473684,0.30609418282548484,0.07063711911357341,0.0,0.09418282548476455,0.07063711911357341,0.3531855955678671,BJ McMullen,death,1,5,53,38,4,139.47368421052633
0.04868913857677902,0.4474684422249965,0.06694409765570813,0.0,0.07399084477736162,0.08103759189901512,0.2818698848661395,BJ McMullen,middle,1,18,387,267,13,144.9438202247191
0.018867924528301886,0.3028185418122525,0.0605637083624505,0.01816911250873515,0.10295830421616586,0.06662007919869556,0.4300023293733986,BJ McMullen,pp,1,16,213,159,3,133.96226415094338
0.08280254777070063,0.36234961075725414,0.10757254069355981,0.0,0.1302193913658882,0.05661712668082095,0.2604387827317764,BM Duckett,death,1,17,254,157,13,161.78343949044586
0.02872531418312388,0.4949602238368724,0.09831401706348834,0.0033901385194306326,0.14238581781608656,0.02203590037629911,0.2101885882046992,BM Duckett,middle,1,31,828,557,16,148.65350089766608
0.025396825396825397,0.35440115440115444,0.08860028860028861,0.00916554709658158,0.17720057720057722,0.04277255311738071,0.3024630541871921,BM Duckett,pp,1,34,499,315,8,158.4126984126984
0.015748031496062992,0.4627453284757315,0.09548713127277,0.014690327888118462,0.15424844282524386,0.06610647549653308,0.19097426254554,C Green,death,1,13,233,127,2,183.46456692913387
0.05140186915887851,0.4527400169923534,0.06036533559898045,0.0,0.10348343245539506,0.03880628717077315,0.29320305862361934,C Green,middle,1,18,283,214,11,132.2429906542056
0.08928571428571429,0.22173913043478258,0.039596273291925464,0.007919254658385092,0.17422360248447202,0.04751552795031055,0.4197204968944099,C Green,pp,1,19,165,112,10,147.32142857142858
0.1388888888888889,0.27927927927927926,0.023273273273273273,0.0,0.09309309309309309,0.0,0.46546546546546547,C Sakariya,death,1,6,30,36,5,83.33333333333333
0.10380622837370243,0.36332179930795844,0.14230103806228372,0.0,0.10294117647058823,0.0393598615916955,0.24826989619377166,CJ Green,death,1,48,428,289,30,148.0968858131488
0.056338028169014086,0.4518944653838524,0.05316405475104147,0.0,0.06645506843880183,0.013291013687760367,0.3588573695695299,CJ Green,middle,1,13,68,71,4,95.77464788732394
0.08181818181818182,0.3433201581027668,0.10911725955204214,0.0,0.07984189723320158,0.08782608695652173,0.2980764163372859,CJ Jordan,death,1,56,529,330,27,160.3030303030303
0.03278688524590164,0.4056054997355897,0.031200423056583826,0.0,0.023400317292437866,0.039000528820729775,0.46800634584875733,CJ Jordan,middle,1,12,102,122,4,83.60655737704919
0.5,0.25,0.0,0.0,0.0,0.0,0.25,CJ Jordan,pp,1,2,1,2,1,50.0
0.09302325581395349,0.20155038759689922,0.020155038759689922,0.0,0.040310077519379844,0.0,0.6449612403100775,CV Varun,death,1,10,20,43,4,46.51162790697674
0.03333333333333333,0.0,0.0,0.0,0.0,0.0,0.9666666666666667,CV Varun,middle,1,1,0,2,0,0.0
0.0819672131147541,0.34426229508196726,0.04303278688524591,0.007172131147540985,0.08606557377049182,0.20799180327868855,0.2295081967213115,D Brevis,death,1,15,285,122,10,233.60655737704917
0.036211699164345405,0.38917196971412604,0.04179027862702024,0.007835677242566296,0.08880434208241801,0.11492326622430567,0.3212627669452181,D Brevis,middle,1,23,590,359,13,164.34540389972145
0.05970149253731343,0.23397099011982345,0.04856001681732185,0.0,0.11036367458482238,0.030901828883750267,0.5165019970569688,D Brevis,pp,1,22,217,201,12,107.96019900497512
0.14925373134328357,0.22142711102024126,0.08157840932324678,0.01165405847474954,0.15150276017174402,0.03496217542424862,0.3496217542424862,D Padikkal,death,1,12,106,67,10,158.2089552238806
0.04219409282700422,0.42050015436863225,0.04866899934822133,0.0038935199478577058,0.10123151864430037,0.05256251929607903,0.33094919556790503,D Padikkal,middle,1,31,642,474,20,135.44303797468353
0.04684684684684685,0.26603418486980135,0.03917067752684192,0.00489633469085524,0.14036159447118354,0.02121745032703937,0.4814729112674319,D Padikkal,pp,1,47,642,555,26,115.67567567567568
0.05555555555555555,0.3988731992583084,0.08971616031949795,0.0012123805448580804,0.10062758522322067,0.08365425759520753,0.27036086150335187,DA Miller,death,1,76,1226,738,41,166.12466124661248
0.027513227513227514,0.46857098902789446,0.0716994401314235,0.003029553808370007,0.06665018378414016,0.048472860933920114,0.3140637448010241,DA Miller,middle,1,81,1167,945,26,123.4920634920635
0.05128205128205128,0.22737868192413643,0.039203221021402834,0.0,0.08624708624708623,0.0,0.5958889595253231,DA Miller,pp,1,23,83,117,6,70.94017094017094
0.060810810810810814,0.3383414470370992,0.09916904482121873,0.0,0.1691707235185496,0.09916904482121873,0.23333892899110287,DAJ Bracewell,death,1,16,310,148,9,209.45945945945945
0.023809523809523808,0.48809523809523797,0.044372294372294355,0.011093073593073589,0.044372294372294355,0.022186147186147177,0.36607142857142844,DAJ Bracewell,middle,1,10,83,84,2,98.80952380952381
0.13793103448275862,0.5350772889417361,0.029726516052318675,0.0,0.0,0.0,0.29726516052318674,DG Nalkande,death,1,6,20,29,4,68.96551724137932
0.10691823899371068,0.3369110834933906,0.08556471961736904,0.0,0.1069558995217113,0.08021692464128348,0.2834331337325349,DJ Hooda,death,1,23,265,159,17,166.66666666666666
0.04938271604938271,0.4556213017751479,0.06187449777193366,0.0037499695619353742,0.0843743151435459,0.05062458908612755,0.2943726106119268,DJ Hooda,middle,1,38,657,486,24,135.1851851851852
0.023696682464454975,0.3042433594180536,0.04540945662956023,0.018163782651824095,0.14076931555163671,0.04995040229251625,0.4177670009919542,DJ Hooda,pp,1,22,289,211,5,136.96682464454977
0.0425531914893617,0.3463105477591671,0.12222725215029424,0.0,0.10185604345857854,0.06111362607514712,0.3259393390674513,DL Chahar,death,1,9,67,47,2,142.5531914893617
0.1111111111111111,0.19753086419753085,0.09876543209876543,0.0,0.0,0.0,0.5925925925925926,DL Chahar,middle,1,3,4,9,1,44.44444444444444
0.05928853754940711,0.42169824178819687,0.10812775430466587,0.0036042584768221954,0.14056608059606562,0.06848091105962172,0.19823421622522075,DP Conway,death,1,26,450,253,15,177.86561264822134
0.023913043478260867,0.4808208475043661,0.07222630756503355,0.00309541318135858,0.11865750528541225,0.04024037135766154,0.261046511627907,DP Conway,middle,1,48,1309,920,22,142.2826086956522
0.03524229074889868,0.3143708347452841,0.05256692646560489,0.012368688580142326,0.13193267818818483,0.02989099740201062,0.4236275838698747,DP Conway,pp,1,80,1129,908,32,124.33920704845815
0.05263157894736842,0.24134480688413046,0.14048429057434458,0.007204322593556133,0.13327996798078845,0.18010806483890332,0.24494696818090853,DS Airee,death,1,22,599,247,13,242.51012145748987
0.029411764705882353,0.4006698764915218,0.13816202637638683,0.0,0.1070755704416998,0.024178354615867696,0.3005024073686413,DS Airee,middle,1,22,362,272,8,133.08823529411765
0.03333333333333333,0.26025641025641033,0.0,0.0,0.11153846153846154,0.0,0.594871794871795,DS Airee,pp,1,4,19,25,0,76.0
0.05555555555555555,0.41834451901566,0.0760626398210291,0.0,0.10775540641312455,0.09507829977628637,0.24720357941834453,Dhruv Jurel,death,1,17,248,144,8,172.22222222222223
0.057692307692307696,0.47115384615384615,0.043625356125356125,0.008725071225071225,0.061075498575498564,0.01745014245014245,0.34027777777777773,Dhruv Jurel,middle,1,16,107,104,6,102.88461538461539
0.03333333333333333,0.29743589743589743,0.14871794871794872,0.0,0.2230769230769231,0.07435897435897436,0.2230769230769231,Dhruv Jurel,pp,1,1,26,13,0,200.0
0.05818181818181818,0.3627497590748474,0.09651140379055573,0.006655958882107292,0.14310311596530678,0.08652746546739479,0.2462704786379698,F du Plessis,death,1,23,501,275,16,182.1818181818182
0.03394495412844037,0.5120005256543987,0.07870278350430791,0.005189194516767554,0.07956764925710251,0.048432482156497175,0.24216241078248588,F du Plessis,middle,1,61,1496,1090,37,137.24770642201835
0.03840472673559823,0.29293170046621786,0.04244378557824059,0.006957997635777146,0.13846415295196524,0.045226984632551454,0.43557065199964934,F du Plessis,pp,1,111,1764,1354,52,130.28064992614475
0.06818181818181819,0.3600206611570248,0.14824380165289258,0.0,0.10588842975206612,0.10588842975206612,0.21177685950413225,FH Allen,death,1,4,81,44,3,184.0909090909091
0.059602649006622516,0.34599525178058227,0.06210171185805323,0.002957224374193011,0.10646007747094839,0.12124619934191345,0.30163688616768713,FH Allen,middle,1,22,552,302,18,182.7814569536424
0.05701754385964912,0.2175345771837,0.05588044184535413,0.004989325164763761,0.1736285157337789,0.08980785296574771,0.4011417432470064,FH Allen,pp,1,74,1581,912,52,173.35526315789474
0.1875,0.3046875,0.0,0.0,0.05078125,0.0,0.45703125,Fazalhaq Farooqi,death,1,7,10,16,3,62.5
0.03333333333333333,0.9666666666666667,0.0,0.0,0.0,0.0,0.0,Fazalhaq Farooqi,middle,1,1,2,2,0,100.0
0.14655172413793105,0.322732541292379,0.0645465082584758,0.01434366850188351,0.07171834250941755,0.04303100550565053,0.3370762097942625,G Coetzee,death,1,25,145,116,17,125.0
0.05263157894736842,0.45000000000000007,0.02368421052631579,0.0,0.02368421052631579,0.02368421052631579,0.42631578947368426,G Coetzee,middle,1,6,31,38,2,81.57894736842105
0.07124681933842239,0.30734102838317906,0.11665498887536722,0.0,0.11665498887536722,0.11665498887536722,0.2714471856522968,GD Phillips,death,1,37,761,393,28,193.6386768447837
0.034782608695652174,0.43111220593669175,0.06197807611774849,0.0027343268875477276,0.08476413351397956,0.060155191526050006,0.32447345732233035,GD Phillips,middle,1,68,1386,1035,36,133.91304347826087
0.037037037037037035,0.27424187941987294,0.04051300491429941,0.006232769986815294,0.08102600982859882,0.028047464940668825,0.5329018338727077,GD Phillips,pp,1,41,278,297,11,93.6026936026936
0.09717868338557993,0.3375289420777315,0.08232413221408086,0.0,0.11525378509971318,0.09604482091642766,0.2716696363064668,GF Linde,death,1,44,561,319,31,175.86206896551724
0.029411764705882353,0.37606837606837606,0.09125188536953242,0.0,0.04977375565610859,0.05806938159879336,0.3954248366013071,GF Linde,middle,1,33,400,340,10,117.6470588235294
0.03333333333333333,0.2416666666666667,0.16111111111111112,0.0,0.0,0.0,0.563888888888889,GF Linde,pp,1,4,7,12,0,58.333333333333336
0.06733167082294264,0.3139004788271452,0.07903968891330995,0.00225827682609457,0.13775488639176875,0.10162245717425565,0.2980925410444832,GJ Maxwell,death,1,39,726,401,27,181.04738154613466
0.04778156996587031,0.3578598674964866,0.0692381047982333,0.004667737402128087,0.10658000401525798,0.07157197349929734,0.3423007428227263,GJ Maxwell,middle,1,89,1756,1172,56,149.82935153583617
0.028037383177570097,0.34838419096948536,0.061479563112262124,0.0029275982434410538,0.1902938858236685,0.04684157189505686,0.3220358067785159,GJ Maxwell,pp,1,35,520,321,9,161.99376947040497
0.049180327868852465,0.3717737818367463,0.0904759203585002,0.0016450167337909128,0.12008622156673662,0.12337625503431847,0.2434624766010551,H Klaasen,death,1,48,1081,549,27,196.90346083788708
0.03679852805887764,0.4427137200226276,0.07435539313121352,0.003418638764653495,0.09914052417495135,0.06751811560190653,0.27605508024576975,H Klaasen,middle,1,81,1642,1087,40,151.05795768169273
0.019417475728155338,0.35954692556634305,0.023347202958853445,0.0,0.10739713361072585,0.03735552473416551,0.45293573740175685,H Klaasen,pp,1,31,227,206,4,110.19417475728156
0.043795620437956206,0.33808654848800834,0.11269551616266946,0.0034150156412930135,0.18782586027111575,0.1024504692387904,0.21173096976016684,HC Brook,death,1,26,568,274,12,207.2992700729927
0.044186046511627906,0.4800694517520783,0.05189940018941387,0.0,0.0821740502999053,0.05838682521309061,0.28328422603388403,HC Brook,middle,1,38,584,430,19,135.8139534883721
0.03508771929824561,0.31891168599464764,0.016354445435622953,0.0,0.15536723163841806,0.06541778174249181,0.4088611358905739,HC Brook,pp,1,15,167,114,4,146.49122807017545
0.06619718309859154,0.35896183552930483,0.07405156746933211,0.0012551113130395274,0.10542935029532029,0.10417423898228076,0.2899307133121308,HH Pandya,death,1,72,1241,710,47,174.7887323943662
0.032722513089005235,0.41525160903057984,0.05421682729182645,0.0036966018608063484,0.0862540434188148,0.03326941674725714,0.37458898856170997,HH Pandya,middle,1,76,876,764,25,114.65968586387434
0.02040816326530612,0.27428571428571424,0.08816326530612245,0.0,0.10775510204081633,0.019591836734693877,0.4897959183673469,HH Pandya,pp,1,14,102,98,2,104.08163265306122
0.07692307692307693,0.2967032967032967,0.03296703296703297,0.03296703296703297,0.1978021978021978,0.0,0.3626373626373626,HR Shokeen,death,1,4,38,26,2,146.15384615384616
0.030303030303030304,0.3526170798898072,0.0881542699724518,0.0,0.0881542699724518,0.0,0.44077134986225897,HR Shokeen,middle,1,3,30,33,1,90.9090909090909
1.0,0.0,0.0,0.0,0.0,0.0,0.0,HS Desai,death,1,1,0,1,1,0.0
0.13636363636363638,0.26284584980237163,0.11264822134387353,0.0,0.15019762845849807,0.11264822134387353,0.22529644268774707,HS Desai,middle,1,4,47,22,3,213.63636363636363
0.06896551724137931,0.2568370986920332,0.03210463733650415,0.0,0.09631391200951246,0.03210463733650415,0.5136741973840664,HS Desai,pp,1,3,33,29,2,113.79310344827586
0.10185185185185185,0.4250165343915344,0.05613425925925926,0.0,0.08019179894179894,0.01603835978835979,0.32076719576719576,HV Patel,death,1,22,119,108,11,110.18518518518519
0.11842105263157894,0.2566622251832112,0.08927381745502998,0.0,0.06695536309127248,0.04463690872751499,0.4240506329113924,HV Patel,middle,1,11,87,76,9,114.47368421052632
0.014492753623188406,0.2776076750357216,0.027760767503572155,0.0,0.16656460502143294,0.027760767503572155,0.48581343131251276,HV Patel,pp,1,4,89,69,1,128.9855072463768
0.03973509933774834,0.3382065058936232,0.07851222458244825,0.0,0.09059102836436336,0.07851222458244825,0.37444291723936857,Harpreet Brar,death,1,23,220,151,6,145.6953642384106
0.10638297872340426,0.23708206686930094,0.018237082066869303,0.0,0.03647416413373861,0.018237082066869303,0.5835866261398177,Harpreet Brar,middle,1,9,29,47,5,61.702127659574465
0.03333333333333333,0.0,0.0,0.0,0.0,0.0,0.9666666666666667,Harpreet Brar,pp,1,1,0,1,0,0.0
0.13333333333333333,0.26,0.02888888888888889,0.0,0.02888888888888889,0.08666666666666667,0.46222222222222226,Harshit Rana,death,1,6,33,30,4,110.0
0.1111111111111111,0.19753086419753085,0.0,0.09876543209876543,0.0,0.0,0.5925925925925926,Harshit Rana,middle,1,2,5,9,1,55.55555555555556
0.03333333333333333,0.9666666666666667,0.0,0.0,0.0,0.0,0.0,I Sharma,death,1,1,1,True,0,100.0
0.06870229007633588,0.3126985011422522,0.08157352203710928,0.0,0.14275366356494124,0.09516910904329416,0.2991029141360674,Ishan Kishan,death,1,14,238,131,9,181.6793893129771
0.058614564831261096,0.4559835701598578,0.04903049141503847,0.001634349713834616,0.08825488454706926,0.04903049141503847,0.2974516479179001,Ishan Kishan,middle,1,46,738,563,33,131.08348134991118
0.038410596026490065,0.24564350627821369,0.055547526545324695,0.006171947393924966,0.15059551641176916,0.032094126448409824,0.4715367808958674,Ishan Kishan,pp,1,65,948,755,29,125.56291390728477
0.19047619047619047,0.11564625850340135,0.07709750566893424,0.03854875283446712,0.07709750566893424,0.15419501133786848,0.3469387755102041,J Fraser-McGurk,death,1,4,42,21,4,200.0
0.07009345794392523,0.3786949718780395,0.07573899437560791,0.029454053368291964,0.05890810673658393,0.04628494100731594,0.3408254746902356,J Fraser-McGurk,middle,1,18,269,214,15,125.70093457943925
0.059880239520958084,0.20531351090921604,0.048626884162709064,0.005402987129189896,0.15398513318191204,0.07294032624406359,0.4538509188519512,J Fraser-McGurk,pp,1,34,508,334,20,152.09580838323353
0.12328767123287672,0.28493150684931506,0.1095890410958904,0.0,0.0547945205479452,0.09863013698630137,0.3287671232876712,JC Archer,death,1,16,120,73,9,164.3835616438356
0.08695652173913043,0.3175803402646503,0.07939508506616258,0.0,0.07939508506616258,0.0,0.4366729678638942,JC Archer,middle,1,3,20,23,2,86.95652173913044
0.08098591549295775,0.33923338689857263,0.09868607618867568,0.00616787976179223,0.11718971547405235,0.09868607618867568,0.25905094999527367,JC Buttler,death,1,31,524,284,23,184.50704225352112
0.02928870292887029,0.44536194809672375,0.07801240332514672,0.0029624963288030406,0.10763736661317715,0.05826242779979313,0.2784746549074858,JC Buttler,middle,1,58,1408,956,28,147.28033472803347
0.028182701652089404,0.27414902230807975,0.04098573423210495,0.011840323222608097,0.15847817236413914,0.04371811651424528,0.4426459297067335,JC Buttler,pp,1,78,1414,1029,29,137.41496598639455
0.03896103896103896,0.36194973857311513,0.13729128014842296,0.0,0.11232922921234606,0.07488615280823072,0.2745825602968459,JD Unadkat,death,1,15,123,77,3,159.74025974025975
0.03333333333333333,0.4202898550724638,0.0,0.0,0.08405797101449276,0.0,0.46231884057971023,JD Unadkat,middle,1,3,18,23,0,78.26086956521739
0.056603773584905655,0.2695417789757412,0.0673854447439353,0.016846361185983826,0.09265498652291106,0.1768867924528302,0.3200808625336927,JG Bethell,death,1,11,224,106,6,211.32075471698113
0.0449438202247191,0.46178540560563025,0.04722805284603037,0.0,0.08920854426472402,0.03148536856402025,0.3253488084948759,JG Bethell,middle,1,15,210,178,8,117.97752808988764
0.024691358024691357,0.23501413059645987,0.023501413059645985,0.011750706529822992,0.1527591848876989,0.023501413059645985,0.5287817938420347,JG Bethell,pp,1,8,91,81,2,112.34567901234568
0.14814814814814814,0.34705075445816186,0.09465020576131687,0.0,0.09465020576131687,0.03155006858710562,0.2839506172839506,JJ Bumrah,death,1,12,35,27,4,129.62962962962962
0.3333333333333333,0.0,0.22222222222222224,0.0,0.11111111111111112,0.0,0.33333333333333337,JJ Bumrah,middle,1,2,8,6,2,133.33333333333334
0.10112359550561797,0.2931118710307768,0.04885197850512946,0.0,0.06839276990718124,0.1465559355153884,0.34196384953590625,JM Bairstow,death,1,11,158,89,9,177.52808988764045
0.03667481662591687,0.42331391668457335,0.0869509666703448,0.004576366666860253,0.07779823333662429,0.07551005000319418,0.2951756500124863,JM Bairstow,middle,1,25,601,409,15,146.9437652811736
0.027173913043478264,0.2374005305039788,0.06193057317495099,0.010321762195825165,0.141924230192596,0.06193057317495099,0.45931841771421983,JM Bairstow,pp,1,28,516,368,10,140.2173913043478
0.04635761589403973,0.3451834396457157,0.055580384349733884,0.0,0.14041360256774876,0.11701133547312396,0.295453622069638,JM Sharma,death,1,31,588,302,14,194.7019867549669
0.043243243243243246,0.3527564699978493,0.05583195928023515,0.0025378163309197795,0.1091261022295505,0.07613448992759338,0.36036991899060866,JM Sharma,middle,1,32,538,370,16,145.40540540540542
0.15625,0.1845703125,0.0,0.0,0.0791015625,0.0263671875,0.5537109375,JM Sharma,pp,1,7,25,32,5,78.125
0.07234042553191489,0.3663865546218487,0.08575004469873054,0.0,0.1052386912211693,0.1130341498301448,0.25725013409619163,JO Holder,death,1,36,420,235,17,178.72340425531914
0.08900523560209425,0.3392990704135057,0.05112725718559675,0.0,0.023239662357089432,0.05112725718559675,0.44620151725611706,JO Holder,middle,1,26,181,191,17,94.76439790575917
0.018518518518518517,0.30336700336700345,0.017845117845117848,0.0,0.05353535353535355,0.035690235690235696,0.5710437710437711,JO Holder,pp,1,9,43,54,1,79.62962962962963
0.07058823529411765,0.2921008403361344,0.11152941176470588,0.010621848739495798,0.18588235294117644,0.09559663865546218,0.23368067226890757,JP Inglis,death,1,16,351,170,12,206.47058823529412
0.04070796460176991,0.4564906927067439,0.10916081782117788,0.003307903570338724,0.10750686603600852,0.04961855355508086,0.23320720170888004,JP Inglis,middle,1,40,854,565,23,151.1504424778761
0.057870370370370364,0.29104691075514877,0.06036528519366048,0.0064677091278921945,0.1315100856004746,0.04311806085261463,0.409621578099839,JP Inglis,pp,1,50,564,432,25,130.55555555555554
0.02631578947368421,0.2306094182825485,0.07686980609418283,0.05124653739612189,0.07686980609418283,0.025623268698060944,0.5124653739612188,JR Hazlewood,death,1,7,39,38,1,102.63157894736842
0.06666666666666667,0.3111111111111111,0.0,0.0,0.0,0.0,0.6222222222222222,JR Hazlewood,middle,1,4,5,15,1,33.333333333333336
0.03571428571428571,0.2755102040816326,0.1377551020408163,0.06887755102040816,0.1377551020408163,0.0,0.34438775510204084,Jagjit Singh,death,1,5,38,28,1,135.71428571428572
0.06060606060606061,0.3315508021390375,0.0,0.0,0.13814616755793227,0.16577540106951874,0.303921568627451,Jay Gohil,death,1,5,68,33,2,206.06060606060606
0.11764705882352941,0.32507739938080493,0.0,0.04643962848297214,0.04643962848297214,0.04643962848297214,0.4179566563467492,Jay Gohil,middle,1,3,20,17,2,117.6470588235294
0.125,0.0,0.0,0.0,0.109375,0.109375,0.65625,Jay Gohil,pp,1,1,10,8,1,125.0
0.17857142857142858,0.32270408163265313,0.029336734693877556,0.0,0.05867346938775511,0.08801020408163267,0.32270408163265313,K Gowtham,death,1,8,39,28,5,139.28571428571428
0.16666666666666666,0.41666666666666674,0.1388888888888889,0.0,0.1388888888888889,0.0,0.1388888888888889,K Gowtham,middle,1,1,9,6,1,150.0
0.03333333333333333,0.5523809523809524,0.0,0.0,0.0,0.0,0.4142857142857143,K Gowtham,pp,1,1,4,7,0,57.142857142857146
0.03333333333333333,0.6444444444444445,0.0,0.0,0.0,0.0,0.32222222222222224,K Kartikeya,death,1,2,2,3,0,66.66666666666667
0.08695652173913043,0.3175803402646503,0.15879017013232516,0.0,0.03969754253308129,0.11909262759924386,0.27788279773156904,K L Shrijith,death,1,3,38,23,2,165.2173913043478
0.03225806451612903,0.5443548387096775,0.0907258064516129,0.0,0.0907258064516129,0.0,0.24193548387096775,K L Shrijith,middle,1,3,36,31,1,116.12903225806451
0.03333333333333333,0.2230769230769231,0.07435897435897436,0.0,0.07435897435897436,0.0,0.5948717948717949,K L Shrijith,pp,1,1,9,13,0,69.23076923076923
0.0425531914893617,0.30201342281879195,0.0899614450949593,0.0,0.09638726260174212,0.025703270027131228,0.44338140796801373,K Rabada,death,1,24,159,141,6,112.76595744680851
0.1111111111111111,0.19753086419753085,0.0,0.0,0.0,0.0,0.691358024691358,K Rabada,middle,1,3,2,9,1,22.22222222222222
0.042735042735042736,0.3355492244381133,0.07977207977207978,0.0012662234884457109,0.11649256093700538,0.12535612535612536,0.2988287432731877,KA Pollard,death,1,66,1356,702,30,193.16239316239316
0.031598513011152414,0.3682653542070266,0.05796769464369862,0.005114796586208702,0.032393711712655114,0.061377559034504425,0.4432823708047542,KA Pollard,middle,1,59,585,538,17,108.7360594795539
0.03333333333333333,0.14871794871794874,0.0,0.0,0.07435897435897437,0.0,0.7435897435897436,KA Pollard,pp,1,3,6,11,0,54.54545454545455
0.0617283950617284,0.32258846928133117,0.06636105653787383,0.0,0.15484246525503892,0.09216813408038033,0.3023114797836475,KD Karthik,death,1,50,883,486,30,181.6872427983539
0.04371584699453552,0.36549080193402567,0.045060509827482616,0.0,0.04005378651331788,0.02002689325665894,0.4856521614739793,KD Karthik,middle,1,26,147,183,8,80.32786885245902
0.0625,0.17578125,0.0,0.0,0.0,0.0,0.76171875,KD Karthik,pp,1,5,3,16,1,18.75
0.059071729957805914,0.38986669356329945,0.0862205187688066,0.003748718207339417,0.13495385546421904,0.05623077311009127,0.26990771092843807,KH Pandya,death,1,36,387,237,14,163.29113924050634
0.055882352941176466,0.4156319670725433,0.0688132395815469,0.0027525295832618764,0.06330818041502315,0.024772766249356887,0.36883896415709144,KH Pandya,middle,1,30,350,340,19,102.94117647058823
0.0196078431372549,0.24047354790972988,0.03699593044765075,0.03699593044765075,0.11098779134295227,0.0,0.5549389567147613,KH Pandya,pp,1,9,47,51,1,92.15686274509804
0.17391304347826086,0.17210144927536228,0.06884057971014491,0.03442028985507246,0.06884057971014491,0.03442028985507246,0.4474637681159419,KK Ahmed,death,1,8,26,23,4,113.04347826086956
0.03333333333333333,0.3866666666666667,0.0,0.0,0.19333333333333336,0.0,0.3866666666666667,KK Ahmed,middle,1,1,6,5,0,120.0
0.09302325581395349,0.4640346133044891,0.08436992969172528,0.0,0.1054624121146566,0.08436992969172528,0.16873985938345057,KK Nair,death,1,6,74,43,4,172.09302325581396
0.05511811023622047,0.4872047244094488,0.05167322834645669,0.014763779527559055,0.09596456692913385,0.0073818897637795275,0.28789370078740156,KK Nair,middle,1,10,144,127,7,113.38582677165354
0.043795620437956206,0.2682875597332353,0.04127500918972851,0.027516672793152338,0.16510003675891405,0.03439584099144042,0.4196292600955732,KK Nair,pp,1,13,189,137,6,137.95620437956205
0.09090909090909091,0.4278074866310159,0.05347593582887699,0.0,0.10695187165775398,0.0,0.3208556149732619,KL Nagarkoti,death,1,7,36,33,3,109.0909090909091
0.02631578947368421,0.37449392712550605,0.049932523616734135,0.0,0.024966261808367068,0.0,0.5242914979757085,KL Nagarkoti,middle,1,2,23,38,1,60.526315789473685
0.03333333333333333,0.32222222222222224,0.0,0.0,0.0,0.0,0.6444444444444445,KL Nagarkoti,pp,1,1,2,6,0,33.333333333333336
0.04964539007092199,0.431979368149581,0.08959572080139458,0.0031998471714783775,0.15359266423096213,0.06719679060104593,0.20479021897461616,KL Rahul,death,1,26,512,282,14,181.56028368794327
0.029882604055496264,0.512572531680762,0.0692940997103217,0.0010190308780929664,0.10496018044357552,0.05197057478274128,0.23030097844901037,KL Rahul,middle,1,52,1360,937,28,145.14407684098185
0.02063983488132095,0.3406040896834116,0.04640113685542129,0.001974516461932821,0.11649647125403643,0.03949032923865642,0.4343936216252206,KL Rahul,pp,1,69,1157,969,20,119.4014447884417
0.08695652173913043,0.3175803402646503,0.03969754253308129,0.0,0.15879017013232516,0.07939508506616258,0.3175803402646503,KV Sharma,death,1,5,38,23,2,165.2173913043478
0.4,0.36000000000000004,0.0,0.0,0.0,0.0,0.24000000000000005,KV Sharma,middle,1,3,3,5,2,60.0
0.25,0.375,0.0,0.0,0.0,0.0,0.375,Kartik Tyagi,death,1,2,2,4,1,50.0
0.043478260869565216,0.2922705314009662,0.053140096618357495,0.013285024154589374,0.09299516908212561,0.013285024154589374,0.49154589371980684,Kuldeep Yadav,death,1,15,67,69,3,97.10144927536231
0.03333333333333333,0.3866666666666667,0.07733333333333335,0.0,0.07733333333333335,0.0,0.4253333333333334,Kuldeep Yadav,middle,1,3,22,25,0,88.0
0.06122448979591837,0.3476946334089191,0.05215419501133786,0.0,0.12169312169312167,0.08692365835222977,0.33030990173847313,LG Pretorius,middle,1,3,84,49,3,171.42857142857142
0.04504504504504505,0.1926663505610874,0.050260787102892376,0.0,0.18428955271060538,0.050260787102892376,0.4774774774774775,LG Pretorius,pp,1,8,159,111,5,143.24324324324326
0.10989010989010989,0.29025322503583373,0.08707596751075011,0.0,0.05805064500716675,0.03870043000477783,0.41602962255136167,LH Ferguson,death,1,17,96,91,10,105.49450549450549
0.03333333333333333,0.26363636363636367,0.0,0.0,0.17575757575757578,0.0,0.5272727272727273,LH Ferguson,middle,1,2,22,22,0,100.0
0.10273972602739727,0.30556851435599475,0.07778107638152593,0.0,0.08055897196658042,0.1194495101573434,0.3139022011111582,LS Livingstone,death,1,36,540,292,30,184.93150684931507
0.04377880184331798,0.44051829283851573,0.048711157381182035,0.00211787640787748,0.05718266301269195,0.06141841582844691,0.34627279268796796,LS Livingstone,middle,1,65,1078,868,38,124.19354838709677
0.047619047619047616,0.29496818970503175,0.032774243300559086,0.005783689994216309,0.12531328320802004,0.07326007326007325,0.4202814729130518,LS Livingstone,pp,1,53,684,483,23,141.61490683229815
0.09090909090909091,0.49586776859504134,0.16528925619834714,0.0,0.0,0.0,0.24793388429752067,LUVNITH SISODIA,death,1,1,10,11,1,90.9090909090909
0.02666666666666667,0.4677056277056278,0.05056277056277057,0.0,0.16432900432900435,0.07584415584415585,0.2148917748917749,Lalit Yadav,death,1,6,133,75,2,177.33333333333334
0.0875,0.3672256097560975,0.033384146341463417,0.0,0.06676829268292683,0.022256097560975612,0.4228658536585366,Lalit Yadav,middle,1,12,75,80,7,93.75
0.03333333333333333,0.32222222222222224,0.0,0.0,0.16111111111111112,0.0,0.4833333333333334,Lalit Yadav,pp,1,1,6,6,0,100.0
0.13636363636363638,0.4318181818181819,0.039256198347107446,0.0,0.039256198347107446,0.0,0.353305785123967,M Ashwin,death,1,4,17,22,3,77.27272727272727
0.03333333333333333,0.4833333333333334,0.0,0.0,0.0,0.0,0.4833333333333334,M Ashwin,middle,1,1,4,8,0,50.0
0.08979591836734693,0.3460852021416932,0.06921704042833864,0.006921704042833865,0.06575618840692171,0.05883448436408784,0.36338946224877783,M Jansen,death,1,35,324,245,22,132.24489795918367
0.036231884057971016,0.3800775668503776,0.08144519289650948,0.006787099408042457,0.08823229230455194,0.0475096958562972,0.35971626862625017,M Jansen,middle,1,18,177,138,5,128.2608695652174
1.0,0.0,0.0,0.0,0.0,0.0,0.0,M Markande,death,1,2,0,2,2,0.0
0.17391304347826086,0.25141776937618154,0.035916824196597356,0.0,0.035916824196597356,0.0,0.5028355387523631,M Pathirana,death,1,9,13,23,4,56.52173913043478
0.05263157894736842,0.29916897506925205,0.0997229916897507,0.0,0.04986149584487535,0.0,0.4986149584487535,M Pathirana,middle,1,3,14,19,1,73.6842105263158
0.125,0.2734375,0.0546875,0.0546875,0.0546875,0.0,0.4375,M Prasidh Krishna,death,1,4,14,16,2,87.5
0.10429447852760737,0.340978806469604,0.06107083100948132,0.0,0.09669548243167873,0.08142777467930842,0.31553262688232014,M Shahrukh Khan,death,1,26,263,163,17,161.34969325153375
0.04109589041095891,0.3717337517349587,0.029569730251644444,0.0,0.07181220203970794,0.07181220203970794,0.4139762235230222,M Shahrukh Khan,middle,1,21,272,219,9,124.20091324200914
0.03333333333333333,0.4833333333333334,0.06904761904761905,0.0,0.06904761904761905,0.0,0.3452380952380953,M Shahrukh Khan,pp,1,3,13,14,0,92.85714285714286
0.03333333333333333,0.3866666666666667,0.0,0.19333333333333336,0.0,0.19333333333333336,0.19333333333333336,M Siddharth,death,1,1,11,5,0,220.0
0.10256410256410256,0.2714932126696833,0.04524886877828055,0.0,0.052790346907993974,0.022624434389140274,0.5052790346907994,M Theekshana,death,1,28,94,117,12,80.34188034188034
0.06666666666666667,0.24086021505376345,0.030107526881720432,0.0,0.0,0.0,0.6623655913978495,M Theekshana,middle,1,7,10,30,2,33.333333333333336
0.09302325581395349,0.4218496484586263,0.04218496484586263,0.0,0.1687398593834505,0.08436992969172526,0.18983234180638184,MA Agarwal,death,1,5,80,43,4,186.04651162790697
0.06132075471698114,0.3943310071508573,0.05572068579305592,0.00857241319893168,0.09001033858878264,0.07286551219091927,0.3171792883604721,MA Agarwal,middle,1,18,310,212,13,146.22641509433961
0.046242774566473986,0.29164477141355755,0.04992117708880715,0.007882291119285338,0.14713610089332635,0.018392012611665794,0.4387808723068839,MA Agarwal,pp,1,29,424,346,16,122.54335260115607
0.1320754716981132,0.2998284734133791,0.1104631217838765,0.015780445969125215,0.1104631217838765,0.03156089193825043,0.2998284734133791,MA Starc,death,1,15,76,53,7,143.39622641509433
0.03333333333333333,0.29000000000000004,0.09666666666666668,0.19333333333333336,0.19333333333333336,0.19333333333333336,0.0,MA Starc,middle,1,3,31,10,0,310.0
0.06882591093117409,0.28143694483050335,0.11465949604205694,0.013898120732370537,0.11465949604205694,0.08338872439422322,0.323131307027615,MG Bracewell,death,1,31,435,247,17,176.11336032388664
0.037267080745341616,0.37072401965328644,0.08621488829146196,0.0,0.09483637712060816,0.04023361453601558,0.37072401965328644,MG Bracewell,middle,1,31,405,322,12,125.77639751552795
0.0625,0.21634615384615383,0.056089743589743585,0.008012820512820512,0.14423076923076922,0.04006410256410256,0.47275641025641024,MG Bracewell,pp,1,12,146,112,7,130.35714285714286
0.125,0.3787313432835821,0.14365671641791045,0.0,0.03917910447761194,0.06529850746268656,0.24813432835820895,MJ Henry,death,1,15,93,64,8,145.3125
0.3333333333333333,0.22222222222222224,0.0,0.0,0.0,0.0,0.4444444444444445,MJ Henry,middle,1,1,1,3,1,33.333333333333336
0.5,0.25,0.0,0.0,0.0,0.0,0.25,MJ Suthar,death,1,1,1,2,1,50.0
0.08064516129032258,0.35288367546432053,0.0742913000977517,0.004643206256109481,0.13465298142717494,0.06500488758553273,0.2878787878787878,MK Lomror,death,1,25,311,186,15,167.20430107526883
0.033444816053511704,0.5103921763413799,0.06060907094053887,0.0,0.09250858196187513,0.06698897314480612,0.23605638155788822,MK Lomror,middle,1,24,440,299,10,147.1571906354515
0.01694915254237288,0.2621468926553673,0.03276836158192091,0.0,0.09830508474576273,0.016384180790960455,0.5734463276836158,MK Lomror,pp,1,7,50,59,1,84.7457627118644
0.06077348066298343,0.37471731600492375,0.13626084218360862,0.0,0.10219563163770647,0.04379812784473134,0.28225460166604643,MK Pandey,death,1,19,271,181,11,149.72375690607734
0.032188841201716736,0.4788753758710841,0.0764590936264756,0.010060407056115212,0.07042284939280649,0.036217465402014766,0.29577596744978724,MK Pandey,middle,1,30,577,466,15,123.81974248927038
0.03529411764705882,0.28182419035029743,0.02709847984137475,0.0,0.12465300727032384,0.0216787838730998,0.5094514210178454,MK Pandey,pp,1,20,178,170,6,104.70588235294117
0.08421052631578947,0.3021796916533759,0.08017012227538543,0.0,0.08325358851674641,0.16342371079213183,0.286762360446571,MM Ali,death,1,34,576,285,24,202.10526315789474
0.060830860534124634,0.4254355930913794,0.046824672195592075,0.0,0.07625732328996424,0.05886530218874433,0.33178624870019524,MM Ali,middle,1,60,880,674,41,130.56379821958458
0.04088050314465409,0.20006173554037895,0.04118918084654861,0.00882625303854613,0.1294517112320099,0.0470733495389127,0.5325172666589498,MM Ali,pp,1,37,377,318,13,118.55345911949685
0.27272727272727276,0.12121212121212122,0.06060606060606061,0.0,0.0,0.0,0.5454545454545454,MM Sharma,death,1,4,4,11,3,36.36363636363637
0.03333333333333333,0.1380952380952381,0.0,0.0,0.0,0.0,0.8285714285714286,MM Sharma,middle,1,1,2,13,0,15.384615384615385
0.054466230936819175,0.3659492620851223,0.07714606065578254,0.007912416477516159,0.11868624716274238,0.11275193480460526,0.2630878478774123,MP Stoinis,death,1,44,857,459,25,186.71023965141612
0.05538140020898641,0.3996463306808135,0.06214596051256669,0.0019121834003866676,0.07744342771566003,0.06214596051256669,0.3413247369690201,MP Stoinis,middle,1,87,1268,957,53,132.49738766980147
0.03826530612244898,0.2570973934128107,0.04284956556880179,0.0047610628409779756,0.12854869670640534,0.028566377045867855,0.4999115983026875,MP Stoinis,pp,1,47,443,392,15,113.01020408163265
0.03333333333333333,0.6444444444444445,0.0,0.0,0.10740740740740741,0.0,0.21481481481481482,MP Yadav,death,1,2,10,9,0,111.11111111111111
0.5,0.0,0.0,0.0,0.0,0.0,0.5,MP Yadav,middle,1,1,0,2,1,0.0
0.0673076923076923,0.3645979020979021,0.06783216783216783,0.00423951048951049,0.1229458041958042,0.10174825174825175,0.27132867132867133,MR Marsh,death,1,23,381,208,14,183.17307692307693
0.03935599284436494,0.4206958238233298,0.08612670408981556,0.0016562827709579915,0.08612670408981556,0.05134476589969774,0.3146937264820184,MR Marsh,middle,1,39,755,559,22,135.06261180679786
0.027093596059113302,0.27797325826882474,0.03474665728360309,0.009265775275627492,0.14130307295331926,0.0764426460239268,0.4331749941355852,MR Marsh,pp,1,35,604,406,11,148.76847290640393
0.07692307692307693,0.33927661742231274,0.07947019867549668,0.0,0.11003565970453387,0.07947019867549668,0.31482424859908303,MS Dhoni,death,1,45,463,286,22,161.8881118881119
0.024844720496894408,0.34487198909256167,0.02378427510983184,0.01189213755491592,0.0594606877745796,0.02378427510983184,0.5113619148613846,MS Dhoni,middle,1,16,136,161,4,84.472049689441
0.045454545454545456,0.18356643356643357,0.03671328671328671,0.0,0.11013986013986013,0.0,0.6241258741258742,MS Dhoni,pp,1,3,19,22,1,86.36363636363636
0.11428571428571428,0.3289795918367347,0.05061224489795918,0.02530612244897959,0.07591836734693877,0.02530612244897959,0.3795918367346938,Mayank Dagar,death,1,6,38,35,4,108.57142857142857
0.03333333333333333,0.4833333333333334,0.12083333333333335,0.12083333333333335,0.0,0.0,0.2416666666666667,Mohammad Ghazanfar,death,1,5,9,8,0,112.5
0.0826271186440678,0.3561345941849249,0.08390605622157916,0.007458316108584815,0.08763521427587158,0.07271858205870195,0.3095201185062698,Mohammad Nabi,death,1,57,715,472,39,151.48305084745763
0.044444444444444446,0.41805555555555557,0.06158854166666666,0.0,0.050390624999999994,0.026128472222222223,0.3993923611111111,Mohammad Nabi,middle,1,50,482,495,22,97.37373737373737
0.06,0.2396078431372549,0.05529411764705882,0.0,0.11058823529411764,0.03686274509803921,0.49764705882352944,Mohammad Nabi,pp,1,9,55,50,3,110.0
1.0,0.0,0.0,0.0,0.0,0.0,0.0,Mohammed Azharuddeen,middle,1,1,0,True,1,0.0
0.05555555555555555,0.3063063063063063,0.05105105105105105,0.0,0.15315315315315314,0.0,0.4339339339339339,Mohammed Azharuddeen,pp,1,3,40,36,2,111.11111111111111
0.08571428571428572,0.2961770623742454,0.10301810865191144,0.02575452716297786,0.06438631790744465,0.02575452716297786,0.3991951710261568,Mohammed Shami,death,1,13,77,70,6,110.0
0.03333333333333333,0.0,0.0,0.9666666666666667,0.0,0.0,0.0,Mohammed Shami,middle,1,1,3,1,0,300.0
0.14634146341463417,0.2498512790005949,0.14574657941701372,0.0,0.08328375966686498,0.0,0.37477691850089234,Mohammed Siraj,death,1,12,42,41,6,102.4390243902439
0.03333333333333333,0.0,0.1380952380952381,0.1380952380952381,0.2761904761904762,0.1380952380952381,0.2761904761904762,Mohammed Siraj,middle,1,1,19,7,0,271.42857142857144
0.03333333333333333,0.4142857142857143,0.1380952380952381,0.0,0.1380952380952381,0.1380952380952381,0.1380952380952381,Mohsin Khan,death,1,2,15,7,0,214.28571428571428
0.15277777777777776,0.33201951951951947,0.04579579579579579,0.0,0.04579579579579579,0.04579579579579579,0.37781531531531526,Mujeeb Ur Rahman,death,1,23,77,72,11,106.94444444444444
0.03333333333333333,0.0,0.0,0.0,0.32222222222222224,0.0,0.6444444444444445,Mujeeb Ur Rahman,middle,1,1,4,3,0,133.33333333333334
0.3333333333333333,0.0,0.0,0.0,0.0,0.0,0.6666666666666667,Mujeeb Ur Rahman,pp,1,1,0,3,1,0.0
0.03333333333333333,0.0,0.0,0.0,0.0,0.0,0.9666666666666667,Mukesh Choudhary,death,1,1,0,True,0,0.0
0.03333333333333333,0.0,0.0,0.0,0.32222222222222224,0.0,0.6444444444444445,Mukesh Choudhary,middle,1,1,4,3,0,133.33333333333334
0.6666666666666666,0.0,0.0,0.0,0.11111111111111113,0.0,0.22222222222222227,Mukesh Kumar,death,1,3,4,3,2,133.33333333333334
0.3333333333333333,0.0,0.0,0.0,0.0,0.0,0.6666666666666667,Musheer Khan,middle,1,1,0,3,1,0.0
0.1764705882352941,0.24400871459694987,0.030501089324618733,0.015250544662309367,0.0,0.015250544662309367,0.5185185185185184,Mustafizur Rahman,death,1,17,29,51,9,56.86274509803921
0.125,0.21875,0.109375,0.0,0.0,0.0,0.546875,Mustafizur Rahman,middle,1,3,8,16,2,50.0
0.06104651162790698,0.3045254556882464,0.06471165933375236,0.005075424261470773,0.11800361407919548,0.11927247014456317,0.3273648648648649,N Pooran,death,1,65,1290,688,42,187.5
0.03750794659885569,0.4186545189333811,0.04192450048557131,0.0017714577669959708,0.07085831067983883,0.08266802912647864,0.3466152364088783,N Pooran,middle,1,113,2180,1573,59,138.5886840432295
0.03571428571428571,0.22907239819004524,0.028361344537815126,0.0,0.12217194570135746,0.07417582417582418,0.5105042016806722,N Pooran,pp,1,53,564,420,15,134.28571428571428
0.06878306878306878,0.3492063492063492,0.06984126984126984,0.0,0.12105820105820105,0.09312169312169312,0.29798941798941797,N Rana,death,1,19,329,189,13,174.07407407407408
0.0438871473354232,0.4099718204381033,0.04392555218979678,0.005856740291972903,0.12591991627741744,0.07028088350367485,0.30015793996361134,N Rana,middle,1,44,984,638,28,154.2319749216301
0.027950310559006212,0.19024825726062264,0.029726290196972288,0.008917887059091687,0.16943985412274204,0.04458943529545843,0.5291279655061067,N Rana,pp,1,37,411,322,9,127.63975155279503
0.075,0.36569767441860457,0.12906976744186044,0.021511627906976742,0.1075581395348837,0.043023255813953484,0.2581395348837209,N Sindhu,death,1,5,64,40,3,160.0
0.03260869565217391,0.38695652173913037,0.09164759725400456,0.0,0.1425629290617849,0.07128146453089244,0.2749427917620137,N Sindhu,middle,1,6,154,92,3,167.3913043478261
0.05376344086021505,0.2069892473118279,0.09856630824372759,0.07885304659498207,0.1675627240143369,0.0689964157706093,0.32526881720430106,N Sindhu,pp,1,8,175,93,5,188.1720430107527
0.08695652173913043,0.30434782608695654,0.026465028355387527,0.0,0.11909262759924386,0.14555765595463138,0.3175803402646503,N Wadhera,death,1,9,129,69,6,186.95652173913044
0.03271028037383177,0.40889974511469834,0.06595157179269327,0.0,0.11431605777400168,0.06155480033984705,0.31656754460492775,N Wadhera,middle,1,15,311,214,7,145.3271028037383
0.03333333333333333,0.29000000000000004,0.0,0.0,0.09666666666666668,0.06444444444444446,0.5155555555555557,N Wadhera,pp,1,6,33,30,0,110.0
0.10077519379844961,0.37026903784769727,0.09256725946192432,0.006611947104423166,0.07273141814865483,0.04628362973096216,0.3107615139078888,NT Ellis,death,1,28,173,129,13,134.10852713178295
0.07547169811320754,0.17120894479385046,0.03424178895877009,0.017120894479385047,0.08560447239692523,0.017120894479385047,0.5992313067784766,NT Ellis,middle,1,9,43,53,4,81.13207547169812
0.03333333333333333,0.0,0.0,0.0,0.0,0.0,0.9666666666666667,NT Ellis,pp,1,1,0,5,0,0.0
0.05161290322580645,0.3996348143639683,0.07157638466220329,0.005964698721850273,0.131223371880706,0.131223371880706,0.20876445526475956,Naman Dhir,death,1,15,314,155,8,202.58064516129033
0.040229885057471264,0.48811165845648596,0.07129720853858784,0.032906403940886696,0.08226600985221674,0.06581280788177339,0.21937602627257796,Naman Dhir,middle,1,16,265,174,7,152.29885057471265
0.047619047619047616,0.4081632653061224,0.09070294784580497,0.04535147392290249,0.18140589569160995,0.04535147392290249,0.18140589569160995,Naman Dhir,pp,1,6,38,21,1,180.95238095238096
0.08029197080291971,0.26743283118496664,0.11088678366205934,0.006522751980121137,0.08479577574157478,0.0521820158409691,0.3978878707873894,Naveen-ul-Haq,death,1,23,178,137,11,129.92700729927006
0.058823529411764705,0.04705882352941176,0.09411764705882351,0.0,0.0,0.0,0.7999999999999999,Naveen-ul-Haq,middle,1,5,5,17,1,29.41176470588235
0.15254237288135594,0.333425951653237,0.0972492358988608,0.013892747985551542,0.013892747985551542,0.1250347318699639,0.2639622117254793,Nithish Kumar Reddy,death,1,12,99,59,9,167.79661016949152
0.037037037037037035,0.4294654765568893,0.050682261208577,0.008002462296091107,0.09069457268903253,0.07468964809685032,0.30942854211552273,Nithish Kumar Reddy,middle,1,22,512,351,13,145.86894586894587
0.05376344086021505,0.3379416282642089,0.057932850559578676,0.0,0.0675883256528418,0.01931095018652623,0.4634628044766294,Nithish Kumar Reddy,pp,1,14,87,93,5,93.54838709677419
0.1,0.28928571428571437,0.0642857142857143,0.0,0.04285714285714287,0.021428571428571436,0.48214285714285726,Noor Ahmad,death,1,19,67,80,8,83.75
0.1764705882352941,0.2906574394463668,0.0,0.0,0.04844290657439446,0.0,0.4844290657439446,Noor Ahmad,middle,1,4,10,17,3,58.8235294117647
0.25,0.0,0.1875,0.0,0.0,0.0,0.5625,Noor Ahmad,pp,1,1,2,4,1,50.0
0.06976744186046512,0.4110329908058409,0.06489994591671172,0.021633315305570573,0.15143320713899402,0.10816657652785286,0.17306652244456458,P Simran Singh,death,1,4,86,43,3,200.0
0.06968641114982578,0.4362849933918059,0.06095157995914935,0.0,0.0801994473146702,0.08982338099243062,0.2630541871921182,P Simran Singh,middle,1,25,442,287,20,154.00696864111498
0.03969465648854962,0.2654038542245613,0.045660878146161085,0.008561414652405204,0.1555323661853612,0.058503000124768896,0.4266438301781927,P Simran Singh,pp,1,52,950,655,26,145.0381679389313
0.058252427184466014,0.43051317614424417,0.08969024503005085,0.0,0.09865926953305594,0.10762829403606104,0.21525658807212208,PD Salt,death,1,13,184,103,6,178.64077669902912
0.05785123966942149,0.43338842975206615,0.07725619834710744,0.001884297520661157,0.07725619834710744,0.060297520661157025,0.2920661157024793,PD Salt,middle,1,38,671,484,28,138.63636363636363
0.05871559633027523,0.29435925697798815,0.044902259539015145,0.008315233247965768,0.18376665478004345,0.04822835283820145,0.36171264628651084,PD Salt,pp,1,97,1724,1090,64,158.1651376146789
0.12121212121212122,0.22924901185770752,0.0891523935002196,0.0,0.15283267457180502,0.06368028107158542,0.34387351778656133,PHKD Mendis,death,1,9,110,66,8,166.66666666666666
0.05202312138728324,0.450419953373998,0.08903650241113915,0.0,0.06808673713792994,0.015712323954906907,0.32472136173474275,PHKD Mendis,middle,1,16,190,173,9,109.82658959537572
0.029411764705882353,0.2597348798674399,0.013670256835128416,0.0,0.12303231151615576,0.041010770505385256,0.5331400165700082,PHKD Mendis,pp,1,14,150,136,4,110.29411764705883
0.06779661016949153,0.323417502594258,0.09131788308543758,0.011414735385679697,0.07229332410930474,0.07990314769975787,0.3538567969560706,PJ Cummins,death,1,36,344,236,16,145.76271186440678
0.0449438202247191,0.3043585627855291,0.09445610569206074,0.010495122854673414,0.08396098283738732,0.010495122854673414,0.4512902827509569,PJ Cummins,middle,1,11,88,89,4,98.87640449438203
0.10144927536231883,0.3323406789755807,0.12308914036132618,0.0,0.1477069684335914,0.049235656144530474,0.24617828072265235,PN Mankad,death,1,8,119,69,7,172.46376811594203
0.033112582781456956,0.44289681691946176,0.018713950010681484,0.0,0.1559495834223457,0.056141850032044444,0.2931852168340099,PN Mankad,middle,1,11,231,151,5,152.98013245033113
0.03636363636363636,0.13766233766233768,0.06883116883116884,0.0,0.1720779220779221,0.08603896103896105,0.49902597402597404,PN Mankad,pp,1,6,86,55,2,156.36363636363637
0.0784313725490196,0.38253792082870886,0.03477617462079172,0.0,0.12171661117277101,0.08694043655197928,0.29559748427672955,PP Shaw,death,1,5,84,51,4,164.7058823529412
0.041353383458646614,0.48459059737255233,0.07023052135834092,0.0070230521358340915,0.10183425596959432,0.06671899529042387,0.22824919441460798,PP Shaw,middle,1,17,414,266,11,155.6390977443609
0.03966597077244259,0.27631341283609795,0.05410332559028491,0.005796784884673384,0.1797003314248749,0.036712970936264765,0.40770720355536133,PP Shaw,pp,1,36,694,479,19,144.88517745302713
0.09876543209876543,0.33796296296296297,0.10192533803644914,0.005364491475602587,0.12070105820105821,0.045598177542621986,0.28968253968253965,PWH de Silva,death,1,50,490,324,32,151.23456790123456
0.06407322654462243,0.3281001722675031,0.10305710539171571,0.002103206232483994,0.12619237394903965,0.05468336204458385,0.3217905535700511,PWH de Silva,middle,1,45,653,437,28,149.4279176201373
0.03333333333333333,0.18589743589743593,0.018589743589743593,0.0,0.2230769230769231,0.037179487179487186,0.501923076923077,PWH de Silva,pp,1,6,72,50,0,144.0
0.07692307692307693,0.4026186579378069,0.049099836333878884,0.0,0.07855973813420622,0.1276595744680851,0.265139116202946,Priyansh Arya,middle,1,7,161,91,7,176.92307692307693
0.04219409282700422,0.21025007718431613,0.07008335906143871,0.0,0.17131487770573908,0.08565743885286954,0.42050015436863225,Priyansh Arya,pp,1,17,398,237,10,167.93248945147678
0.06741573033707865,0.3235496445769319,0.08564549415271727,0.0,0.12371015822059162,0.10467782618665444,0.29500114652602616,Q de Kock,death,1,8,170,89,6,191.01123595505618
0.055020632737276476,0.43046229937304653,0.06749852623305168,0.001273557098736824,0.09424322530652499,0.05603651234442027,0.29546524690694315,Q de Kock,middle,1,49,1007,727,40,138.51444291609354
0.04805491990846682,0.27530364372469635,0.047174793170216514,0.002816405562400986,0.13518746699524734,0.06829783488822391,0.42316493575074815,Q de Kock,pp,1,111,1892,1311,63,144.31731502669717
0.1,0.41273885350318473,0.10891719745222932,0.0,0.05159235668789809,0.05159235668789809,0.2751592356687898,R Ashwin,death,1,30,200,150,15,133.33333333333334
0.046511627906976744,0.40035975844789934,0.05267891558524991,0.0,0.03687524090967494,0.05267891558524991,0.4108955415649493,R Ashwin,middle,1,14,184,172,8,106.97674418604652
0.03571428571428571,0.2066326530612245,0.0,0.0,0.2755102040816327,0.06887755102040817,0.413265306122449,R Ashwin,pp,1,3,50,28,1,178.57142857142858
0.2,0.21818181818181817,0.0,0.0,0.0,0.0,0.5818181818181819,R Minz,middle,1,2,3,10,2,30.0
0.08132530120481928,0.33285315173738433,0.07722193120307316,0.0,0.09586170770036667,0.08521040684477038,0.32752750130958613,R Parag,death,1,41,519,332,27,156.32530120481928
0.024489795918367346,0.5178155556457176,0.046545218485008324,0.0038787682070840273,0.0717572118310545,0.05236337079563436,0.28315007911713397,R Parag,middle,1,33,631,490,12,128.77551020408163
0.01282051282051282,0.33317307692307696,0.024679487179487182,0.0,0.06169871794871795,0.06169871794871795,0.5059294871794873,R Parag,pp,1,14,81,78,1,103.84615384615384
0.07718696397941681,0.2948284460129659,0.08255196488363044,0.0,0.0958192449542139,0.12677623178557532,0.32283714838419764,R Powell,death,1,60,1088,583,45,186.62092624356777
0.02860696517412935,0.34816954653257015,0.06963390930651402,0.005802825775542836,0.06615221384118831,0.07543673508205687,0.40619780428799845,R Powell,middle,1,71,1053,804,23,130.97014925373134
0.05,0.15959999999999996,0.030399999999999996,0.007599999999999999,0.06079999999999999,0.0456,0.646,R Powell,pp,1,18,100,120,6,83.33333333333333
0.09411764705882353,0.33588896232650356,0.12214144084600129,0.0,0.07124917382683409,0.07124917382683409,0.30535360211500323,R Ravindra,death,1,11,127,85,8,149.41176470588235
0.05732484076433122,0.4713375796178344,0.10474168435951876,0.011637964928835419,0.04073287725092396,0.05818982464417709,0.2560352284343792,R Ravindra,middle,1,15,211,157,9,134.39490445859872
0.08080808080808081,0.267003367003367,0.0393939393939394,0.004377104377104378,0.10942760942760944,0.03501683501683502,0.463973063973064,R Ravindra,pp,1,28,230,198,16,116.16161616161617
0.2222222222222222,0.1728395061728395,0.0,0.0,0.0,0.08641975308641975,0.5185185185185185,R Sai Kishore,death,1,4,8,9,2,88.88888888888889
0.2,0.15999999999999998,0.0,0.0,0.0,0.15999999999999998,0.47999999999999987,R Sai Kishore,pp,1,1,7,5,1,140.0
0.059734513274336286,0.304374600857586,0.06785421038226438,0.0,0.09887327798558525,0.12407627041328345,0.3450871270869446,R Shepherd,death,1,55,815,452,27,180.30973451327435
0.048611111111111105,0.3379934210526316,0.025036549707602336,0.006259137426900584,0.06259137426900585,0.05007309941520467,0.4694353070175439,R Shepherd,middle,1,24,153,144,7,106.25
0.03333333333333333,0.9666666666666667,0.0,0.0,0.0,0.0,0.0,R Shepherd,pp,1,1,1,True,0,100.0
0.0743801652892562,0.36388871364582676,0.06005930225222383,0.0,0.10598700397451263,0.07065800264967509,0.32502681218850543,R Tewatia,death,1,32,377,242,18,155.78512396694214
0.05940594059405941,0.4610755193166375,0.036886041545331004,0.0,0.10143661424966025,0.009221510386332751,0.33197437390797896,R Tewatia,middle,1,17,108,101,6,106.93069306930693
0.03333333333333333,0.19333333333333336,0.0,0.0,0.3866666666666667,0.0,0.3866666666666667,R Tewatia,pp,1,2,9,4,0,225.0
0.15384615384615385,0.12087912087912087,0.12087912087912087,0.06043956043956043,0.06043956043956043,0.12087912087912087,0.3626373626373626,RA Bawa,death,1,3,25,13,2,192.30769230769232
0.08333333333333333,0.38194444444444436,0.07638888888888887,0.0,0.07638888888888887,0.0,0.38194444444444436,RA Bawa,middle,1,1,11,12,1,91.66666666666667
0.03333333333333333,0.0,0.0,0.0,0.0,0.0,0.9666666666666667,RA Bawa,pp,1,1,0,True,0,0.0
0.04793028322440087,0.43079187597904167,0.10425556815931145,0.0,0.11212391292605195,0.0629467581339239,0.24195160157726997,RA Jadeja,death,1,48,745,459,22,162.30936819172112
0.01893939393939394,0.44398363193983637,0.0787712895377129,0.003580513160805132,0.06444923689449236,0.010741539482415395,0.3795343950453439,RA Jadeja,middle,1,27,261,264,5,98.86363636363636
0.058823529411764705,0.22145328719723184,0.05536332179930796,0.0,0.19377162629757785,0.0,0.47058823529411764,RA Jadeja,pp,1,6,40,34,2,117.6470588235294
0.17073170731707318,0.29616724738675954,0.05923344947735191,0.0,0.11846689895470382,0.05923344947735191,0.29616724738675954,RA Tripathi,death,1,10,62,41,7,151.21951219512195
0.026954177897574122,0.4827120266304462,0.07875827802917806,0.0050811792276889076,0.1041641741676226,0.04064943382151126,0.2616807302259787,RA Tripathi,middle,1,20,518,371,10,139.62264150943398
0.05202312138728324,0.265539741908324,0.03452016644808212,0.0026553974190832398,0.14870225546866142,0.04779715354349832,0.4487621638250675,RA Tripathi,pp,1,33,461,346,18,133.23699421965318
0.05670103092783505,0.40765684090555865,0.09006372066518156,0.0,0.13746567891001396,0.10902450396311453,0.1990882246282961,RD Gaikwad,death,1,18,378,194,11,194.84536082474227
0.03250975292587776,0.48006178503297187,0.06875565207633356,0.0012277795013630993,0.11295571412540513,0.06998343157769667,0.23450588476035197,RD Gaikwad,middle,1,43,1216,769,25,158.12743823146945
0.030581039755351678,0.30628295889619306,0.04007440583688507,0.0057249151195550105,0.15171025066820776,0.03625779575718173,0.42936863396662583,RD Gaikwad,pp,1,71,1287,981,30,131.19266055045873
0.125,0.385,0.0,0.0,0.14,0.07,0.28,RD Rickelton,death,1,3,39,24,3,162.5
0.05701754385964912,0.360793287566743,0.10659801678108316,0.0,0.12299771167048058,0.0942982456140351,0.25829519450800925,RD Rickelton,middle,1,16,398,228,13,174.56140350877192
0.04536082474226804,0.2646524446259059,0.04725936511176891,0.009451873022353783,0.14555884454424825,0.06616311115647648,0.4215535367969787,RD Rickelton,pp,1,38,723,485,22,149.0721649484536
0.06363636363636364,0.3681429681429682,0.07202797202797205,0.008003108003108005,0.13605283605283608,0.11204351204351205,0.24009324009324012,RG Sharma,death,1,12,219,110,7,199.0909090909091
0.051696284329563816,0.46069013316481766,0.046368162753601776,0.004487241556800171,0.0912405783216035,0.05683839305280217,0.28867920682081105,RG Sharma,middle,1,43,851,619,32,137.47980613893375
0.04119850187265917,0.2539291638876063,0.04815897935799429,0.006129324645562911,0.1506062627195458,0.059542010842611126,0.4404357566740205,RG Sharma,pp,1,84,1517,1068,44,142.04119850187266
0.044117647058823525,0.2827257663628832,0.09424192212096105,0.013463131731565865,0.17502071251035625,0.1615575807787904,0.22887323943661972,RK Bhui,death,1,6,162,68,3,238.23529411764707
0.04081632653061224,0.523191094619666,0.009688723974438259,0.009688723974438259,0.038754895897753036,0.019377447948876518,0.3584827870542156,RK Bhui,middle,1,7,87,98,4,88.77551020408163
0.07692307692307693,0.21301775147928997,0.0,0.0,0.07100591715976332,0.0,0.6390532544378699,RK Bhui,pp,1,4,7,13,1,53.84615384615385
0.05030181086519115,0.33357921038708255,0.08749618633103805,0.0018228372152299594,0.13306711671178703,0.11301590734425747,0.2807169311454137,RK Singh,death,1,49,946,497,25,190.3420523138833
0.027649769585253458,0.49055507120023256,0.0678893178893179,0.0,0.07883920787146595,0.03503964794287376,0.30002698551085655,RK Singh,middle,1,45,526,434,12,121.19815668202764
0.05714285714285714,0.20386100386100386,0.012741312741312742,0.012741312741312742,0.1274131274131274,0.025482625482625483,0.5606177606177606,RK Singh,pp,1,13,73,70,4,104.28571428571429
0.1111111111111111,0.32944832944832947,0.037296037296037296,0.0,0.08702408702408702,0.1554001554001554,0.2797202797202797,RM Patidar,death,1,18,271,135,15,200.74074074074073
0.03554119547657512,0.46875094070781376,0.06888991460881608,0.0029952136786441774,0.0913540171986474,0.08536358984135906,0.24710512848814462,RM Patidar,middle,1,39,997,619,22,161.06623586429725
0.01893939393939394,0.3054584304584305,0.021561771561771567,0.007187257187257189,0.19046231546231548,0.028749028749028755,0.42764180264180274,RM Patidar,pp,1,26,363,264,5,137.5
0.061688311688311695,0.3336853116488375,0.06274424663482414,0.0,0.15400860537638655,0.09696838116291004,0.29090514348873014,RR Pant,death,1,31,581,308,19,188.63636363636363
0.04252873563218391,0.44248393620561655,0.05224509126283184,0.0,0.10449018252566368,0.029854337864475337,0.3283977165092287,RR Pant,middle,1,64,1073,870,37,123.33333333333333
0.029661016949152543,0.25041006014215417,0.035213914707490426,0.01956328594860579,0.12129237288135593,0.035213914707490426,0.5086454346637506,RR Pant,pp,1,35,275,236,7,116.52542372881356
0.06845238095238096,0.30347868609200057,0.09236307837582626,0.0026389450964521785,0.16361459598003508,0.12139147443680023,0.2480608390665048,RR Rossouw,death,1,35,712,336,23,211.9047619047619
0.039445628997867806,0.40914317947690404,0.046114459077732595,0.003924634815126178,0.12068252056512997,0.0686811092647081,0.31200846780253116,RR Rossouw,middle,1,66,1435,938,37,152.98507462686567
0.0487106017191977,0.2108120550206764,0.03162180825310146,0.005270301375516909,0.1581090412655073,0.06060846581844445,0.4848677265475556,RR Rossouw,pp,1,45,488,349,17,139.82808022922637
0.03333333333333333,0.0,0.2416666666666667,0.0,0.2416666666666667,0.0,0.4833333333333334,RS Hangargekar,death,1,1,6,4,0,150.0
0.03333333333333333,0.30208333333333337,0.06041666666666668,0.0,0.24166666666666672,0.12083333333333336,0.24166666666666672,Rahul Singh,death,1,1,35,15,0,233.33333333333334
0.025,0.46428571428571425,0.023214285714285715,0.0,0.11607142857142856,0.06964285714285713,0.30178571428571427,Rahul Singh,middle,1,2,60,40,1,150.0
0.04,0.1152,0.0768,0.0,0.192,0.0384,0.5376000000000001,Rahul Singh,pp,1,2,33,25,1,132.0
0.09285714285714285,0.3705231388329979,0.07027162977867202,0.006388329979879274,0.044718309859154926,0.13415492957746475,0.28108651911468807,Ramandeep Singh,death,1,25,237,140,13,169.28571428571428
0.08333333333333333,0.36877394636015326,0.052681992337164744,0.0632183908045977,0.042145593869731796,0.0632183908045977,0.32662835249042144,Ramandeep Singh,middle,1,13,115,84,7,136.9047619047619
0.03333333333333333,0.9666666666666667,0.0,0.0,0.0,0.0,0.0,Ramandeep Singh,pp,1,1,1,1,0,100.0
0.11296296296296296,0.2648573485145923,0.08306177201936919,0.006268812982593901,0.08306177201936919,0.06582253631723596,0.38396479518387644,Rashid Khan,death,1,90,751,540,61,139.07407407407408
0.03550295857988166,0.3568081540513732,0.06132640147757977,0.011150254814105413,0.0780517836987379,0.05575127407052707,0.4014091733077949,Rashid Khan,middle,1,20,208,169,6,123.07692307692308
1.0,0.0,0.0,0.0,0.0,0.0,0.0,Rashid Khan,pp,1,1,0,True,1,0.0
0.21428571428571427,0.2806122448979592,0.0,0.0,0.16836734693877553,0.056122448979591844,0.2806122448979592,Rasikh Salam,death,1,4,23,14,3,164.28571428571428
0.03333333333333333,0.4833333333333334,0.0,0.0,0.0,0.0,0.4833333333333334,Rasikh Salam,middle,1,1,1,2,0,50.0
0.26,0.24666666666666667,0.04111111111111111,0.013703703703703704,0.054814814814814816,0.013703703703703704,0.37000000000000005,Ravi Bishnoi,death,1,18,49,50,13,98.0
0.125,0.09722222222222222,0.0,0.09722222222222222,0.0,0.0,0.6805555555555556,Ravi Bishnoi,middle,1,3,4,8,1,50.0
0.18421052631578946,0.23009446693657212,0.06275303643724695,0.0,0.041835357624831294,0.020917678812415647,0.46018893387314425,Ravi Teja,death,1,7,31,38,7,81.57894736842105
0.06666666666666667,0.24888888888888888,0.06222222222222222,0.0,0.0,0.0,0.6222222222222222,Ravi Teja,middle,1,3,6,15,1,40.0
0.03333333333333333,0.0,0.0,0.0,0.4833333333333334,0.0,0.4833333333333334,Ravi Teja,pp,1,1,4,2,0,200.0
0.06779661016949153,0.3647752394988947,0.057111274871039064,0.003684598378776714,0.10316875460574798,0.1068533529845247,0.2966101694915254,S Dube,death,1,49,838,472,32,177.54237288135593
0.033766233766233764,0.4128998951359199,0.052812777284826966,0.002400580785673953,0.07201742357021859,0.07081713317738161,0.3552859562797451,S Dube,middle,1,65,1032,770,26,134.02597402597402
0.017543859649122806,0.2585410895660203,0.051708217913204055,0.0,0.10341643582640811,0.03447214527546937,0.5343182517697753,S Dube,pp,1,14,57,57,1,100.0
0.2,0.15999999999999998,0.0,0.0,0.0,0.15999999999999998,0.47999999999999987,S Gopal,death,1,2,7,5,1,140.0
0.3333333333333333,0.33333333333333337,0.0,0.0,0.0,0.0,0.33333333333333337,S Gopal,middle,1,2,3,6,2,50.0
0.03333333333333333,0.0,0.1380952380952381,0.0,0.2761904761904762,0.0,0.5523809523809524,S Gopal,pp,1,1,10,7,0,142.85714285714286
0.042440318302387266,0.26791825291021293,0.0843446351754374,0.002480724563983453,0.19349651599070933,0.15132419840299063,0.2579953546542791,SA Yadav,death,1,30,857,377,16,227.3209549071618
0.04267782426778243,0.42712498378917046,0.05465950432402547,0.0015617001235435847,0.12649771000703036,0.06481055512705877,0.2826677223613888,SA Yadav,middle,1,80,1839,1195,51,153.89121338912133
0.0374331550802139,0.2646231876068141,0.051270742598820224,0.009923369535255527,0.15712001764154584,0.051270742598820224,0.42835878493853025,SA Yadav,pp,1,64,806,561,21,143.67201426024957
0.08888888888888889,0.3239506172839505,0.06074074074074073,0.0,0.14172839506172835,0.10123456790123453,0.2834567901234567,SB Dubey,death,1,6,80,45,4,177.77777777777777
0.04716981132075472,0.5573157707369171,0.01797792808828765,0.01797792808828765,0.0719117123531506,0.008988964044143824,0.27865788536845854,SB Dubey,middle,1,9,110,106,5,103.77358490566037
0.07049608355091384,0.30214643437923144,0.080726146589871,0.0023064613311391713,0.10148429857012355,0.12685537321265442,0.3159852023660665,SE Rutherford,death,1,40,710,383,27,185.37859007832898
0.04081632653061224,0.34758537078197616,0.0455849666599313,0.0,0.05698120832491413,0.05128308749242272,0.4577490402101435,SE Rutherford,middle,1,47,513,490,20,104.6938775510204
0.03333333333333333,0.2829268292682927,0.0,0.0,0.07073170731707318,0.02357723577235773,0.5894308943089432,SE Rutherford,pp,1,6,30,38,0,78.94736842105263
0.21621621621621623,0.20625889046941676,0.020625889046941674,0.0,0.10312944523470838,0.04125177809388335,0.4125177809388335,SH Johnson,death,1,14,44,37,8,118.91891891891892
0.03333333333333333,0.21481481481481482,0.10740740740740741,0.0,0.21481481481481482,0.10740740740740741,0.32222222222222224,SH Johnson,middle,1,3,18,9,0,200.0
0.2,0.47999999999999987,0.0,0.0,0.0,0.0,0.31999999999999995,SK Rasheed,death,1,1,3,5,1,60.0
0.03571428571428571,0.5320197044334976,0.0332512315270936,0.0,0.09975369458128079,0.0,0.2992610837438424,SK Rasheed,middle,1,2,30,28,1,107.14285714285714
0.06666666666666667,0.11666666666666667,0.14583333333333331,0.0,0.058333333333333334,0.029166666666666667,0.5833333333333333,SK Rasheed,pp,1,3,28,30,2,93.33333333333333
0.09090909090909091,0.31498079385403327,0.08706786171574901,0.0,0.10499359795134441,0.08962868117797694,0.31241997439180536,SM Curran,death,1,40,565,341,31,165.6891495601173
0.04627766599597585,0.44346233040264943,0.0723641459652859,0.0,0.07421963688747271,0.03896530936592317,0.3247109113826931,SM Curran,middle,1,46,603,497,23,121.32796780684104
0.03181818181818182,0.3028233880656789,0.034120945134160995,0.004265118141770124,0.13648378053664398,0.025590708850620744,0.4648978774529436,SM Curran,pp,1,28,254,220,7,115.45454545454545
0.1348314606741573,0.2736757624398074,0.07062600321027288,0.00882825040128411,0.14125200642054575,0.05296950240770465,0.3178170144462279,SN Thakur,death,1,19,150,89,12,168.53932584269663
0.03636363636363636,0.420495867768595,0.08760330578512397,0.0,0.10512396694214875,0.052561983471074374,0.29785123966942145,SN Thakur,middle,1,4,76,55,2,138.1818181818182
0.25,0.0,0.0,0.0,0.0,0.0,0.75,SN Thakur,pp,1,1,0,4,1,0.0
0.10679611650485438,0.22330097087378642,0.04309316981774826,0.0,0.09010390052801909,0.0744336569579288,0.4622721853176631,SP Narine,death,1,38,285,206,22,138.3495145631068
0.07211538461538461,0.3030674582688006,0.05812252624333162,0.0,0.09133539838237827,0.09341120289106869,0.38194802959903634,SP Narine,middle,1,42,648,416,30,155.76923076923077
0.054263565891472874,0.1844769834433917,0.02568666858072543,0.002335151689156857,0.16112546655182314,0.06304909560723514,0.5090630682361948,SP Narine,pp,1,36,542,387,21,140.0516795865633
0.03333333333333333,0.5948717948717949,0.0,0.0,0.0,0.0,0.3717948717948718,SS Ghosh,middle,1,1,8,13,0,61.53846153846154
0.03333333333333333,0.4833333333333334,0.0,0.0,0.0,0.0,0.4833333333333334,SS Ghosh,pp,1,1,1,2,0,50.0
0.056782334384858045,0.3835373037892897,0.09375356314849304,0.005682034130211699,0.12216373379955152,0.08807152901828134,0.25000950172931474,SS Iyer,death,1,27,565,317,18,178.2334384858044
0.04193138500635324,0.47133659921813525,0.061581666229505116,0.0023685256242117355,0.08881971090794007,0.04973903810844644,0.2842230749054082,SS Iyer,middle,1,57,1060,787,33,134.68869123252858
0.03378378378378378,0.28605085348506404,0.04131845661450925,0.01907005689900427,0.1334903982930299,0.01907005689900427,0.46721639402560455,SS Iyer,pp,1,39,338,296,10,114.1891891891892
0.10526315789473684,0.22368421052631574,0.0894736842105263,0.0,0.13421052631578945,0.0894736842105263,0.3578947368421052,SS Prabhudessai,death,1,2,33,19,2,173.68421052631578
0.12,0.24156862745098043,0.08627450980392158,0.03450980392156863,0.03450980392156863,0.017254901960784316,0.4658823529411765,SS Prabhudessai,middle,1,7,44,50,6,88.0
0.03333333333333333,0.2577777777777778,0.0,0.0,0.06444444444444444,0.0,0.6444444444444446,SS Prabhudessai,pp,1,2,8,12,0,66.66666666666667
0.06382978723404256,0.3979670944956499,0.08717374450857093,0.0037901628047204753,0.09854423292273236,0.09475407011801189,0.2539409079162719,SV Samson,death,1,25,408,235,15,173.61702127659575
0.046539379474940336,0.4346006549370039,0.06319448298828884,0.0022173502802908364,0.09534606205250595,0.07760725981017927,0.2804948104567908,SV Samson,middle,1,62,1281,838,39,152.86396181384248
0.03496503496503496,0.2811260289965571,0.03616826104049273,0.004932035596430826,0.1676892102786481,0.04438832036787743,0.4307311087549588,SV Samson,pp,1,62,794,572,20,138.8111888111888
0.18181818181818182,0.2727272727272727,0.0,0.0,0.13636363636363635,0.06818181818181818,0.3409090909090909,SZ Mulani,death,1,2,18,11,2,163.63636363636363
0.5,0.0,0.0,0.0,0.0,0.0,0.5,SZ Mulani,middle,1,1,0,2,1,0.0
0.3333333333333333,0.0,0.0,0.0,0.0,0.0,0.6666666666666667,SZ Mulani,pp,1,1,0,3,1,0.0
0.057692307692307696,0.30224963715529757,0.05333817126269957,0.0,0.10667634252539913,0.17779390420899857,0.30224963715529757,Sameer Rizvi,death,1,6,107,52,3,205.76923076923077
0.037383177570093455,0.45095562852572196,0.03468889450197861,0.0,0.06070556537846256,0.06937778900395722,0.3468889450197861,Sameer Rizvi,middle,1,10,136,107,4,127.10280373831776
0.1,0.2571428571428572,0.04285714285714287,0.04285714285714287,0.08571428571428574,0.0,0.4714285714285716,Sandeep Sharma,death,1,5,19,20,2,95.0
0.03333333333333333,0.9666666666666667,0.0,0.0,0.0,0.0,0.0,Sandeep Sharma,middle,1,1,2,2,0,100.0
0.03296703296703297,0.3516483516483517,0.09768009768009768,0.00976800976800977,0.11721611721611723,0.10744810744810745,0.28327228327228327,Sanvir Singh,death,1,11,173,91,3,190.1098901098901
0.125,0.328125,0.109375,0.0,0.21875,0.0,0.21875,Sanvir Singh,middle,1,4,13,8,1,162.5
0.15,0.4249999999999999,0.03863636363636363,0.0,0.03863636363636363,0.03863636363636363,0.309090909090909,Saurav Chauhan,death,1,3,23,20,3,115.0
0.0625,0.4779411764705882,0.05514705882352941,0.0,0.05514705882352941,0.05514705882352941,0.2941176470588235,Saurav Chauhan,middle,1,4,62,48,3,129.16666666666666
0.03333333333333333,0.42291666666666666,0.0,0.0,0.18125000000000002,0.0,0.36250000000000004,Saurav Chauhan,pp,1,4,38,30,1,126.66666666666667
0.06060606060606061,0.38525706503234597,0.06332992849846782,0.0,0.0738849165815458,0.06332992849846782,0.35359210078311204,Shahbaz Ahmed,death,1,21,225,165,10,136.36363636363637
0.058823529411764705,0.44022770398481975,0.08349146110056928,0.0,0.06072106261859583,0.037950664136622396,0.31878557874762814,Shahbaz Ahmed,middle,1,15,142,119,7,119.32773109243698
0.10526315789473684,0.313157894736842,0.0,0.04473684210526315,0.0,0.04473684210526315,0.49210526315789466,Shahbaz Ahmed,pp,1,4,16,19,2,84.21052631578948
0.08536585365853659,0.3316217372700043,0.053487376979032955,0.0,0.15511339323919557,0.07488232777064614,0.29952931108258457,Shakib Al Hasan,death,1,21,282,164,14,171.9512195121951
0.05106382978723405,0.4412748445845373,0.05467121968304003,0.0013016957067390482,0.09372209088521147,0.052067828269561925,0.3058984910836763,Shakib Al Hasan,middle,1,52,954,705,36,135.31914893617022
0.044897959183673466,0.27073758637313194,0.04136268680700626,0.0037602442551823885,0.12032781616583643,0.03760244255182388,0.48131126466334573,Shakib Al Hasan,pp,1,39,285,245,11,116.3265306122449
0.038461538461538464,0.46296296296296313,0.09892371003482117,0.007913896802785696,0.13057929724596395,0.09892371003482117,0.16223488445710674,Shashank Singh,death,1,24,455,234,9,194.44444444444446
0.05,0.45886792452830194,0.0609433962264151,0.010754716981132076,0.06452830188679246,0.03226415094339623,0.32264150943396225,Shashank Singh,middle,1,30,297,260,13,114.23076923076923
0.029411764705882353,0.35049019607843124,0.05392156862745096,0.02696078431372548,0.13480392156862742,0.02696078431372548,0.37745098039215674,Shashank Singh,pp,1,5,46,34,1,135.2941176470588
0.23076923076923078,0.11834319526627218,0.0,0.0,0.05917159763313609,0.0,0.591715976331361,Shivam Mavi,death,1,3,6,13,3,46.15384615384615
0.06862745098039216,0.3855449156406749,0.07797537619699044,0.017327861377108983,0.09963520291837666,0.11263109895120839,0.23825809393524852,Shubman Gill,death,1,21,385,204,14,188.72549019607843
0.025862068965517244,0.4959247648902822,0.10626959247648904,0.007084639498432602,0.10508881922675027,0.05313479623824452,0.20663531870428423,Shubman Gill,middle,1,43,1244,812,21,153.20197044334975
0.028985507246376812,0.33100386160749173,0.04923158701124086,0.005237402873536262,0.16026452793020962,0.03037693666651032,0.3949001766646341,Shubman Gill,pp,1,68,1211,897,26,135.00557413600893
0.07615230460921843,0.31498807138085694,0.08446607500715717,0.0035194197919648815,0.1161408531348411,0.10558259375894645,0.29915068231701497,Sikandar Raza,death,1,55,905,499,38,181.3627254509018
0.03188405797101449,0.3903255107712748,0.07788397662721493,0.003622510540800694,0.07607272135681457,0.04890389230080937,0.37130733043207115,Sikandar Raza,middle,1,75,1275,1035,33,123.18840579710145
0.03649635036496351,0.281021897810219,0.026763990267639908,0.0,0.09367396593673968,0.03345498783454988,0.5285888077858881,Sikandar Raza,pp,1,26,136,137,5,99.27007299270073
0.1111111111111111,0.3950617283950617,0.09876543209876543,0.0,0.0,0.0,0.3950617283950617,Simarjeet Singh,death,1,3,6,9,1,66.66666666666667
0.3333333333333333,0.0,0.22222222222222224,0.0,0.0,0.0,0.4444444444444445,Simarjeet Singh,middle,1,1,2,3,1,66.66666666666667
0.16666666666666666,0.2777777777777778,0.1388888888888889,0.0,0.1388888888888889,0.0,0.2777777777777778,Smaran Ravichandran,death,1,1,8,6,1,133.33333333333334
0.06557377049180328,0.346641988365944,0.07535695399259652,0.06028556319407722,0.09042834479111583,0.10549973558963514,0.2562136435748282,Smaran Ravichandran,middle,1,4,111,61,4,181.9672131147541
0.030303030303030304,0.47015610651974293,0.0881542699724518,0.0,0.1763085399449036,0.0,0.23507805325987147,Smaran Ravichandran,pp,1,5,46,33,1,139.3939393939394
0.04838709677419355,0.30278592375366564,0.08651026392961875,0.0,0.10092864125122188,0.0576735092864125,0.4037145650048875,Sumit Kumar,death,1,7,85,62,3,137.09677419354838
0.07142857142857142,0.4642857142857143,0.0663265306122449,0.0,0.0,0.0,0.3979591836734694,Sumit Kumar,middle,1,3,9,14,1,64.28571428571429
0.2222222222222222,0.22222222222222215,0.03703703703703703,0.03703703703703703,0.07407407407407406,0.0,0.40740740740740733,Suryansh Shedge,death,1,5,19,18,4,105.55555555555556
0.16666666666666666,0.41666666666666674,0.1388888888888889,0.0,0.0,0.0,0.2777777777777778,Suryansh Shedge,middle,1,2,5,6,1,83.33333333333333
0.03333333333333333,0.0,0.0,0.0,0.0,0.0,0.9666666666666667,Suyash Sharma,death,1,1,0,1,0,0.0
0.03333333333333333,0.0,0.32222222222222224,0.0,0.0,0.0,0.6444444444444445,Suyash Sharma,middle,1,1,2,3,0,66.66666666666667
0.14285714285714285,0.4761904761904763,0.02380952380952381,0.0,0.02380952380952381,0.07142857142857144,0.261904761904762,Swapnil Singh,death,1,9,44,35,5,125.71428571428571
0.07692307692307693,0.21301775147928997,0.14201183431952663,0.0,0.14201183431952663,0.07100591715976332,0.3550295857988166,Swapnil Singh,middle,1,2,21,13,1,161.53846153846155
0.4,0.0,0.0,0.0,0.24000000000000005,0.0,0.36000000000000004,T Natarajan,death,1,2,8,5,2,160.0
0.04440497335701599,0.38877199374535076,0.11271120827071093,0.003266991544078578,0.1306796617631431,0.09637625055031805,0.2237889207693826,T Stubbs,death,1,50,1056,563,25,187.56660746003553
0.02922077922077922,0.47302299611216825,0.06801637852593267,0.006183307138721153,0.0772913392340144,0.04173732318636778,0.3045278765820168,T Stubbs,middle,1,54,768,616,18,124.67532467532467
0.05555555555555555,0.347953216374269,0.0,0.0,0.07456140350877193,0.03728070175438596,0.4846491228070175,T Stubbs,pp,1,14,70,72,4,97.22222222222223
0.07692307692307693,0.3678929765886288,0.06688963210702342,0.0,0.07357859531772576,0.06020066889632108,0.3545150501672241,TA Boult,death,1,27,173,130,10,133.07692307692307
0.03333333333333333,0.6151515151515152,0.0,0.0,0.08787878787878789,0.0,0.26363636363636367,TA Boult,middle,1,3,11,10,0,110.0
0.062355658198614314,0.27837886675132234,0.09547289653926218,0.002009955716616046,0.10652765298065044,0.12964214372173496,0.3256128260917994,TH David,death,1,85,1671,866,54,192.95612009237874
0.028528528528528527,0.42466369878650584,0.05113007744586693,0.002840559858103718,0.08947763553026712,0.06675315666543738,0.3366063431852906,TH David,middle,1,70,911,666,19,136.7867867867868
0.09090909090909091,0.16042780748663102,0.026737967914438502,0.0,0.18716577540106952,0.0,0.5347593582887701,TH David,pp,1,8,36,33,3,109.0909090909091
0.040540540540540536,0.49891891891891893,0.08954954954954956,0.012792792792792796,0.02558558558558559,0.05117117117117118,0.2814414414414415,TM Head,death,1,6,88,74,3,118.91891891891892
0.06126914660831509,0.3739342818489699,0.05258450838501139,0.003895148769260103,0.11101173992391294,0.0642699546927917,0.33303521977173883,TM Head,middle,1,34,678,457,28,148.35886214442013
0.039589442815249266,0.2624297802893954,0.05221116047642422,0.0027479558145486432,0.2212104430711658,0.05633309419824719,0.36547812333496954,TM Head,pp,1,54,1163,682,27,170.52785923753666
0.13333333333333333,0.05098039215686275,0.1019607843137255,0.05098039215686275,0.0,0.0,0.6627450980392158,TU Deshpande,death,1,6,8,15,2,53.333333333333336
0.14285714285714285,0.4897959183673469,0.0,0.0,0.0,0.12244897959183673,0.24489795918367346,TU Deshpande,middle,1,2,10,7,1,142.85714285714286
0.041666666666666664,0.3833333333333334,0.07666666666666667,0.0,0.15333333333333335,0.03833333333333334,0.3066666666666667,Tanush Kotian,death,1,3,36,24,1,150.0
0.03333333333333333,0.4511111111111112,0.12888888888888891,0.0,0.0,0.0,0.3866666666666667,Tanush Kotian,middle,1,2,11,15,0,73.33333333333333
0.048245614035087724,0.357859649122807,0.07614035087719297,0.011421052631578945,0.12182456140350875,0.0951754385964912,0.2893333333333333,Tilak Varma,death,1,21,421,228,11,184.64912280701753
0.03753753753753754,0.4446464007867516,0.06331989884621463,0.0,0.10412605588044183,0.053470136803470125,0.29689997014558417,Tilak Varma,middle,1,45,930,666,25,139.63963963963963
0.040229885057471264,0.3084025854108956,0.04253828764288215,0.010634571910720538,0.15154264972776765,0.05317285955360269,0.3934791606966599,Tilak Varma,pp,1,42,508,348,14,145.97701149425288
0.06896551724137931,0.32104637336504155,0.09631391200951246,0.0,0.09631391200951246,0.09631391200951246,0.32104637336504155,UT Yadav,death,1,8,46,29,2,158.6206896551724
0.03333333333333333,0.4833333333333334,0.0,0.0,0.0,0.0,0.4833333333333334,UT Yadav,middle,1,1,1,2,0,50.0
0.03333333333333333,0.0,0.0,0.0,0.0,0.0,0.9666666666666667,Umran Malik,death,1,1,0,True,0,0.0
0.030303030303030304,0.40524649479873365,0.11578471279963819,0.014473089099954773,0.11578471279963819,0.08683853459972864,0.23156942559927637,Urvil Patel,death,1,5,115,66,2,174.24242424242425
0.06666666666666667,0.40935672514619886,0.07777777777777779,0.004093567251461989,0.1064327485380117,0.04093567251461989,0.2947368421052632,Urvil Patel,middle,1,18,305,225,15,135.55555555555554
0.022556390977443608,0.34706331045003813,0.04249754821837201,0.007082924703062002,0.14165849406124004,0.07082924703062002,0.3683120845592241,Urvil Patel,pp,1,14,204,133,3,153.38345864661653
0.04722222222222222,0.36913903432228035,0.1546393251890634,0.0049883653286794645,0.1371800465386853,0.0773196625945317,0.2095113438045375,V Kohli,death,1,31,684,360,17,190.0
0.031164069660861597,0.5356586210408392,0.06803381199714839,0.0017223749872695793,0.06631143700987881,0.03186393726448721,0.26524574803951523,V Kohli,middle,1,65,1316,1091,34,120.62328139321723
0.03304904051172708,0.34498250364369604,0.057997058583577885,0.0049997464296187835,0.13099335645601212,0.037998072865102754,0.3899802215102651,V Kohli,pp,1,85,1228,938,31,130.91684434968016
0.1111111111111111,0.2962962962962963,0.0,0.0,0.09876543209876543,0.09876543209876543,0.3950617283950617,V Nigam,death,1,3,13,9,1,144.44444444444446
0.03333333333333333,0.34117647058823536,0.05686274509803922,0.0,0.05686274509803922,0.05686274509803922,0.4549019607843138,V Nigam,middle,1,1,18,17,0,105.88235294117646
0.06896551724137931,0.37241379310344824,0.10862068965517241,0.0,0.17068965517241377,0.10862068965517241,0.17068965517241377,V Shankar,death,1,7,124,58,4,213.79310344827587
0.042105263157894736,0.4593984962406016,0.08796992481203009,0.0,0.048872180451127824,0.048872180451127824,0.3127819548872181,V Shankar,middle,1,10,115,95,4,121.05263157894737
0.029411764705882353,0.25692041522491343,0.08564013840830448,0.0,0.08564013840830448,0.0,0.5423875432525951,V Shankar,pp,1,3,27,34,1,79.41176470588235
0.3333333333333333,0.16666666666666669,0.0,0.0,0.08333333333333334,0.0,0.4166666666666668,V Suryavanshi,pp,1,2,6,6,2,100.0
0.11764705882352941,0.392156862745098,0.04901960784313725,0.0,0.0,0.0,0.4411764705882353,VG Arora,death,1,7,10,17,2,58.8235294117647
0.11764705882352941,0.29411764705882354,0.04901960784313725,0.04901960784313725,0.04901960784313725,0.0,0.4411764705882353,VG Arora,middle,1,2,15,17,2,88.23529411764706
0.06550218340611354,0.3932678311499272,0.0584061135371179,0.0038937409024745267,0.14017467248908297,0.08566229985443959,0.25309315866084425,VR Iyer,death,1,24,410,229,15,179.03930131004367
0.02505694760820046,0.4820671855507125,0.06485208774224831,0.004323472516149888,0.09079292283914764,0.04107298890342393,0.2918343948401174,VR Iyer,middle,1,29,571,439,11,130.06833712984056
0.06060606060606061,0.2297058172970582,0.037712895377128956,0.0034284450342844507,0.13370935633709358,0.03428445034284451,0.5005529750055298,VR Iyer,pp,1,27,308,264,16,116.66666666666667
0.06666666666666667,0.39375,0.07291666666666666,0.014583333333333334,0.058333333333333334,0.11666666666666667,0.27708333333333335,WG Jacks,death,1,7,104,60,4,173.33333333333334
0.06513409961685823,0.3949153149282057,0.05067497403946002,0.005242238693737244,0.09785512228309522,0.08911805779353316,0.29706019264511047,WG Jacks,middle,1,39,823,522,34,157.66283524904213
0.043683589138134596,0.2587029365799728,0.04864499662187523,0.005527840525213094,0.17910203301690425,0.07296749493281283,0.39137110918508705,WG Jacks,pp,1,73,1381,847,37,163.04604486422667
0.07758620689655173,0.3074712643678162,0.11825817860300622,0.007883878573533747,0.18921308576480994,0.05518715001473624,0.24440023577954614,WL Madsen,death,1,11,210,116,9,181.0344827586207
0.027863777089783284,0.4728517579714348,0.08810902322449096,0.0029369674408163656,0.10573082786938914,0.04111754417142911,0.2613901022326565,WL Madsen,middle,1,21,452,323,9,139.93808049535605
0.04285714285714286,0.2208791208791209,0.046853146853146864,0.006693306693306694,0.18071928071928076,0.040159840159840164,0.46183816183816195,WL Madsen,pp,1,16,194,140,6,138.57142857142858
0.10309278350515465,0.3509636934110265,0.07365904676527717,0.0129986553115195,0.07365904676527717,0.0389959659345585,0.3466308083071867,Washington Sundar,death,1,30,246,194,20,126.80412371134021
0.043478260869565216,0.4173913043478261,0.06956521739130435,0.005797101449275362,0.09855072463768116,0.011594202898550725,0.3536231884057971,Washington Sundar,middle,1,17,179,161,7,111.18012422360249
0.03333333333333333,0.36825396825396833,0.04603174603174604,0.0,0.1380952380952381,0.0,0.41428571428571437,Washington Sundar,pp,1,1,22,20,0,110.0
0.07142857142857142,0.32581453634085217,0.016290726817042606,0.016290726817042606,0.2117794486215539,0.13032581453634084,0.2280701754385965,YBK Jaiswal,death,1,6,125,56,4,223.21428571428572
0.06169665809768638,0.42413206616291443,0.03317234037028381,0.007108358650775103,0.13505881436472694,0.04738905767183402,0.2914427046817792,YBK Jaiswal,middle,1,30,564,389,24,144.98714652956298
0.040897097625329816,0.22718826752793084,0.03561329599086483,0.006140223446700834,0.1817506140223447,0.06017418977766816,0.4482363116091609,YBK Jaiswal,pp,1,59,1144,758,31,150.92348284960423
0.17391304347826086,0.21550094517958415,0.0,0.0,0.035916824196597356,0.0,0.5746691871455577,YS Chahal,death,1,6,10,23,4,43.47826086956522
0.6666666666666666,0.11111111111111113,0.0,0.0,0.0,0.0,0.22222222222222227,Yash Dayal,death,1,3,1,3,2,33.333333333333336
1.0,0.0,0.0,0.0,0.0,0.0,0.0,Yash Dayal,middle,1,1,0,True,1,0.0
0.13333333333333333,0.2708333333333333,0.05416666666666667,0.0,0.0,0.05416666666666667,0.4875,Yash Thakur,death,1,3,13,15,2,86.66666666666667
0.03333333333333333,0.4833333333333334,0.0,0.0,0.0,0.0,0.4833333333333334,Yash Thakur,middle,1,1,1,2,0,50.0
0.3333333333333333,0.22222222222222224,0.07407407407407408,0.0,0.07407407407407408,0.0,0.29629629629629634,Yudhvir Singh,death,1,5,9,9,3,100.0
