team,points,matches_played,runs_for,balls_for,runs_against,balls_against,NRR,pts/match,Rank
SRH,52,38,7473,4395,7155,4516,0.6958,1.37,1
KKR,44,37,6696,4350,6510,4293,0.1373,1.19,2
DC,40,36,7342,4179,7307,4213,0.1349,1.11,3
GT,40,37,7300,4350,7187,4311,0.0662,1.08,4
RCB,39,38,7290,4452,7394,4406,-0.2442,1.03,5
LSG,36,36,7073,4206,6980,4266,0.2727,1.0,6
RR,34,35,6458,4092,6545,4057,-0.2104,0.97,7
PBKS,28,35,6301,4078,6290,4111,0.0905,0.8,8
MI,27,35,6667,4091,6967,4133,-0.3362,0.77,9
CSK,22,35,6642,4147,6907,4034,-0.6633,0.63,10
