Date,Venue,Day,Team One,Team Two,num,Matchday,Spin:Pace,Spin,Pace
2026-09-19,SRH,Sat,SRH,KKR,1,1,37:63,37.0,63
2026-09-19,DC,Sat,DC,LSG,2,1,67:33,67.0,33
2026-09-19,GT,Sat,GT,RCB,3,1,66:34,66.0,34
2026-09-19,MI,Sat,MI,RR,4,1,25:75,25.0,75
2026-09-19,PBKS,Sat,PBKS,CSK,5,1,70:30,70.0,30
2026-09-20,MI_2,Sun,MI,DC,6,2,28:72,28.0,72
2026-09-20,GT_2,Sun,GT,KKR,7,2,61:39,61.0,39
2026-09-20,RCB,Sun,RCB,RR,8,2,26:74,26.0,74
2026-09-20,SRH,Sun,SRH,PBKS,9,2,33:67,33.0,67
2026-09-20,LSG,Sun,LSG,CSK,10,2,30:70,30.0,70
2026-09-26,KKR,Sat,KKR,MI,11,3,60:40,60.0,40
2026-09-26,RCB,Sat,RCB,SRH,12,3,78:22,78.0,22
2026-09-26,RR,Sat,RR,CSK,13,3,75:25,75.0,25
2026-09-26,LSG,Sat,LSG,DC,14,3,20:80,20.0,80
2026-09-26,PBKS,Sat,PBKS,GT,15,3,67:33,67.0,33
2026-09-27,CSK,Sun,CSK,SRH,16,4,68:32,68.0,32
2026-09-27,RR,Sun,RR,MI,17,4,77:23,77.0,23
2026-09-27,KKR,Sun,KKR,DC,18,4,20:80,20.0,80
2026-09-27,PBKS,Sun,PBKS,RCB,19,4,67:33,67.0,33
2026-09-27,LSG_2,Sun,LSG,GT,20,4,25:75,25.0,75
2026-10-03,DC,Sat,DC,RCB,21,5,80:20,80.0,20
2026-10-03,LSG,Sat,LSG,PBKS,22,5,25:75,25.0,75
2026-10-03,CSK,Sat,CSK,MI,23,5,63:37,63.0,37
2026-10-03,GT_2,Sat,GT,RR,24,5,65:35,65.0,35
2026-10-03,KKR,Sat,KKR,SRH,25,5,24:76,24.0,76
2026-10-04,CSK,Sun,CSK,DC,26,6,:100,,100
2026-10-04,SRH,Sun,SRH,LSG,27,6,:100,,100
2026-10-04,RCB,Sun,RCB,KKR,28,6,:100,,100
2026-10-04,RR,Sun,RR,PBKS,29,6,:100,,100
2026-10-04,GT,Sun,GT,MI,30,6,:100,,100
2026-10-10,CSK,Sat,CSK,PBKS,31,7,:100,,100
2026-10-10,SRH,Sat,SRH,DC,32,7,:100,,100
2026-10-10,KKR,Sat,KKR,GT,33,7,:100,,100
2026-10-10,RCB,Sat,RCB,MI,34,7,:100,,100
2026-10-10,RR,Sat,RR,LSG,35,7,:100,,100
2026-10-11,SRH,Sun,SRH,CSK,36,8,:100,,100
2026-10-11,MI,Sun,MI,KKR,37,8,:100,,100
2026-10-11,RR,Sun,RR,GT,38,8,:100,,100
2026-10-11,DC,Sun,DC,PBKS,39,8,:100,,100
2026-10-11,LSG,Sun,LSG,RCB,40,8,:100,,100
2026-10-17,DC,Sat,DC,GT,41,9,:100,,100
2026-10-17,KKR,Sat,KKR,LSG,42,9,:100,,100
2026-10-17,RCB,Sat,RCB,PBKS,43,9,:100,,100
2026-10-17,SRH,Sat,SRH,RR,44,9,:100,,100
2026-10-17,MI,Sat,MI,CSK,45,9,:100,,100
2026-10-18,RR,Sun,RR,SRH,46,10,:100,,100
2026-10-18,RCB,Sun,RCB,DC,47,10,:100,,100
2026-10-18,CSK,Sun,CSK,GT,48,10,:100,,100
2026-10-18,PBKS,Sun,PBKS,KKR,49,10,:100,,100
2026-10-18,MI,Sun,MI,LSG,50,10,:100,,100
2026-10-24,SRH,Sat,SRH,RCB,51,11,:100,,100
2026-10-24,PBKS,Sat,PBKS,RR,52,11,:100,,100
2026-10-24,DC,Sat,DC,KKR,53,11,:100,,100
2026-10-24,GT,Sat,GT,CSK,54,11,:100,,100
2026-10-24,LSG,Sat,LSG,MI,55,11,:100,,100
2026-10-25,RR,Sun,RR,DC,56,12,:100,,100
2026-10-25,GT,Sun,GT,LSG,57,12,:100,,100
2026-10-25,CSK,Sun,CSK,RCB,58,12,:100,,100
2026-10-25,KKR,Sun,KKR,PBKS,59,12,:100,,100
2026-10-25,MI,Sun,MI,SRH,60,12,:100,,100
2026-10-31,CSK,Sat,CSK,KKR,61,13,:100,,100
2026-10-31,LSG,Sat,LSG,SRH,62,13,:100,,100
2026-10-31,MI,Sat,MI,PBKS,63,13,:100,,100
2026-10-31,RCB,Sat,RCB,GT,64,13,:100,,100
2026-10-31,DC,Sat,DC,RR,65,13,:100,,100
2026-11-01,MI,Sun,MI,RCB,66,14,:100,,100
2026-11-01,KKR,Sun,KKR,RR,67,14,:100,,100
2026-11-01,GT,Sun,GT,SRH,68,14,:100,,100
2026-11-01,PBKS,Sun,PBKS,LSG,69,14,:100,,100
2026-11-01,DC,Sun,DC,CSK,70,14,:100,,100
,KKR,Wed,,,71,15,:100,,100
,KKR,Wed,,,72,16,:100,,100
,SRH,Sat,,,73,17,:100,,100
,SRH,Sun,,,74,18,:100,,100
